symbol,_id,address,business_scope,chairman,city,descrpt,email,main_business,manager,province,reg_capital,secretary,setup_date,website,company,dividend_startyear,exchange,exchange_,group,groupcode,index_stockid,industry,industrycode,mktcap_norm_cny,pchange_12w,pchange_ytd,price,sector,sectorcode,share_percentage,shares,value,position,change,share_change,impact,abs_impact,split_factor,price_max,price_min,price_avg,change_from_average,portdate,action,comment,oid
002568,2020Q4_1752402,上海市浦东新区康桥工业区康桥东路558号,香精香料的制造加工。香精香料化工原料及产品批发零售；经营本企业自产产品的出口业务和本企业所需的机械设备、零配件、原辅材料的进口业务(但国家限定公司经营或禁止进出口的商品及技术除外)，本企业包括本企业控股的成员企业。企业管理、投资与资产管理(涉及行政许可的，凭许可证经营)。,刘晓东,上海市,公司是国内最早将感官鉴评技术全面应用于调香及应用领域的香精制造企业之一。是国内最早同时通过ISO9001:2000质量管理体系及HACCP食品安全卫生保证体系认证的香精制造商之一。公司原主要从事香精香料的研发、生产和销售业务，经过对巴克斯酒业进行并购重组后，成为香精香料和预调鸡尾酒双主营业务发展的公司。公司拥有的“百润”是上海市著名商标、上海市名牌产品，百润股份是中国香精香料行业十强企业；巴克斯酒业旗下的“RIO(锐澳)”牌预调鸡尾酒为上海市著名商标、上海市名牌产品、上海名优食品，是预调鸡尾酒行业的领导品牌；两大品牌均获得客户的广泛认可，具有巨大的品牌价值。公司香精香料业务和预调酒鸡尾酒业务的品质保证体系均运行良好。,Angela.geng@bairun.net;bairun@bairun.net,"主要从事食用香精和烟用香精产品的研究,开发,生产与销售业务.主要产品为食用香精和烟用香精两大类千余种香精产品,是乳品,饮料,糖果,烘焙,冰品,肉制品,调味品和烟草等行业产品的重要配套原料.",刘晓东,上海,74978.51,耿涛,19970619,www.bairun.net,百润股份,2018,SZSE,SZSE,化工,10130,-,特种化学制品,10130020,65121540000,11.22,18.48,¥84.90,基础材料,101,0.75,5600000,417161000,5.1,10000.0,5600000,5.1,5.1,1.4,74.49,31.98,47.66,78.14,2020-12-31T05:00:00Z,{1_trade_buy},{trade_buy},2020Q4_1752402
300274,2020Q4_1752416,安徽省合肥市高新区习友路1699号,新能源发电设备、分布式电源，及其配套产品的研制、生产、销售、服务、系统集成及技术转让；新能源发电工程、制氢系统及新能源汽车充换电设施的设计、开发、投资、建设和经营；电力电子设备、电气传动及控制设备、不间断电源、储能电源、制氢设备、新能源汽车充换电设备及系统、电能质量控制装置的研制、生产及销售；货物或技术进出口(国家禁止或涉及行政审批的货物或技术进出口除外)。,曹仁贤,合肥市,公司是一家专注于太阳能、风能等可再生能源电源产品研发、生产、销售和服务的国家重点高新技术企业。公司是中国目前较大的光伏逆变器制造商、国内领先的风能变流器企业，拥有完全自主知识产权。主要产品有光伏逆变器、风能变流器、储能系统、电动车电机控制器，并致力于提供全球一流的光伏电站解决方案。公司先后承担多项国家重大科技计划项目，主持起草了多项国家标准，并取得了多项重要成果和专利。产品先后成功应用于上海世博会、北京奥运鸟巢、京沪高铁上海虹桥站、国家送电到乡工程、南疆铁路、青藏铁路等众多重大光伏和风力发电项目。公司先后荣获“国家重点新产品”、国家发改委“技术进步优秀项目奖”、“中国新能源企业30强”、“中国驰名商标”、“安徽著名商标”、全球新能源企业500强、国家级“守合同重信用”企业、安徽“最佳雇主”等荣誉，是国家级博士后科研工作站设站企业、国家高技术产业化示范基地、国家认定企业技术中心、《福布斯》“中国最具发展潜力企业”等。,dshms@sungrow.cn;kangml@sungrowpower.com,"主营业务是太阳能光伏逆变器,风能变流器及其它电力电源的研发,生产,销售和服务,为可再生能源发电行业用户提供系统解决方案.公司主要产品为光伏逆变器,风能变流器.",曹仁贤,安徽,145693.94,解小勇,20070711,www.sungrowpower.com,阳光电源,2019,SZSE,SZSE,工业制品,31070,-,电子器械和零件,31070060,184807166000,88.9,80.33,¥127.00,工业,310,0.32,4703600,339976200,4.15,10000.0,4703600,4.15,4.15,1.0,74.7,15.19,33.87,274.96,2020-12-31T05:00:00Z,{1_trade_buy},{trade_buy},2020Q4_1752416
688111,2020Q4_1752461,北京市海淀区西二旗中路33号院小米科技园D栋,开发办公软件；销售自行研发的软件产品；计算机系统集成；技术服务、技术咨询；批发计算机软、硬件及辅助设备、通信产品，货物进出口、技术进出口；(不涉及国营贸易管理商品；涉及配额许可证管理商品的按照国家有关规定办理申请手续)，设计、制作、代理、发布广告。(市场主体依法自主选择经营项目，开展经营活动；依法须经批准的项目，经相关部门批准后依批准的内容开展经营活动；不得从事国家和本市产业政策禁止和限制类项目的经营活动。),邹涛,北京市,公司是国内领先的办公软件和服务提供商，主要从事WPS Office办公软件产品及服务的设计研发及销售推广。公司拥有办公软件领域30余年研发经验及技术积累，旗下主要产品及服务皆由公司自主研发，对核心技术具有自主知识产权。公司重点针对文字排版技术、电子表格计算技术、动画渲染技术、在线协同编辑、安全文档以及数据协同共享等多种关键技术进行深入研究，通过核心技术的突破，建立互联网云办公应用服务体系，创建智能办公新模式，全面提升用户体验。2018年12月，公司主要产品月度活跃用户数(MAU)超过3.10亿，其中WPS Office桌面版月度活跃用户数超过1.20亿，领先其他国产办公软件；WPSOffice移动版月度活跃用户数超过1.81亿；公司其他产品(如金山词霸等)月度活跃用户数接近0.10亿。WPS Office移动版已覆盖全球超过220个国家和地区，在全球Google Play、中国App Store的办公软件应用市场中排名前列，并持续保持领先地位。为适应客户的安全可靠需求，公司自主研发的WPS Office Linux版本已经全面支持国产整机平台(如：龙芯、飞腾、兆芯、申威等芯片)和国产操作系统，并在国家“十二五,Ir@wps.cn,"主要从事WPS Office办公软件产品及服务的设计研发及销售推广.公司产品主要包括WPS Office办公软件和金山词霸等,可在Windows,Linux,MacOS,Android,iOS等众多主流操作平台上应用;公司服务主要包括基于公司产品及相关文档的增值服务以及互联网广告推广服务,为客户提供一站式,多平台应用解决方案.",章庆元,北京,46100.0,宋涛,20111220,www.wps.cn,金山办公,0,SHSE,SHSE,软件,31110,-,软件应用,31110020,182776712000,31.87,-2.65,¥397.70,科技,311,0.19,880000,333241000,4.07,10000.0,880000,4.07,4.07,1.0,411.0,290.7,336.11,18.32,2020-12-31T05:00:00Z,{1_trade_buy},{trade_buy},2020Q4_1752461
600298,2020Q4_1752443,湖北省宜昌市城东大道168号,食品加工用酵母及酵母类制品、酒曲、调味品、饮料、保健食品、食品添加剂、食品生产销售；特殊医学用途配方、特殊膳食食品的研发、生产、销售；乳制品(含婴幼儿配方乳粉)、日化用品销售；生化产品、日化用品原料的研制、开发、生产、销售(不含危险化学品、需持许可证经营的生化产品除外)；生化设备、自控仪表、电气微机工程的加工、安装、调试；货物进出口、技术进出口业务(国家限定进出口的货物及技术除外)；普通货运(涉及许可经营项目，应取得相关部门许可后方可经营)。片剂、颗粒剂、硬胶囊剂、原料药、干酵母制售(限持有效许可证的分支机构经营)。生产销售饲料、饲料添加剂(涉及许可经营项目，应取得相关部门许可后方可经营)；生产、销售肥料(含无机肥)、水溶肥料(不含危险化学品类肥料)。互联网信息服务(不包括新闻、出版、教育、药品和医疗器械以及电子公告服务等内容)；家用电器、厨房用具销售；一类、二类和三类体外诊断试剂(不含危险化学品、易制毒化学品)销售；设计、制作、代理、发布国内各类广告；技术开发、技术转让、技术服务、技术咨询、技术培训；检验检测服务；代理记账报税。,熊涛,宜昌市,公司是研究天然酵母，并进行规模化制造的专业化公司，酵母产业化水平在国内处于领先地位，是酵母行业唯一的高科技上市公司。公司主导产品包括面包酵母、酿酒酵母、酵母抽提物、营养健康产品、生物饲料添加剂等，产品广泛应用于烘焙食品、发酵面食、酿酒及酒精工业、食品调味、医药及营养保健、动物营养等领域。公司产品品种多、规格全，能提供5克至25千克各种规格的产品；销售到欧洲、美洲、澳洲、非洲、亚洲150多个国家和地区，可快速运输到指定的交货地。公司技术中心被认定为国家级企业技术中心，是全国“守合同、重信用”企业、中国人民银行AAA信誉等级企业。,zbj@angelyeast.com;gaolu@angelyeast.com;angel@angelyeast.com,"主要产品:公司主要产品包括:酵母及深加工产品,保健食品,特殊营养食品,烘焙原料,食品添加剂,乳制品,调味品等.",肖明华,湖北,83286.09,周帮俊,19980325,www.angelyeast.com,安琪酵母,2005,SHSE,SHSE,农副加工食品,20525,-,加工食品,20525040,44960378000,-6.06,7.29,¥52.92,非周期性消费,205,0.71,5883400,296939500,3.63,10000.0,5883400,3.63,3.63,1.0,62.88,45.6,51.3,3.16,2020-12-31T05:00:00Z,{1_trade_buy},{trade_buy},2020Q4_1752443
603027,2020Q4_1752449,四川省眉山市东坡区城南岷家渡,生产、经营食品及食品添加剂、饲料及饲料添加剂；经营进出口业务；农副产品种植、加工、销售。,伍超群,眉山市,公司专业从事酱油、食醋等调味品的研发、生产和销售。目前形成了以酱油、食醋、料酒等为主的调味品产品系列和以焦糖色为主的食品添加剂产品系列。公司是全国农产品加工业示范企业，国家级两化融合管理体系贯标试点企业，中国调味品协会副会长单位，四川省博士后创新实践基地，四川省级企业技术中心和四川省优秀民营企业。公司的“千禾”牌酱油主要选用非转基因黄豆、非转基因食用大豆粕、有机黄豆、小麦/有机小麦为原料，采用先进的种曲机、管道连续蒸煮、圆盘制曲机等生产设备和工艺，按照高盐稀态发酵工艺，经过长时间发酵而制成纯酿造酱油。公司的“千禾”牌食醋主要采用传统酿造工艺，精选优质糯米、荞麦、小麦、高粱、玉米五种粮食生产的纯酿造食醋，并结合窖藏工艺生产窖醋。“千禾”商标是四川省著名商标，千禾牌酿造酱油、食醋为四川省名牌产品。公司是国内主要的焦糖色生产企业，“恒泰”商标是中国驰名商标。,irm@qianhefood.com,"专业从事酱油,食醋等调味品和焦糖色等食品添加剂的研发,生产和销售.公司形成了以酱油,食醋等为主的调味品产品和以焦糖色为主的食品添加剂产品系列.",伍超群,四川,79881.04,吕科霖,19960131,www.qianhefood.com,千禾味业,2020,SHSE,SHSE,农副加工食品,20525,-,加工食品,20525040,21823255000,-8.21,-11.6,¥27.44,非周期性消费,205,0.9,7200000,224279400,2.74,10000.0,7200000,2.74,2.74,1.2,27.61,15.07,20.56,33.46,2020-12-31T05:00:00Z,{1_trade_buy},{trade_buy},2020Q4_1752449
000661,2020Q4_1752397,吉林省长春市同志街2400号火炬大厦5层,高新技术产品的开发、生产、销售及服务基础设施的开发建设、新药开发、技术转让、咨询服务；物业管理；高新成果转让及中介服务；商业供销业(国家有专项限制经营的商品除外)；餐饮、娱乐、旅馆(办时需许可)；培训；集中供热；产业投资(医药产业)(以上各项仅限分公司、子公司持证经营)。绿化景观工程设计、施工及维护、企业营销策划、广告策划、社会经济信息咨询、房地产中介服务、房屋销售代理(仅限分支机构持证经营)；企业管理咨询(以上各项国家法律法规禁止的不得经营；应经专项审批的项目未获得批准之前不得经营)*,马骥,长春市,公司于1993年6月成立，是东北地区最早的一批上市公司之一。公司主营业务以生物制药、中成药生产及销售为主，辅以房地产开发、物业管理等。上市多年来，公司凝炼并秉持“创新、专注、包容、共享”的发展理念，坚持以科技创新为源动力，主导产业成功实现由服务于开发区基础设施建设向生物制药及健康产业的转型，随着医药产业项目的成功孵化并壮大，支撑了经营业绩的快速增长，目前公司已成为国内生物医药领域具有一定技术领先优势的上市公司。,zds000661@163.com;zds@ccht.jl.cn;000661@ccht.jl.cn,"主要产品:基因重组人生长素,血栓心脉宁,冠脉宁.",姜云涛,吉林,40472.03,张德申,19930610,www.ccht.jl.cn,长春高新,2013,SZSE,SZSE,医药制造,20620,-,专用医药制造,20620020,156738684000,-12.65,-12.45,¥380.20,医疗保健,206,0.11,450000,202020300,2.47,10000.0,450000,2.47,2.47,1.0,503.22,329.98,412.5,-7.83,2020-12-31T05:00:00Z,{1_trade_buy},{trade_buy},2020Q4_1752397
002847,2020Q4_1752406,湖南省长沙市雨花区沙湾路运达中央广场写字楼A座32楼,预包装食品；干果、坚果、海味干货、散装食品、食品的销售；糕点、糖果及糖的批发；饼干及其他焙烤食品、糖果、巧克力、米、面制品、方便面及其他方便食品、蔬菜、水果罐头、熟食品、糕点、面包、豆制品的制造；食品的互联网销售；糕点、面包、熟食、进口食品的零售；肉制品及副产品、蔬菜、水果和坚果、鱼糜制品及水产品干腌制、蛋品的加工；收购农副产品；蜜饯制作；酱腌菜生产；自营和代理各类商品及技术的进出口，但国家限定公司经营或禁止进出口的商品和技术除外；普通货物运输。(依法须经批准的项目，经相关部门批准后方可开展经营活动),张学武,长沙市,公司是一家专业从事食品科研、生产、加工、销售于一体的综合型企业。公司秉承“好零食，盐津造”的品牌理念，专业、专注于休闲食品行业，以具有地方特色的凉果蜜饯产品发轫，推陈出新，建立起中国传统特色小品类休闲食品全品类产品体系，主要包括休闲豆制品、凉果蜜饯、坚果炒货、休闲素食、休闲肉制品、糕点制品等“盐津铺子”系列产品。经过多年的发展，公司在原料配方、生产工艺、技术设备、质量标准、产品质量、品牌信誉方面达到了行业领先水平。以“直营商超主导、经销跟随”的营销网络发展理念，以点带面，形成了多层次、广覆盖、高效率的立体营销网络，销售区域覆盖全国31个省、自治区和直辖市，已经成为沃尔玛、家乐福、麦德龙、大润发等跨国超大型连锁超市，以及华润万家、步步高、人人乐、天虹百货、中百等国内知名连锁商超的核心供应商，是我国较具影响力、产品品类较为齐全的小品类休闲食品企业之一。,yjpzzqb@yanjinpuzi.com,"公司一直专业从事小品类休闲食品的研发,生产和销售.主要产品为“盐津铺子”品牌的休闲食品,包括休闲豆制品,凉果蜜饯,坚果炒货,休闲素食,休闲肉制品五大类近百种产品.",张学武,湖南,12936.0,朱正旺,20050804,www.yanjinpuzi.com,盐津铺子,2017,SZSE,SZSE,农副加工食品,20525,-,加工食品,20525040,11136602000,-31.15,-20.99,¥77.48,非周期性消费,205,1.16,1500100,164173400,2.01,10000.0,1500100,2.01,2.01,1.0,152.83,93.5,125.66,-38.34,2020-12-31T05:00:00Z,{1_trade_buy},{trade_buy},2020Q4_1752406
688408,2020Q4_1752464,,,,,,,,,,,,,,中信博,0,SHSE,SHSE,半导体,31130,-,太阳能,31130030,31095722000,74.99,32.66,¥229.25,科技,311,0.43,580100,99050200,1.21,10000.0,580100,1.21,1.21,1.0,187.25,77.8,133.72,71.44,2020-12-31T05:00:00Z,{1_trade_buy},{trade_buy},2020Q4_1752464
300014,2020Q4_1752412,广东省惠州市仲恺高新区惠风七路38号,研发、生产、销售：锂一次电池、锂二次电池、锂聚合物电池、锂离子电池、锂电池(组)、锂离子蓄电池组、镍氢电池、镍镉电池、碱性电池、锌锰电池、动力电池系统和电池管理系统、锂电池(组)的充、放电设备、锂电池(组)配套维护设备、锂电池储能系统、电池材料，纳米新材料、水表、气表、电表的半成品及其配件制造，技术研发、开发及转让，货物进出口，房屋租赁，加工服务，设备租赁，物业管理，合同能源管理，锂电池相关技术咨询服务，电池相关的维修服务。(依法须经批准的项目，经相关部门批准后方可开展经营活动。),刘金成,惠州市,公司是国家级高新技术企业，专注于锂电池的创新发展。经过多年的努力，公司锂亚电池居世界前列，锂原电池居国内领先地位。公司主营业务是锂原电池和锂离子电池的研发、生产、销售，也以客户需求为导向提供锂电池相关的配套产品和服务。近几年，公司聚焦动力、储能市场领域，采用高度自动化与信息化的生产方式，为客户提供一流产品和服务，已形成锂原电池、锂离子电池、电源系统等核心业务，产品覆盖智能电网、智能交通、智能安防，储能，新能源汽车，特种行业等市场。公司以“做世界上最好的锂电池，成为行业领先企业”为愿景，以市场为导向，以世界先进的技术与自动化的生产方式，致力于为社会提供高可靠性的锂电池，同时不断追求卓越，专注创新，致力于打造一流“智慧互联能源”方案提供商。,ir@evebattery.com,"主营业务:锂原电池和锂离子电池的研发,生产,销售,也以客户需求为导向提供锂电池相关的配套产品和服务.",刘建华,广东,188846.07,江敏,20011224,www.evebattery.com,亿纬锂能,2020,SZSE,SZSE,工业制品,31070,-,电子器械和零件,31070060,236615765000,71.31,55.77,¥122.97,工业,310,0.04,799900,65193100,0.8,10000.0,799900,0.8,0.8,1.0,81.5,44.85,57.56,113.64,2020-12-31T05:00:00Z,{1_trade_buy},{trade_buy},2020Q4_1752412
600823,2020Q4_1752446,上海市浦东新区潍坊西路55号上海世茂大厦7楼,"实业投资，房地产综合开发经营，本公司商标特许经营，酒店管理，物业管理，货物进出口及技术进出口,针纺织品,服装鞋帽,日用百货,皮革制品,玩具,钟表眼镜,照相器材,文化用品,五金交电,日用化学品,建筑装潢材料，家具,金属材料,电子产品,办公用品,机械设备,工艺美术品,计算机硬件、软件的批发、零售(拍卖除外)。",刘赛飞,上海市,公司是世茂集团布局生态住宅、商业地产及旅游地产的三大业务板块之一，始终以“缔造精致商业”为己任，致力于商业地产的专业化销售和经营。历经十余年的探索和努力，公司现已成为国内商业地产的龙头企业。公司秉承“诚信、协作、创新、卓越”的企业精神，多年来立足于中国房地产高端市场，凭借先进的开发理念、优异的开发品质、完善的服务管理和独具特色的项目创意，先后成功开发了上海世茂湖滨花园、福州世茂外滩花园、绍兴世茂广场、福州世茂百货和苏州世茂国际影城等项目，为“世茂”品牌赢得了广泛的社会知名度和美誉度，形成了长三角、环渤海和海西地区为主的战略布局。,600823@shimaoco.com,"主营业务为专注于商业地产投资,开发与经营.",刘赛飞,上海,375116.83,俞峰,19920701,www.shimaoco.com,世茂股份,2018,SHSE,SHSE,房地产,10410,-,房地产开发,10410010,14815432000,-7.48,-14.1,¥3.77,房地产,104,0.27,10000000,46100000,0.56,10000.0,10000000,0.56,0.56,1.0,7.1,4.3,5.56,-32.19,2020-12-31T05:00:00Z,{1_trade_buy},{trade_buy},2020Q4_1752446
300124,2020Q4_1752414,"广东省深圳市宝安区新安街道留仙二路鸿威工业园E栋厂房1,2,3,4,5楼",一般经营项目：工业自动化产品、新能源产品、新能源汽车、自动化装备、机械电子设备、物联网产品、机电产品和各种软件的研发、设计、系统集成、销售和技术服务(以上不含限制项目)；房屋租赁；投资兴办实业(具体项目另行申报)；经营进出口业务(法律、行政法规、国务院决定禁止的项目除外，限制的项目须取得许可后方可经营)。许可经营项目：工业自动化产品、新能源产品、新能源汽车、自动化装备、机械电子设备、物联网产品、机电产品和各种软件的生产。,朱兴明,深圳市,公司是专门从事工业自动化和新能源相关产品研发、生产和销售的高新技术企业。经过十多年的发展，公司已经从单一的变频器供应商发展成机电液综合产品及解决方案供应商。目前公司主要产品包括：①服务于智能装备领域的工业自动化产品，②服务于工业机器人领域的核心部件、整机及解决方案，③服务于新能源汽车领域的动力总成产品，④服务于轨道交通领域的牵引与控制系统，⑤服务于设备后服务市场的工业互联网解决方案。公司专注于工业自动化控制产品的研发、生产和销售，定位服务于中高端设备制造商，以拥有自主知识产权的工业自动化技术为基础，在经营过程中坚持进口替代、行业营销、为细分市场客户提供整体解决方案的经营模式，实现企业价值与客户价值共同成长。在工业自动化产品方面，公司已经成为国内最大的中低压变频器与伺服系统供应商；在电梯行业，公司已经成为行业领先的电梯一体化控制器供应商；在新能源汽车领域，公司已经成为我国新能源汽车电机控制器的领军企业。公司是国家高新技术企业，掌握了高性能矢量变频技术、PLC技术、伺服技术和永磁同步电机等核心平台技术。,songjunen@inovance.com;chenmaorong@inovance.com;fanxin@inovance.com,"主要产品为低压变频器,伺服系统,可编程逻辑控制器,一体化及专机等工业自动化控制产品.主营业务:工业自动化控制产品的研发,生产和销售.",朱兴明,广东,257958.52,宋君恩,20030410,www.inovance.com,汇川技术,2020,SZSE,SZSE,工业制品,31070,-,电子器械和零件,31070060,194405894000,42.01,22.51,¥72.66,工业,310,0.02,525000,32655900,0.4,10000.0,525000,0.4,0.4,1.5,62.2,25.18,43.12,68.51,2020-12-31T05:00:00Z,{1_trade_buy},{trade_buy},2020Q4_1752414
002705,2020Q4_1752403,广东省佛山市顺德区勒流镇龙洲路,生产经营电蒸汽熨斗、搅拌机、咖啡壶、开水器、面包机、电动牙刷、冲牙器、牙齿美白器、消毒器、充电器、口腔护理类产品、按摩器、家用美容美体类仪器、家用理疗护理类仪器、家用美发造型类仪器等家用电器产品，水处理设备，机械设备，锂离子电池、镍氢电池、镍镉电池、动力电池（用于家电产品、数码产品，移动电源），模具、电机、电路板等电器产品散件、零配件，塑料制品（国家限制、禁止类除外）、工程塑料、精密压铸件；销售食品添加剂；商品营销推广服务，本公司品牌授权；从事产品设计、模具设计、嵌入式软件设计、认证测试等服务，为企业提供管理服务。(依法须经批准的项目，经相关部门批准后方可开展经营活动)。,郭建刚,佛山市,公司是国内最大的小家电产品ODM/OBM制造商之一，主营业务为设计研发、生产、销售电热水壶、电热咖啡机等小家电产品，拥有丰富的产品线，能够满足国际知名品牌商、零售商“一站式”采购的需要。“Donlim”商标为“中国驰名商标”。公司是中国工业设计协会常务理事单位，主导、参与了多项国家标准的制定，建立了(CNAS)及一系列国际权威机构认可的实验室，拥有一千余项专利，并先后获得中国创新设计“红星奖”、中国创新设计“红棉奖”、“省长杯”广东工业设计奖。,investor@donlim.com,"主营业务:设计研发,生产,销售小家电产品.",曾展晖,广东,82672.78,陈景山,19951211,www.donlim.com,新宝股份,2014,SZSE,SZSE,硬件,31120,-,消费类电子产品,31120030,19639764000,-27.99,-41.96,¥23.20,科技,311,0.06,500000,19755000,0.24,10000.0,500000,0.24,0.24,1.0,50.39,34.07,43.48,-46.64,2020-12-31T05:00:00Z,{1_trade_buy},{trade_buy},2020Q4_1752403
688050,2020Q4_1752458,北京市昌平区科技园区兴昌路9号,生产医疗器械及其配件第Ⅱ类、第Ⅲ类；生产消毒产品；生产食品；生产医疗器械及其配件第Ⅰ类、卫生用品、日用品、化妆品、眼镜、仪器仪表设备及其配件；生产药品；零售药品；销售医疗器械及其配件第Ⅲ类；销售消毒产品；销售食品；销售医疗器械及其配件第Ⅰ类、第Ⅱ类、卫生用品、日用品、化妆品、眼镜、仪器仪表设备及其配件、化工产品(不含危险化学品)；技术开发、技术转让、技术咨询、技术服务(不含人体干细胞、基因诊断与治疗技术开发和应用)；医学研究与试验发展(不含人体干细胞、基因诊断与治疗技术开发和应用)；技术检测；验光及配镜服务；健康咨询；企业管理咨询；办公用房租赁；物业管理；货物进出口、技术进出口、代理进出口、佣金代理(不涉及国营贸易管理商品；涉及配额许可证管理商品的按国家有关规定办理申请手续)。(企业依法自主选择经营项目，开展经营活动；依法须经批准的项目，经相关部门批准后开展经营),解江冰,北京市,"公司是由国家“千人计划”和北京市“海聚工程”特聘专家解江冰博士创办的高新技术企业，专注于眼科医疗器械的自主研发、生产、销售及相关服务。目前公司主要产品覆盖手术和视光两大领域，主要针对白内障和屈光不正这两大类造成致盲和视力障碍的主要眼科疾病，其中手术领域的核心产品为人工晶状体，视光领域的核心产品为角膜塑形镜，以及围绕这两项核心产品研发生产的一系列配套产品。公司中长期发展目标是开发眼科全系列医疗产品，包括植入类眼科耗材、手术器械、手术设备、视光产品、眼科制剂等产品，覆盖白内障、屈光不正、青光眼、眼底病变等诸多领域，成为国内眼科医疗领域的创新型领军企业。公司专利ZL201210017055.4后房型人工晶状体获得“第二十一届中国专利优秀奖”。公司人工晶状体产品上市以来，已覆盖国内30多个省、自治区和直辖市的1,000多家医院，并且已出口至德国、法国、荷兰、意大利、奥地利、卢森堡、泰国、巴基斯坦等国家，累计销售近100万片。2015年至今，公司产品密集入选中国政府对非洲和“一带一路”国家“光明行”医疗援助项目，为20多个国家的患者带来光明，打破了中国白内障医疗援外项目主要使用进口人工晶状体的局面。",investors@ebmedical.com,"专注于眼科医疗器械的自主研发,生产,销售及相关服务.目前公司主要产品覆盖手术和视光两大领域,主要针对白内障和屈光不正这两大类造成致盲和视力障碍的主要眼科疾病,其中手术领域的核心产品为人工晶状体,视光领域的核心产品为角膜塑形镜,以及围绕这两项核心产品研发生产的一系列配套产品.",解江冰,北京,10513.93,王韶华,20100421,www.ebmedical.com,爱博医疗,0,SHSE,SHSE,医疗器械,20650,-,医疗器械和供给,20650020,33141138000,74.69,87.53,¥314.80,医疗保健,206,0.0,3500,593600,0.01,10000.0,3500,0.01,0.01,1.0,293.18,164.4,205.37,53.28,2020-12-31T05:00:00Z,{1_trade_buy},{trade_buy},2020Q4_1752458
300999,2020Q4_1752442,,,,,,,,,,,,,,金龙鱼,0,SZSE,SZSE,农副加工食品,20525,-,加工食品,20525040,447162200000,14.96,-23.3,¥80.53,非周期性消费,205,0.0,12100,1069500,0.01,10000.0,12100,0.01,0.01,1.0,108.32,44.47,68.22,18.04,2020-12-31T05:00:00Z,{1_trade_buy},{trade_buy},2020Q4_1752442
688133,2020Q4_1752462,上海市徐汇区石龙路89号,许可项目：非药品类易制毒化学品经营(详见备案证明)，危险化学品经营(批发租用储存设施)(许可范围详见副本)。(依法须经批准的项目，经相关部门批准后方可开展经营活动，具体经营项目以相关部门批准文件或许可证件为准)一般项目：从事计算机科技、生物技术、化工原料及产品领域内的技术开发、技术转让、技术咨询、技术服务，化工设备、化工原料及产品(除监控化学品、烟花爆竹、民用爆炸物品、易制毒化学品)、实验室仪器、仪器仪表、机械设备、电子产品、办公用品、日用百货、家具、实验室设备销售，医疗器械经营，商业信息咨询(除经纪)，设计、制作各类广告，电脑图文设计、制作，会展会务服务，计算机软件开发、销售，建筑装修装饰建设工程专业施工，机电设备安装建设工程专业施工，信息系统集成服务，环保建设工程专业施工，环境工程建设工程专项设计，非药品类易制毒化学品经营(详见备案证明)，自有设备租赁，实验室仪器设备的安装、调试、维修(限上门)，从事货物及技术进出口业务。(除依法须经批准的项目外，凭营业执照依法自主开展经营活动),张庆,上海市,"公司是一家立足于中国的科研领域，聚焦于科研创新“实验室场景”，以科研试剂、科研仪器及耗材、实验室建设及科研信息化服务三大产品体系为基础，专注于为科研工作者、分析检测和质量控制人员提供一站式科研产品与集成配套服务的科学服务综合提供商，并已逐步成为国内科学服务业的领先企业,公司通过自主研发、自创品牌、技术集成打包服务等方式结合自建科研信息系统等，为客户的创新研发、产品升级、生产质控提供科学服务一站式技术集成解决方案，覆盖研发准备、研发过程、研发后期、生产质控等各个阶段，下游涵盖高校、科研院所、政府机构和企业研发检测部门等，分布在生物医药、新材料、新能源、节能环保、食品日化、分析检测、智能制造等各领域，努力为国内科学研究、科技创新、产业升级提供重要支撑和保障。",contact@titansci.com,"专注于为科研工作者,分析检测和质量控制人员提供科研产品及相关配套服务,并以科研试剂,科研仪器及耗材和实验室建设及科研信息化服务三大产品体系对外实现销售.",张庆,上海,7624.9,定高翔,20071018,www.titansci.com,泰坦科技,0,SHSE,SHSE,化工,10130,-,化学制品,10130010,22047134000,78.5,116.94,¥268.00,基础材料,101,0.0,2500,294500,0.0,10000.0,2500,0.0,0.0,1.0,141.86,59.59,109.83,144.01,2020-12-31T05:00:00Z,{1_trade_buy},{trade_buy},2020Q4_1752462
605377,2020Q4_1752457,浙江省杭州市临安区青山湖街道滨河北路18号,生产：新型材料，装饰纸。服务：新型材料、装饰纸的技术研发；批发、零售：新型材料，装饰纸；货物进出口(法律、行政法规禁止经营的项目除外，法律、行政法规限制经营的项目取得许可后方可经营)。(依法须经批准的项目，经相关部门批准后方可开展经营活动),张延成,杭州市,公司是国内从事装饰原纸生产的主要企业之一，主要从事可印刷装饰原纸和素色装饰原纸的研发、生产和销售业务，以及木浆的贸易业务。公司生产的装饰原纸广泛用于家具、地板、木门等产品的贴面装饰。多年来始终专注于装饰原纸品质的提升，积累了丰富的生产与管理经验。公司的装饰原纸产品种类齐全、质地均匀、性能良好，具有较强的市场竞争力。作为高新技术企业，发行人不断进行研发与创新，拥有多项专利，并获得“中国地板行业科技创新奖”、“中国林业产业创新奖”等荣誉。发行人是“中国林产工业协会装饰纸与饰面板专业委员会”副理事长单位，并参与起草了《人造板饰面专用纸》国家标准。,securities@huawon.cn;hwkjdmb@huawon.cn,"主要从事可印刷装饰原纸和素色装饰原纸的研发,生产和销售业务,以及木浆的贸易业务.",张延成,浙江,28541.34,陈蕾,20091230,www.hwpaper.cn,华旺科技,0,SHSE,SHSE,林业,10140,-,造纸及纸制品,10140020,5167691000,15.58,27.44,¥18.44,基础材料,101,0.0,1120,15000,0.0,10000.0,1120,0.0,0.0,1.4,17.37,14.26,15.44,19.43,2020-12-31T05:00:00Z,{1_trade_buy},{trade_buy},2020Q4_1752457
003029,2020Q4_1752409,吉林省长春市高新区博才路与学府街交汇栖乐荟写字楼10号楼15-17层,电子计算机及计算机网络的技术开发技术服务，经销电子计算机及配件、文化办公机械、机房装修(经营范围中未取得专项审批许可的项目除外)；自营和代理各类商品及技术的进出口业务(国家规定的专营进出口商品和国家禁止进出口等特殊商品除外)；技术咨询，计算机系统集成，建筑智能化工程、综合布线工程，信息安全工程，安防监控工程(以上各项凭资质证书经营)(依法须经批准的项目，经相关部门批准后方可开展经营活动),于逢良,长春市,"公司是国内知名的信息安全产品、服务及解决方案提供商，是电子认证领域的领先企业。公司以密码技术为核心，开展信息安全软件的研发、生产和销售及服务，面向政府、军队、军工、金融、能源、电信等重点行业和领域提供基于密码的可信身份认证及可信数据保障等多层次、全方位的综合性安全解决方案，为其信息系统提供关键的安全支撑与保障。公司通过持续技术研发，公司积累了数字证书、数字加密、数字签名、身份认证、访问控制等关键技术，实现了电子认证领域的多项突破，为云计算、大数据、物联网、移动互联、智能计算等领域提供安全技术支撑与保障。公司是国家高新技术企业、国家火炬计划软件产业基地骨干企业，是国家信息安全行业电子认证领域诸多重要科研课题及产业化项目的主要承担者之一，公司自成立以来曾经为40个以上中央国家机关及部委提供信息安全解决方案或服务，承担了1,000多个国内知名的大中型信息化项目的安全支持与保障工作，包括国家“金盾工程”、“金财工程”、“金水工程”、“金质工程”等金字工程及北京2008奥运会、“天宫一号”、“神州九号”、“神州十号”等众多具有重大社会、政治影响的大型项目。",ir@jit.com.cn,"以密码技术为核心,开展信息安全软件的研发,生产和销售及服务",王连彬,吉林,18040.0,张凤阁,19990212,www.jit.com.cn,吉大正元,0,SZSE,SZSE,软件,31110,-,软件和信息技术服务,31110010,4574818000,-9.37,-2.23,¥24.76,科技,311,0.0,700,18700,0.0,10000.0,700,0.0,0.0,1.0,26.14,16.23,20.87,18.64,2020-12-31T05:00:00Z,{1_trade_buy},{trade_buy},2020Q4_1752409
688551,2020Q4_1752468,安徽省合肥市蜀山区高新区大龙山路8号,"交直流电源、交直流负载软硬件的研发、生产、销售、技术开发、技术咨询、技术服务、技术转让及设备租赁服务;新能源发电、新能源汽车、半导体、燃料电池、电子元器件测试设备及自动化测试系统的研发、生产、销售、工程总包和服务、技术开发、技术咨询、技术服务、技术转让及设备租赁服务;电力电子成套设备、机电设备及仪器仪表的系统设计、研发、咨询、集成、销售、工程总包和服务、技术开发、技术咨询、技术服务、技术转让及设备租赁服务;货物或技术进出口(国家禁止或涉及行政审批的货物和技术进出口除外)(依法须经批准的项目,经相关部门批准后方可开展经营活动)",傅仕涛,合肥市,公司通过多年的市场深耕积累了大量的行业应用经验，实现了前沿理论技术与实际工业场景的融合，获得下游众多应用领域客户的认可。在新能源发电行业的用户有：阳光电源、华为、SMA、台达、锦浪科技、特变电工；电动车辆行业的用户有：比亚迪、吉利汽车、长城汽车、通用汽车、博世、ABB、法雷奥西门子、纳铁福传动、舍弗勒；燃料电池行业的用户有：上汽集团、宇通客车、北京亿华通、潍柴动力、重塑、广东国鸿等国内外知名企业。公司是为数不多跻身国际测试电源设备供应商体系的中国本土品牌，并已成长为一家国内领先、业界知名的测试电源及系统供应商。2018年2月，发行人的630kW光伏阵列I-V模拟器荣获2017年第二批安徽省首台(套)重大技术装备奖项；2018年10月，公司的KAC-1500-33交流模拟电网电源荣获2018年安徽省首台(套)重大技术装备奖项。公司荣获2019年度江苏省科学技术奖、2019年度中国电工技术学会科技进步二等奖、北京市2019年科学技术进步二等奖。,ir@kewell.com.cn,"是一家专注于测试电源设备制造的高新技术企业,坚持自主创新,依托电力电子技术平台,融合软件仿真算法与测控技术,为众多行业提供专业,可靠,高性能测试电源和系统.",蒋佳平,安徽,8000.0,葛彭胜,20110603,www.kewell.com.cn,科威尔,0,SHSE,SHSE,硬件,31120,-,电子元件,31120040,3970550000,86.7,41.62,¥50.30,科技,311,0.0,2200,73700,0.0,10000.0,2200,0.0,0.0,1.0,50.5,34.26,40.8,23.28,2020-12-31T05:00:00Z,{1_trade_buy},{trade_buy},2020Q4_1752468
003028,2020Q4_1752408,广东省深圳市光明区玉塘街道根玉路与南明路交汇处华宏信通工业园4栋1-6楼,电子产品、各类电子智能控制器、汽车电子产品、医疗电子产品、电机及其智能控制器、变频器、LED照明、开关电源、高压电源、电子自动化设备的研发及销售(不含限制项目)；动力电池产品、各类家电、电力设备、软件的技术开发、技术服务与销售(不含限制项目)；电子产品的信息咨询(不含限制项目)；国内贸易(不含专营、专卖、专控商品)；经营进出口业务(法律、行政法规、国务院决定禁止的项目除外，限制的项目须取得许可后方可经营)；兴办实业(具体项目另行申报)。(以上项目法律、行政法规、国务院决定禁止的项目除外，限制的项目须取得许可后方可经营)电子产品、各类电子智能控制器、汽车电子产品、医疗电子产品、电机及其智能控制器、变频器、LED照明、开关电源、高压电源、电子自动化设备的生产。,陈志杰,深圳市,公司是国家高新技术企业、深圳市自主创新百强中小企业、深圳市南山区领军企业。公司始终坚持以技术创新作为发展核心驱动力，积极发展高技术附加值、高品质附加值、节能环保、智能物联的产品，不断提升公司核心竞争力。公司研发中心拥有多个专业技术开发平台以及多个现代化实验室，建立了高效的研发组织架构和技术创新机制，培养了一批技术水平高、创新能力强、经验丰富的专业研发团队，形成了一系列先进的平台化技术，处于行业领先水平。2016年，公司“冰箱变频控制技术工程实验室”项目经深圳市政府批准，列入深圳市战略性新兴产业和未来产业发展专项资金扶持计划(节能环保产业类)；2018年，公司研发中心被广东省科技厅认定为嵌入式控制系统及电机变频控制器工程技术研究中心。,genbyte@genbytech.com,"公司系行业内知名的高端智能控制器,变频驱动器,数字电源以及智能物联模块供应商,产品主要用于终端设备中的电能变换,控制及应用.",唐娟,广东,10960.0,夏群波,19990715,www.genbytech.com,振邦智能,0,SZSE,SZSE,硬件,31120,-,电子元件,31120040,4616472000,-15.42,1.54,¥41.43,科技,311,0.0,400,18000,0.0,10000.0,400,0.0,0.0,1.0,41.69,31.32,36.34,14.01,2020-12-31T05:00:00Z,{1_trade_buy},{trade_buy},2020Q4_1752408
300896,2020Q4_1752436,北京市朝阳区建国路甲92号世茂大厦C座21层,药品、生物制品、医疗器械、化妆品的技术开发、转让；新型药用辅料的开发、生产；生产化妆品；货物进出口、技术进出口、代理进出口；企业管理咨询(不含中介服务)；销售(含网上销售)医疗器械、化妆品；批发、零售(含网上销售)食品；批发(含网上销售)药品。生产医疗器械III类：III-6846-1植入器材。(该公司2018年10月17日前为内资企业，于2018年10月17日变更为外商投资企业；批发、零售(含网上销售)食品、批发(含网上销售)药品以及依法须经批准的项目，经相关部门批准后依批准的内容开展经营活动)(经营场所：北京市平谷区中关村科技园区平谷园马坊工业园区马坊镇金平西路20号院)。,简军,北京市,公司是国内生物医用软组织修复材料领域的创新型领先企业。公司立足于生物医用材料的研发和转化，致力于重组蛋白和多肽等生物医药的开发，已成功实现注射类透明质酸钠系列产品及聚对二氧环己酮面部埋植线的产业化，并建立了医用几丁糖、聚乳酸等生物医用材料的产品技术转化平台，产品临床应用涵盖医疗美容、外科修复以及代谢疾病治疗等领域。公司是首家取得国家药监局批准用于面部软组织修复的注射用透明质酸钠医疗器械产品注册证书的国内企业。截至报告期末，公司已拥有五款获国家药监局批准的III类注射用透明质酸钠系列产品，为获得国家药监局批准的同类产品最多的企业。公司五款产品在配方组份、注射部位、注射体验等方面有所不同，能够满足多个细分市场的消费需求。此外，公司已于2019年5月取得聚对二氧环己酮面部埋植线的III类医疗器械注册证书，为首款取得国家药监局批准的面部埋植线产品。公司重视研发投入和产品开发，是国家级高新技术企业，建有生物可降解新材料北京市工程实验室。公司作为牵头单位参与了国家科学技术部“十三五”规划国家重点研发计划“新型颌面软硬组织修复材料研发”项目。截至报告期末，公司拥有32项专利，其中发明专利18项。,ir@imeik.com,"公司立足于生物医用材料的研发和转化,致力于重组蛋白和多肽等生物医药的开发,公司自主研发的产品主要针对面部,颈部褶皱皮肤的修复.",石毅峰,北京,21636.0,简勇,20040609,www.imeik.net,爱美客,0,SZSE,SZSE,医疗器械,20650,-,医疗器械和供给,20650020,172349410000,57.0,121.06,¥774.50,医疗保健,206,0.0,900,285400,0.0,10000.0,900,0.0,0.0,1.8,363.9,183.33,295.83,161.81,2020-12-31T05:00:00Z,{1_trade_buy},{trade_buy},2020Q4_1752436
300869,2020Q4_1752422,河北省秦皇岛市海港区经济技术开发区秦皇西大街112号,Ⅰ类、Ⅱ类、Ⅲ类医疗器械的生产和销售；医用电缆和医用传感器的设计、组装及销售；电子产品的设计、组装及销售；医疗器械软件的开发及技术转让；家用电器的制造及销售；货物及技术的进出口；知识流程外包(KPO)；房屋租赁；模具的技术开发、生产及销售；金属制品、五金产品、塑胶制品、注塑件的技术开发、生产及销售；其他印刷品印刷；日用口罩(非医用)的销售；针纺织品和橡胶制品的销售；门诊诊疗服务(仅限分支机构经营)**(依法须经批准的项目，经相关部门批准后方可开展经营活动)。,胡坤,秦皇岛市,"公司属于医疗器械行业，是一家专业从事医疗诊断、监护设备的研发、生产和销售的高新技术企业。公司自设立以来始终致力于医疗诊断、监护设备的研发、生产和销售，产品涵盖血氧类、心电类、超声类、监护类、血压类等多个大类，建立了完善的研发、生产和销售体系。公司产品凭借良好的性能和较高的品牌知名度，已经累计销售至全球130多个国家和地区。公司位于重点发展医疗器械产业的秦皇岛经济技术开发区，占地一百余亩，建筑面积超过10万平方米，是全国最大的医疗器械研发生产基地之一,拥有完整、科学的质量管理体系，企业的诚信、实力和产品质量获得业界的认可。",contec_sec@hotmail.com,"公司属于医疗器械行业,是一家专业从事医疗诊断,监护设备的研发,生产和销售的高新技术企业.公司自设立以来始终致力于医疗诊断,监护设备的研发,生产和销售,产品涵盖血氧类,心电类,超声类,监护类,血压类等多个大类,建立了完善的研发,生产和销售体系.",杨志山,河北,40179.68,郑敏,19960709,www.contecmed.com.cn,康泰医学,0,SZSE,SZSE,医疗器械,20650,-,医疗设备,20650010,25570848000,-20.64,-45.97,¥62.12,医疗保健,206,0.0,900,95600,0.0,10000.0,900,0.0,0.0,1.0,168.98,65.96,125.76,-50.6,2020-12-31T05:00:00Z,{1_trade_buy},{trade_buy},2020Q4_1752422
300861,2020Q4_1752419,陕西省咸阳市杨陵示范区渭惠路东段富海工业园,金刚石工具及相关产业链中的材料和制品的研发、生产、销售；货物及技术的进出口业务。(依法须经批准的项目，经相关部门批准后方可开展经营活动),吴英,咸阳市,公司是一家从事金刚石工具及相关产业链的材料和制品的研发、生产及销售的新材料企业，目前主要产品为电镀金刚石线，可用于晶体硅、蓝宝石等硬脆材料的切割。公司致力于成为全球领先的金刚石工具制造商，公司以技术研发为核心，在电镀金刚石线生产的核心技术、工艺控制、装备制造等环节均拥有自主知识产权，掌握了包括电镀液配方、添加剂、金刚石预处理、上砂、镀液在线处理等在内的金刚石线生产全套核心技术。基于公司的电镀工艺及技术优势，公司产品在稳定性、切割质量、工艺适用性等方面均有较强的竞争优势；公司自主研发的“单机六线”生产线工艺国际领先，生产效率更高，公司凭借产能优势和产品的质量及性能优势，与光伏行业诸多具有较强行业影响力的下游客户达成了合作关系，包括隆基股份、保利协鑫、晶科能源、阿特斯太阳能等硅片龙头企业以及晶龙集团、中环股份、阳光能源、比亚迪、南玻硅材料、天合光能等知名光伏企业客户群体已基本涵盖国内光伏及硅片生产的主要企业。,securities@ylmetron.com,"金刚石工具及相关产业链中的材料和制品的研发,生产,销售",刘洪新,陕西,40001.0,周湘,20150707,www.ylmetron.com,美畅股份,0,SZSE,SZSE,工业制品,31070,-,特种工业机械,31070020,30631476000,47.9,46.59,¥76.63,工业,310,0.0,900,45700,0.0,10000.0,900,0.0,0.0,1.0,79.0,43.7,51.95,47.51,2020-12-31T05:00:00Z,{1_trade_buy},{trade_buy},2020Q4_1752419
300876,2020Q4_1752426,广东省揭阳市揭东区揭东城西片工业区,生产、销售：超细旦纤维丝、高强纤维丝、各种化纤丝、化纤材料及其制品；货物进出口、技术进出口。(以上各项，法律、行政法规和国务院决定禁止的不得经营；法律、行政法规和国务院决定限制的须取得许可方可经营)。(依法须经批准的项目，经相关部门批准后方可开展经营活动)。,郭清海,揭阳市,公司专业从事聚丙烯纤维的研发、生产和销售，聚丙烯纤维商品名为丙纶。公司主要产品为丙纶长丝。凭借公司管理团队在聚丙烯纤维行业二十多年丰富的技术、生产经验和客户资源积累，公司产品应用已广泛覆盖了工业领域和民用领域。目前，公司产品在工业领域应用范围主要为工业滤布、工程土工布等，在民用领域应用范围主要为箱包织带、水管布套、门窗毛条、服装等。公司为高新技术企业，高度重视研发投入，研发了多种差别化丙纶长丝，获得了多项荣誉，具体如下：2018年“蒙泰丝”品牌细旦抑菌聚丙烯纤维入围“中国纤维流行趋势2018/2019”；2017年国家功能性聚丙烯纤维研发生产基地、2017年度中国纺织工业联合会产品开发贡献奖、广东省聚丙烯纤维新材料工程技术研究中心。,zqb@gdmtxw.com,"公司专业从事聚丙烯纤维的研发,生产和销售,聚丙烯纤维商品名为丙纶.公司主要产品为丙纶长丝.",郭清海,广东,9600.0,朱少芬,20130906,www.gdguangdong.com,蒙泰高新,0,SZSE,SZSE,服饰加工,10240,-,纺织加工,10240010,3491436000,9.3,-4.57,¥37.75,周期性消费,102,0.0,400,12800,0.0,10000.0,400,0.0,0.0,1.0,89.92,37.07,49.83,-24.24,2020-12-31T05:00:00Z,{1_trade_buy},{trade_buy},2020Q4_1752426
300878,2020Q4_1752428,浙江省丽水市莲都区经济开发区遂松路2号,许可项目：药品生产；药品批发；药品零售；食品生产；食品经营；保健食品生产；保健食品销售；婴幼儿配方食品生产；食品经营（销售散装食品）；化妆品生产；第二类医疗器械生产；第三类医疗器械生产；第三类医疗器械经营；消毒器械生产；消毒器械销售；消毒剂生产（不含危险化学品）；货物进出口；技术进出口(依法须经批准的项目，经相关部门批准后方可开展经营活动，具体经营项目以审批结果为准)。一般项目：化妆品零售；化妆品批发；第一类医疗器械生产；第一类医疗器械销售；第二类医疗器械销售；消毒剂销售（不含危险化学品）；食品经营（销售预包装食品）(除依法须经批准的项目外，凭营业执照依法自主开展经营活动)。,刘忠良,丽水市,"公司是一家集中成药研发、制造、销售于一体的现代化高科技制药企业。主营业务为现代中药及西药的研发、生产和销售，主要产品包括银黄滴丸、益母草软胶囊、益母草分散片、骨刺胶囊、枫蓼肠胃康分散片、人参健脾片等中成药以及罗红霉素软胶囊等西药，生产剂型覆盖硬胶囊剂、片剂、颗粒剂、软胶囊剂、丸剂(滴丸)。除医药工业外，公司还经营医药商业产品的零售连锁等流通业务作为主营业务的补充。公司以“为公众服务，对生命负责”为质量要求，严格按照GMP要求建设厂房、配置设备，各类生产线均通过GMP认证,秉承“维系苍生、致力安康”的企业使命，重视研发投入和人才引进，先后成立了省级高新技术企业研究开发中心、省级企业技术中心、省级企业研究院、浙江省院士专家工作站、浙江省博士后工作站等多个科研平台，不断强化在制药领域的核心竞争力。",zjwk@zjwk.com,"主营业务为现代中药及西药的研发,生产和销售,主要产品包括银黄滴丸,益母草软胶囊,益母草分散片,骨刺胶囊,枫蓼肠胃康分散片,人参健脾片等中成药以及罗红霉素软胶囊等西药,生产剂型覆盖硬胶囊剂,片剂,颗粒剂,软胶囊剂,丸剂(滴丸).",孔晓霞,浙江,8043.91,朱婷,20000331,www.zjwk.com,维康药业,0,SZSE,SZSE,生物科技,20610,-,生物科技,20610010,3816088000,3.23,-3.92,¥47.35,医疗保健,206,0.0,400,19500,0.0,10000.0,400,0.0,0.0,1.0,99.7,49.66,64.15,-26.19,2020-12-31T05:00:00Z,{1_trade_buy},{trade_buy},2020Q4_1752428
300877,2020Q4_1752427,安徽省滁州市琅琊区南京北路218号,非织造布及其制品制造、销售；合成纤维制造、销售；纺织材料销售；非织造布及其制品、机械设备、零配件、纺织原辅材料及技术进出口(国家禁止和限定进出口的商品和技术除外)；太阳能光伏发电及相关项目开发、建设、运营。(依法须经批准的项目，经相关部门批准后方可开展经营活动),曹松亭,滁州市,公司成立于2011年，专注于水刺无纺布的研发、生产和销售，是一家综合性强，产品多元化的公司。公司水刺无纺布产品主要运用于湿巾、婴儿湿巾、妇女卫生用品、革基布、汽车内饰和医疗卫生用品等领域。公司系中国产业用纺织品行业协会的副会长单位，2016年公司被中国纺织工业联合会评为“中国纺织服装企业竞争力500强第229名”，2017年被评为“2016/2017中国非织造布行业十强企业”。目前公司拥有20项专利，并已与恒安集团、维达纸业、金红叶纸业集团有限公司、扬州倍加洁日化有限公司、上海美馨卫生用品有限公司、苏州宝丽洁日化有限公司、铜陵洁雅生物科技股份有限公司、日本LEC等国内外知名非织造制品生产商建立了长期稳定的合作关系，并以充足、稳定、及时的货源供应服务及高品质的产品赢得了客户的广泛赞誉。,suntao@ahjinchun.com;libaolin@ahjinchun.com,"公司是国内领先的水刺非织造布生产商,主要从事水刺非织造布的研发,生产和销售,为下游终端客户提供专业化,品质化的水刺非织造布产品.",曹松亭,安徽,12000.0,孙涛,20110721,www.czjinchun.com,金春股份,0,SZSE,SZSE,服饰加工,10240,-,纺织加工,10240010,4136213000,-18.45,-33.24,¥34.09,周期性消费,102,0.0,600,28900,0.0,10000.0,600,0.0,0.0,1.0,104.0,48.23,62.07,-45.08,2020-12-31T05:00:00Z,{1_trade_buy},{trade_buy},2020Q4_1752427
300867,2020Q4_1752421,福建省泉州市丰泽区宝洲路宝洲污水处理厂,一般项目：固体废物治理；水污染治理；技术推广服务；污水处理及再生利用；环境保护专用设备销售；环境监测专用仪器仪表销售；专用化学产品销售(不含危险化学产品)；化工产品销售(不含许可类化工产品)；金属材料销售；电线、电缆经营；五金产品零售、批发；机械零件、零部件销售；电气机械设备销售；发电机及发电机组销售；烘炉、熔炉及电炉销售；阀门和旋塞销售；润滑油销售；保温材料销售；配电开关控制设备销售；风机、风扇销售；泵及真空设备销售；特种劳动保护用品销售(除依法须经批准的项目外，凭营业执照依法自主开展经营活动)许可项目：发电、输电、供电业务；城市生活垃圾经营性服务；成品油零售(不含化学危险品)(依法须经批准的项目，经相关部门批准后方可开展经营活动，具体经营项目以相关部门批准文件或许可证件为准),朱煜煊,厦门市,公司创立之初主要从事贸易业务，自2004年，公司开始涉入环保行业，主营业务变更为生活污水处理业务，2006年，公司涉入生活垃圾焚烧发电领域，并逐渐形成生活垃圾焚烧发电和生活污水处理的城镇固液废专业化处理经营格局。公司生活垃圾焚烧发电项目采用了国际通用、成熟先进的机械炉排炉技术，在烟气处理环节采用了SNCR脱硝+半干式反应塔+活性炭喷射器+袋式除尘器组合的处理技术，有效保证生活垃圾得到充分燃烧和污染物的处理。莆田圣元垃圾焚烧发电厂于2018年被中国环保产业协会评为“国家重点环境保护实用技术及示范工程”。,chinasyep@126.com,"公司主营业务为经营城镇固液废专业化处理,主要包括生活垃圾焚烧发电和生活污水处理等,公司主要通过取得特许经营权的方式负责生活垃圾焚烧发电厂和生活污水处理厂的投资建设,运营管理及维护.",朱恒冰,福建,27174.11,陈文钰,19971009,www.chinasyep.com,圣元环保,0,SZSE,SZSE,垃圾处理,31090,-,垃圾处理,31090010,8309235000,6.63,-7.3,¥30.23,工业,310,0.0,1500,47900,0.0,10000.0,1500,0.0,0.0,1.0,71.5,31.73,39.96,-24.35,2020-12-31T05:00:00Z,{1_trade_buy},{trade_buy},2020Q4_1752421
300872,2020Q4_1752425,北京市朝阳区阜通东大街1号院3号楼9层2单元121005,软件技术开发、技术转让、技术咨询、技术服务；计算机系统服务；数据处理(数据处理中的银行卡中心、PUE值在1.5以上的云计算数据中心除外)；销售自行开发后的计算机软件产品；销售计算机软硬件及配件；计算机及配件的售后服务；计算机软硬件开发；计算机系统集成；计算机设备租赁。【依法须经批准的项目，经相关部门批准后方可经营该项目】,欧阳建平,拉萨市,公司专注为金融行业客户提供IT解决方案和服务，是金融IT业内颇具规模、成长最快、最具活力和创新精神的企业之一。基于金融IT和业务创新能力，公司正致力于成为国内领先的金融综合服务提供商，提供金融IT服务、金融信息服务和金融运营服务。公司从2003年创立以来，为央行和政策性银行、国有商业银行、股份制商业银行和地方性商业银行等近百家金融客户提供咨询、开发、测试、运维和系统集成等应用于全生命周期的服务。源于客户的业务创新和管理创新需求，公司在专业测试、对公金融(包括信贷、供应链金融、互联网金融、贸易金融和资金监管等)、商业智能与大数据应用、风险管理(信用风险、操作风险和市场风险)、信用卡、协同应用等专业领域研发了多种解决方案，在开发、测试和运行管理领域研发了业内领先的基础技术架构产品，积累了丰富的行业业务、IT技术知识、IT应用解决方案和专业服务人才。公司已拥有了一批优质、稳定的核心战略客户，同时公司也在积极拓展新客户，进一步完善客户和区域布局，创造新的业绩增长点。目前公司已经为两百多家银行客户提供了相关产品和服务，在行业内拥有较高的品牌声誉。,ir@tansun.com.cn,"公司是一家金融业IT解决方案及服务提供商,主要向以银行为主的金融机构提供IT解决方案,咨询服务,专业测试服务,运维服务和系统集成服务.",欧阳建平,西藏,22468.2,张庆勋,20030709,www.tansun.com.cn,天阳科技,0,SZSE,SZSE,软件,31110,-,软件和信息技术服务,31110010,8247458000,4.47,-5.37,¥36.09,科技,311,0.0,900,34200,0.0,10000.0,900,0.0,0.0,1.0,82.0,37.36,49.27,-26.75,2020-12-31T05:00:00Z,{1_trade_buy},{trade_buy},2020Q4_1752425
300864,2020Q4_1752420,江苏省南京市鼓楼区金银街16号科学楼9楼,环境保护与生态修复技术研发、工程设计与咨询、工程总承包与运营；企业管理与咨询；环保设备生产和销售；环境影响评价；环境监理；环境检测；环境规划与设计；环境政策咨询及培训；水利规划、设计与咨询；安全管理咨询与技术服务；环境损害鉴定与评估；危害特性鉴别。(依法须经批准的项目，经相关部门批准后方可开展经营活动),陆朝阳,南京市,公司定位为专业的环境服务商，致力于为政府客户和企业客户提供高效、科学、整体的环境解决方案，主要服务包括环境调查与鉴定、建设项目环评、环境研究与规划、环境工程承包、环境工程设计与监理以及环境污染第三方治理等。公司为南京大学控股的国家级高新技术企业，经营和核心技术团队均为该领域的行业专家，在环境科学与技术领域拥有深厚的积累与沉淀。目前，公司已建有江苏省区域流域环境综合治理工程技术研究中心、南京市挥发性有机废气工程研究中心和“国家级博士后工作站”分站等高水平研发平台，在环境综合治理、污染控制、环境修复等领域拥有多项自主知识产权。同时，作为科技型环境服务类企业，公司高度重视技术研发和人才培养，经过多年的技术研发、业务实践应用积累，培养出了一批行业内优质人才，并打造了基于自身业务案例和项目经验形成的成熟的行业案例数据库，具有较强的竞争优势。,dmb@njuae.cn,"致力于为政府客户和企业客户提供高效,科学,整体的环境解决方案,主要服务包括环境调查与鉴定,建设项目环评,环境研究与规划,环境工程承包,环境工程设计与监理以及环境污染第三方治理等.",陆朝阳,江苏,9120.0,李良,20120803,www.njuae.cn,南大环境,0,SZSE,SZSE,教育,20540,-,教育培训服务,20540010,4780326000,12.81,9.05,¥52.12,非周期性消费,205,0.0,380,15100,0.0,10000.0,380,0.0,0.0,1.9,94.63,47.36,61.84,-15.72,2020-12-31T05:00:00Z,{1_trade_buy},{trade_buy},2020Q4_1752420
300892,2020Q4_1752435,上海市普陀区长寿路652号景源时尚产业园10号楼308室,食品流通，日用百货的销售，仓储(除危险品)，企业管理咨询，包装服务，供应链管理，商务信息咨询，企业形象策划、设计，从事货物及技术的进出口业务。【依法须经批准的项目，经相关部门批准后方可开展经营活动】,王牧,上海市,作为国内较早实现进口食品品牌运营的企业，公司始终秉持“通过世界美食，让大众更时尚、更健康”的使命，通过整合全球优质食品资源，全力打造“原装进口食品”的品牌发展战略，致力于将中国美食品牌与全球生产体系嫁接，将全球的健康美食和时尚生活方式带给中国消费者。经过多年发展，公司已成功自主开发和推广“德亚”、“瓦伦丁”、“亨利”、“雅娜”等自有品牌以及“品利”等合作品牌，品牌影响力逐年提升，在消费者中拥有较高的声誉和品牌辨识度。公司已成为国内知名的进口食品品牌运营商。报告期内，公司主要从事自有品牌食品的开发、进口、销售及国外食品的合作代理销售业务。目前，公司产品以自有品牌和合作品牌进口食品为主，主要聚焦于乳品、啤酒、粮油、谷物以及饼干点心类等五大食品品类。截止本招股说明书签署日，公司重点经营的自有品牌5款，合作品牌4款以及代理品牌1款。作为国内知名的进口食品品牌运营商，公司高度重视渠道建设工作，坚持线上渠道与线下渠道同时发展的营销策略，构建了包括大型商超，天猫商城、京东等电商平台以及各地经销商等在内的多元化销售体系。目前，公司销售渠道分为线下渠道和线上渠道。,securities@pinlive.com,"公司主要从事自有品牌食品的开发,进口,销售及国外食品的合作代理销售业务.公司产品以自有品牌和合作品牌进口食品为主,主要聚焦于乳品,啤酒,粮油,谷物以及饼干点心类等五大食品品类.",王牧,上海,10000.0,朱国辉,19970909,www.pinlive.com,品渥食品,0,SZSE,SZSE,零售 - 防守型,20550,-,食品分销,20550020,4554552000,-10.37,-29.67,¥44.56,非周期性消费,205,0.0,300,16300,0.0,10000.0,300,0.0,0.0,1.0,83.5,54.15,65.09,-31.54,2020-12-31T05:00:00Z,{1_trade_buy},{trade_buy},2020Q4_1752435
300891,2020Q4_1752434,广东省云浮市云安区六都镇,生产、销售：钛白粉(二氧化钛)及其相关化工产品(不含危险化学品)、硫酸；蒸汽发电(自用)；货物或技术进出口(国家禁止或涉及行政审批的货物和技术进出口除外)；国内贸易代理；进出口代理(以上项目不涉及外商投资准入特别管理措施)。(依法须经批准的项目，经相关部门批准后方可开展经营活动),何明川,云浮市,公司是一家集钛白粉研发、生产、销售为一体的国家高新技术企业。主要从事钛白粉产品的研发、生产和销售，主要产品为金红石型钛白粉、锐钛型钛白粉系列产品。公司坚持以“发展循环经济，创造绿色未来”为使命，采用清洁联产硫酸法工艺生产钛白粉。公司地处“中国硫都”广东省云浮市，依托当地硫铁矿储量丰富的区位资源优势配套生产硫酸，形成了完整的“硫-钛-铁-钙”循环经济产业链。公司先后被评为“硫酸法钛白粉清洁生产和循环经济产业链示范基地”、“广东省清洁生产企业”和“广东省‘硫-钛-铁-钙’产业工程技术研究中心”等，公司的“白玉莹”商标被认定为“广东省著名商标”。公司持续不断加大投入，围绕钛白粉开展新产品、新工艺及新装备的研发，在节能降耗、清洁生产、资源循环利用、技术改造、产品升级等方面均取得了较为显著的成果。公司生产的钛白粉产品已被广泛应用于塑料、涂料、油墨和橡胶等领域，其中，塑料级金红石型钛白粉产品的性能已达到国际同类产品标准，产品远销葡萄牙、俄罗斯、新加坡、韩国、越南、马来西亚等地。,dsh@gdtitanium.com,"主要从事钛白粉产品的研发,生产和销售,主要产品为金红石型钛白粉,锐钛型钛白粉系列产品.",何明川,广东,40000.0,殷健,20030928,www.gdtitanium.com,惠云钛业,0,SZSE,SZSE,化工,10130,-,特种化学制品,10130020,7589794000,5.98,4.97,¥18.72,基础材料,101,0.0,1100,18700,0.0,10000.0,1100,0.0,0.0,1.0,26.52,16.31,20.72,-9.65,2020-12-31T05:00:00Z,{1_trade_buy},{trade_buy},2020Q4_1752434
300884,2020Q4_1752431,福建省厦门市海沧区火炬高新区火炬园创新路2号兴联电子大厦五楼,一般项目：物联网技术研发；软件开发；人工智能应用软件开发；软件销售；通信设备制造；通信设备销售；数字家庭产品制造；移动终端设备销售；人工智能硬件销售；物联网设备制造；物联网设备销售；物联网应用服务；智能家庭网关制造；智能家庭消费设备制造；智能家庭消费设备销售；配电开关控制设备研发；配电开关控制设备制造；配电开关控制设备销售；照明器具制造；照明器具销售；安防设备制造；安防设备销售；计算机软硬件及外围设备制造；计算机软硬件及辅助设备批发；工业控制计算机及系统制造；互联网数据服务；互联网销售（除销售需要许可的商品）；网络设备销售；集成电路设计；集成电路制造；集成电路芯片及产品销售；家用电器制造；机械电气设备销售；风机、风扇制造；风机、风扇销售；五金产品批发；五金产品研发；停车场服务；信息系统集成服务；交通安全、管制专用设备制造；电子元器件制造；电子元器件批发；广告制作；广告发布（非广播电台、电视台、报刊出版单位）；塑料制品制造；塑料制品销售；安全技术防范系统设计施工服务；货物进出口；技术进出口；工程管理服务；生活垃圾处理装备制造；生活垃圾处理装备销售。（除依法须经批准的项目外，凭营业执照依法自主开展经营活动）许可项,缪国栋,厦门市,公司以“领跑智慧生活理念，创造卓越生活品质”为使命，以打造“安全、舒适、健康、便捷”的智慧社区生活环境为己任，围绕智慧社区领域，通过不断的技术创新、产品升级和功能优化，形成了以楼宇对讲产品和智能家居产品为主的产品结构，同时开发了智能停车、新风系统、智能锁、行业对讲等多系列的智能化产品。公司主营楼宇对讲、智能家居等智慧社区安防智能化设备的研发设计、生产制造和销售。主要产品方面，公司的楼宇对讲产品具有呼叫对讲、远程开门、联动门禁、人脸识别、人证比对、支持梯控协议等功能以及识别速度快、准确率高、高稳定性和开放性的性能；智能家居产品支持有线无线联网，具有高稳定性和强兼容性等特点。经过多年的发展，在楼宇对讲和智能家居领域，公司与龙湖集团、世茂房地产、招商蛇口、绿地控股、中南集团、华润置地、雅居乐集团、时代中国控股、富力地产等大中型房地产商已经建立了良好、稳定的合作关系；依托良好的产品性能和不断完善的销售渠道，公司产品已遍布全国的各主要城市。,dnake@dnake.com,"公司主营楼宇对讲,智能家居等智慧社区安防智能化设备的研发设计,生产制造和销售.主要产品是楼宇对讲和智能家居产品.",缪国栋,福建,18000.0,林丽梅,20050429,www.dnake.com,狄耐克,0,SZSE,SZSE,工业制品,31070,-,电子器械和零件,31070060,4267810000,-9.71,-18.09,¥23.54,工业,310,0.0,750,16700,0.0,10000.0,750,0.0,0.0,1.5,51.07,28.02,37.74,-37.63,2020-12-31T05:00:00Z,{1_trade_buy},{trade_buy},2020Q4_1752431
300880,2020Q4_1752430,浙江省宁波市慈溪市古塘街道科技路711号,电能表、电能计量箱、公用事业抄表系统与管理终端、配网自动化设备、电力通信设备、低压电气设备、电子标签及电子标签阅读器、逆变电源、交直流电源、储能电源设备、电动汽车充电桩的研发、设计、制造、销售及技术咨询服务；嵌入式软件、计算机应用软件的研发、销售与技术咨询服务；太阳能发电工程设计、施工；电能表检测与校准技术服务；节能技术推广服务；信息系统集成服务；工业自动化系统集成；仪表配件、塑料制品、电器配件制造；变压器、高低压柜、配电开关控制设备批发、零售；自营和代理货物和技术的进出口，但国家限定经营或禁止进出口的货物和技术除外；承装(修、试)电力设施。(依法须经批准的项目，经相关部门批准后方可开展经营活动),章国耀,宁波市,公司是一家专业从事智能电表、用电信息采集终端及电能计量箱等系列产品研发、生产、销售的高新技术企业。公司主要客户为国家电网、南方电网及其下属网省公司。公司拥有省级高新技术与企业研发中心、浙江省博士后工作站，是国际DLMS协会、STS协会、中国仪器仪表协会会员，拥有7项发明专利、29项实用新型专利。公司核心技术及产品重点应用于国内智能电网建设，公司作为主要成员参与国家住房和城乡建设部“民用建筑远传抄表系统”和“住宅远传抄表系统”标准的制定，参与国家电网基于用电信息采集系统的“四表合一”采集系统建设。公司承担的“单相(远程/本地)费控智能表产业化项目”被国家科技部火炬高技术产业开发中心评为“国家火炬计划产业化示范项目”。报告期内，公司产品被评定为“宁波名牌产品”，并多次获得宁波市人民政府颁发的宁波市科学技术奖。,ir@nbjnzn.com,"专业从事智能电表,用电信息采集终端及电能计量箱等系列产品研发,生产,销售.",章恩友,浙江,16003.2,李楠,19990129,www.nbjianan.com,迦南智能,0,SZSE,SZSE,硬件,31120,-,科技仪器,31120060,3527105000,-11.63,-27.64,¥22.02,科技,311,0.0,4440,129600,0.0,10000.0,4440,0.0,0.0,1.2,0.0,0.0,0.0,0.0,2020-12-31T05:00:00Z,{1_trade_buy},{trade_buy},2020Q4_1752430
300879,2020Q4_1752429,浙江省宁波市余姚市锦凤路58号,"园林机械及配件、农业机具、园林机具、电动工具、清洁设备、电器配件、电机、电子元器件、汽油机及模具的制造、加工、测试。自营和代理各类货物和技术的进出口,无进口商品分销业务。(不涉及国营贸易管理商品,涉及配额、许可证管理商品的,按国家有关规定办理申请。)(不涉及外商投资准入特别管理措施范围。)(依法须经批准的项目，经相关部门批准后方可开展经营活动。)",叶晓波,宁波市,公司是国内园林机械行业领先企业，割草机龙头企业，是中国电器工业协会电动工具分会副理事长单位，是浙江省安监局认可的安全生产标准化二级企业(机械)，是中国内燃机工业协会公布的中国内燃机及零部件行业排头兵企业，获得过国际环保署颁发的低碳制造计划铂金奖证书。自2009年起被评为高新技术企业，拥有浙江省企业技术中心、省级工业设计中心，公司实验室为德国TUV南德集团授权认可的目击电气测试实验室。公司的“自走式高效环保园林汽油割草机”和“低排放低噪音轻型化二冲程汽油割灌机”被列入国家火炬计划产业化示范项目，割草机产品是中国林业机械协会“向社会推荐产品”。以自主研发实力和产品质量为基础，公司还致力于推动行业规范健康发展，负责制定或参加起草国家和行业标准8项，是中国林业机械标准化技术委员会委员单位。公司已经成为国际园林机械行业中具有较高知名度的ODM生产商，在生产技术、产品品质、制造规模等方面具有较高的市场地位，产品销往德国、法国、波兰、荷兰、俄罗斯、英国、加拿大、澳大利亚等全球50多个国家和地区，积累了一批优质客户资源，主要客户包括安达屋集团、牧田、富世华集团、翠丰集团、HECHT、百力通等。,zjb01@dayepower.com,"主要从事割草机,打草机/割灌机,其他动力机械及配件的研发设计,生产制造和销售.",叶晓波,浙江,16000.0,吴军,20060217,www.dayepower.com,大叶股份,0,SZSE,SZSE,工业制品,31070,-,工具和配件,31070050,3536212000,-16.73,-21.45,¥21.48,工业,310,0.0,500,12600,0.0,10000.0,500,0.0,0.0,1.0,69.99,27.74,36.43,-41.04,2020-12-31T05:00:00Z,{1_trade_buy},{trade_buy},2020Q4_1752429
688093,2020Q4_1752460,,,,,,,,,,,,,,世华科技,0,SHSE,SHSE,化工,10130,-,特种化学制品,10130020,6382020000,44.13,54.01,¥38.54,基础材料,101,0.0,4600,108600,0.0,10000.0,4600,0.0,0.0,1.0,29.83,24.34,26.97,42.9,2020-12-31T05:00:00Z,{1_trade_buy},{trade_buy},2020Q4_1752460
605277,2020Q4_1752456,浙江省温州市乐清市北白象镇温州大桥工业园区,研发、制造、销售：自动化办公设备、智能家居、消费电子精细线材，工业控制线材，精密医疗器械线材，机器人高柔性线材，新能源应用线材，信息设备、通讯传输、计算机及云服务器用高频高速数据线材，汽车和航空航天等行业应用线材；环保高分子材料(塑胶颗粒)；线材性能检测及技术咨询；环保检测、环保检测技术咨询及技术服务；货物进出口、技术进出口。(依法须经批准的项目，经相关部门批准后方可开展经营活动)。,赵战兵,温州市,公司一直致力于精细电子线材的研发、制造和销售。公司隶属于中国电子元件行业协会光电线缆及光器件分会，主要生产消费电子及工业控制线材、汽车电子线材、高频数据线材和特种线材等系列产品。公司主导产品广泛应用于家用电器、计算机、智能化办公、工业控制设备、汽车电子、数据服务器及新能源科技等领域。公司一贯坚持高端市场发展战略，面向国际知名终端客户，凭借自身可靠性优、一致性好和性价比高的产品，以及研发快速响应、持续改进、及时交货、精准服务等综合优势，逐步打破了精细电子线材高端市场由日立、住友、百通等国际品牌垄断的局面，实现进口替代，努力推动高端精细电子线材国产化进程。经过二十多年的发展历程，公司已成为中国消费电子线材细分行业的龙头企业。2018年，公司主导产品荣获中华人民共和国工业和信息化部、中国工业经济联合会颁发的《制造业单项冠军产品证书(2019年-2021年)》。,xyzqb@xinya-cn.com,"致力于精细电子线材的研发,制造和销售.主要生产消费电子及工业控制线材,汽车电子线材,高频数据线材和特种线材等系列产品.",赵战兵,浙江,13344.0,黄娟,19870407,www.xinya-cn.com,新亚电子,0,SHSE,SHSE,工业制品,31070,-,电子器械和零件,31070060,2700827000,-10.12,0.0,¥20.24,工业,310,0.0,500,8600,0.0,10000.0,500,0.0,0.0,1.0,0.0,0.0,0.0,0.0,2020-12-31T05:00:00Z,{1_trade_buy},{trade_buy},2020Q4_1752456
300887,2020Q4_1752432,北京市海淀区锦带路66号院1号楼4层至5层101,"技术开发、技术推广；技术检测；检验、检疫、验货、医疗器械检验的技术服务；计量服务；计量仪器与设备的技术咨询；货物进出口、技术进出口、代理进出口；环境监测；计算机技术培训；出租商业用房；出租办公用房；技术咨询、技术交流；清洁服务；认证服务；货物专用运输(冷藏保鲜)(道路运输经营许可证有效期至2021年09月11日)。(市场主体依法自主选择经营项目,开展经营活动；依法须经批准的项目,经相关部门批准后依批准的内容开展经营活动；不得从事国家和本市产业政策禁止和限制类项目的经营活动。)。",张英杰,北京市,公司是大型综合性检测机构，具备为客户提供综合化、一站式检测服务的能力，检测报告得到美国、英国、德国等71个国家和地区互认，具有国际公信力。公司可提供的检测服务范围涵盖健康与环保、贸易符合性、商品质量鉴定及安全保障等四大领域，涉及农林牧渔业，食品医药业，采矿业，制造业，电力、燃气及水的生产和供应业，建筑业，交通运输业，住宿和餐饮业，水利、环境和公共设施管理业等众多行业。公司为宝洁、摩托罗拉、三星、戴尔、可口可乐、肯德基、麦当劳等众多国际知名企业提供检测服务。公司是中国电子信息产品污染防治标准工作组成员，参与了多项国内RoHS检测方法、国家标准及行业标准的制定及修订工作，连续四年荣膺德勤“高科技、高成长中国50强”及“亚太区高科技、高成长500强”。,IR@ponytest.com,"主营业务为:检验检测,计量,认证及相关技术服务,业务范围涵盖健康与环保,电子及安规,消费品质量鉴定,安全保障等.",张英杰,北京,13680.0,李小冬,20020610,www.ponytest.com,谱尼测试,0,SZSE,SZSE,商业服务,31020,-,特种商业服务,31020010,10978843000,56.33,87.04,¥81.11,工业,310,0.0,360,15600,0.0,10000.0,360,0.0,0.0,1.8,65.72,42.11,53.06,52.86,2020-12-31T05:00:00Z,{1_trade_buy},{trade_buy},2020Q4_1752432
300898,2020Q4_1752437,浙江省温州市苍南县灵溪镇建兴东路650-668号,食品生产销售、食品经营(含销售预包装)、乳制品生产销售、食品添加剂生产销售、饮料生产、农副产品销售、金属包装容器及材料制造、金属材料销售、货物进出口、道路货物运输、技术服务、技术开发、技术咨询、技术交流、技术转让、技术推广。,李作恭,温州市,公司自成立以来一直运营“熊猫”牌系列炼乳产品，经过多年的发展，公司目前已成为国内炼乳领域的领军企业，公司的“熊猫”牌炼乳最早于2006年获评为“浙江名牌产品”，公司“熊猫”品牌于2010年获评为“浙江老字号”，于2015年被认定为“浙江省著名商标”，于2016年被认定为“驰名商标”，在国内乳制品行业具有较高的影响力和知名度。公司的炼乳产品获得了国内众多知名食品生产企业的认可，公司与香飘飘、蒙牛乳业、达能乳业、江中食疗等公司建立并保持了良好的业务关系。根据中国乳制品工业协会统计，2016年公司炼乳产品销售规模仅次于雀巢，是国内市场第二大炼乳品牌。,300898@pandairy.com,"浓缩乳制品的研发,生产,销售",李锡安,浙江,12400.0,徐笑宇,19960103,www.pandadairy.com,熊猫乳品,0,SZSE,SZSE,农副加工食品,20525,-,加工食品,20525040,4508399000,-3.81,-22.6,¥35.88,非周期性消费,205,0.0,500,16400,0.0,10000.0,500,0.0,0.0,1.0,77.68,46.71,57.99,-38.13,2020-12-31T05:00:00Z,{1_trade_buy},{trade_buy},2020Q4_1752437
003026,2020Q4_1752407,浙江省湖州市长兴县太湖街道陆汇路59号,晶体硅、电子元器件制造、销售，晶体硅及其制品、电子元器件及新型节能材料的开发、技术咨询及技术转让，电气机械设备设计及销售；货物进出口、技术进出口。(依法须经批准的项目，经相关部门批准后方可开展经营活动),徐一俊,湖州市,公司是一家专业从事硅材料研发、生产和销售的电子信息产业国家级高新技术企业。发行人是国家高新技术企业、全国半导体设备和材料标准化技术委员会成员单位，是中国半导体行业协会、中国电子材料行业协会会员单位，在半导体硅材料制造领域拥有多项核心技术和专利。发行人核心管理团队拥有二十多年的半导体行业从业经验，长期致力于半导体硅材料的研发与生产，在研发、生产工艺、质量控制等方面拥有完善的技术储备和强大的技术创新能力。经过近十年的发展，目前发行人在分立器件用半导体硅材料领域尤其是硅研磨片细分领域已具有领先的市场地位。,ir@mtcn.net,"主营业务为半导体硅材料的研发,生产和销售,主要产品为半导体硅片及半导体硅棒.",徐一俊,浙江,9976.0,李志萍,20100125,www.mtcn.net,中晶科技,0,SZSE,SZSE,半导体,31130,-,半导体仪器和材料,31130010,8265662000,2.22,81.91,¥82.82,科技,311,0.0,500,21700,0.0,10000.0,500,0.0,0.0,1.0,47.16,20.0,31.87,159.87,2020-12-31T05:00:00Z,{1_trade_buy},{trade_buy},2020Q4_1752407
688488,2020Q4_1752466,江苏省扬州市邗江区新甘泉西路69号,药品研发、药品生产和销售；人尿蛋白、动物脏器和植物原料有效成分的开发、收购、加工与销售；技术研究开发与转让、技术咨询和技术服务；自营和代理一般商品及技术的进出口业务(不涉及国营贸易管理商品，涉及配额、许可证管理商品的按国家有关规定办理申请)。(经营范围不含国家实施外商投资准入特别管理措施的项目，依法须经批准的项目，经相关部门批准后方可开展经营活动),傅和亮,扬州市,"公司是一家专注于医药领域，集药品研发、生产、销售于一体的高新技术企业,瞄准艾滋病、炎症以及恶性肿瘤等严重威胁人类健康的重大疾病领域，以未被满足的临床需求为导向，致力于探索、研发和销售创新性化学药物以及人源蛋白产品,公司致力于创新药物的研发，曾获国家科技进步二等奖，先后研究开发出国家一类新药和国家二类新药,并着力打造抗肿瘤、抗病毒和心脑血管三大领域，实现“仿制药+创新药”双轮驱动的产品组合布局。",ad@aidea.com.cn,"主营业务为乌司他丁,尤瑞克林,尿激酶等人源蛋白产品以及蜡样芽孢杆菌片,番泻叶颗粒,头孢拉定胶囊等制剂品种的生产销售,此外还经销HIV诊断设备及试剂.",傅和亮,江苏,42000.0,王广蓉,20091215,www.aidea.com.cn,艾迪药业,0,SHSE,SHSE,生物科技,20610,-,生物科技,20610010,9252984000,23.8,-10.49,¥22.18,医疗保健,206,0.0,9900,243200,0.0,10000.0,9900,0.0,0.0,1.0,42.49,24.67,30.71,-27.78,2020-12-31T05:00:00Z,{1_trade_buy},{trade_buy},2020Q4_1752466
300911,2020Q4_1752441,浙江省绍兴市嵊州市浦口街道浙锻路68号,生产、销售：消毒器械(用于餐饮具消毒的消毒器械)；制造、加工、销售：集成灶、油烟机、烤箱、水槽、集成水槽、热水器、洗碗机、集成洗碗机、集成烤箱、集成蒸箱、净水器、空气净化器、浴霸、燃气用具、燃气用具配件、汽车配件、酒柜、橱柜、卫浴设施、电子产品、壁挂炉；太阳能光伏发电；销售：灯具及灯具零配件。(依法须经批准的项目，经相关部门批准后方可开展经营活动),孙伟勇,绍兴市,公司专业从事集成灶等现代新型厨房电器产品的研发、生产和销售，是国内较早以自主品牌生产和销售侧吸下排式集成灶的企业之一。公司以“创建无害厨房环境”作为发展使命，始终致力于为消费者提供健康、环保、节能的厨房电器产品，持续提升顾客的厨房体验，为消费者带来安全健康的品质生活。公司始终坚持走高质量发展之路，近年来先后荣获包括浙江省著名商标、中国厨卫产品创新大奖、全国质量诚信优秀典型企业、浙江省知名商号等在内的多项荣誉，同时公司还是《集成灶》(ZZB032-2015)的起草单位之一。在由浙江省人民政府推动实施的“浙江制造”认证中，公司于2015年成为集成灶行业首家获得认证的企业，并荣获2017年度浙江省人民政府质量奖。经过多年发展，公司已形成了强大的集成灶研发体系、完善的产品生产线及覆盖广泛的多渠道销售网络，通过持续加强设计研发创新、不断改进产品生产工艺，公司集成灶产品的油烟处理性能和外观设计赢得了市场的认可，“亿田”品牌集成灶已成为深受消费者喜爱的厨房电器产品之一。,stock@entive.com,"公司专业从事集成灶等现代新型厨房电器产品的研发,生产和销售,公司主要产品为集成灶,此外公司还向消费者提供吸油烟机,燃气灶,集成水槽,洗碗机等其他厨房电器产品.",孙吉,浙江,10666.67,沈海苹,20030925,www.entive.com,亿田智能,0,SZSE,SZSE,家具制造,10220,-,家具制造,10220010,7038623000,25.33,61.63,¥62.32,周期性消费,102,0.0,300,10200,0.0,10000.0,300,0.0,0.0,1.0,64.09,39.12,47.84,30.27,2020-12-31T05:00:00Z,{1_trade_buy},{trade_buy},2020Q4_1752441
688309,2020Q4_1752463,,,,,,,,,,,,,,恒誉环保,0,SHSE,SHSE,工业制品,31070,-,环境治理,31070040,2233181000,1.78,-14.47,¥28.07,工业,310,0.0,2900,93700,0.0,10000.0,2900,0.0,0.0,1.0,84.22,32.22,45.49,-38.29,2020-12-31T05:00:00Z,{1_trade_buy},{trade_buy},2020Q4_1752463
605155,2020Q4_1752453,浙江省绍兴市柯桥区兰亭镇阮港村,一般项目：玻璃纤维增强塑料制品制造；合成材料制造(不含危险化学品)；新型建筑材料制造(不含危险化学品)；增材制造；针织或钩针编织物及其制品；面料纺织加工；家用纺织制成品制造；家居用品制造；建筑用金属配件制造；玻璃纤维增强塑料制品销售；高性能纤维及复合材料销售；竹制品销售；软木制品制造；建筑装饰材料销售；建筑用金属配件销售；家居用品销售；家具制造；家具销售；纸制品销售；平面设计；劳务服务(不含劳务派遣)；家具安装和维修服务；玻璃纤维及制品销售(除依法须经批准的项目外，凭营业执照依法自主开展经营活动)。许可项目：道路货物运输(不含危险货物)；货物进出口；技术进出口(依法须经批准的项目，经相关部门批准后方可开展经营活动，具体经营项目以审批结果为准)。,柳庆华,绍兴市,公司主要从事功能性遮阳材料的研发、生产和销售，主要产品包括阳光面料、涂层面料和可调光面料等，并逐步向功能性遮阳成品拓展。功能性遮阳材料具有节能、环保、阻燃等优点，符合国家战略性新兴产业发展方向，属于国家大力鼓励发展的新材料行业。基于自主的技术与生产工艺，公司产品的平整度、色牢度、环保性、开孔率等多项指标受下游重要客户认可；公司产品定制化能力出色、质量稳定、综合供应及服务能力强，获得全球众多客户的信赖。公司客户有综合采购的需求，即在同一家供应商处采购多种功能性遮阳材料，以降低谈判、运输及售后成本，提高产品质量稳定性，而公司所掌握的核心技术也有利于产品种类的横向延伸。公司长期专注于功能性遮阳材料的研发和生产，凭借客户和技术优势，经过多年的发展，逐步形成了丰富的产品种类和具有竞争力的产品结构；突破了传统遮阳企业的价格竞争策略，逐步在产品品牌、设计和研发、工艺技术和一体化生产等方面形成了差异化的竞争优势，公司产品远销全球六大洲、60余个国家和地区，已成为我国功能性遮阳材料细分领域的龙头企业。,xidamen@xidamen.com,"发行人主要从事功能性遮阳材料的研发,生产和销售,主要产品包括阳光面料,涂层面料和可调光面料等.",柳庆华,浙江,9600.0,柳英,19971222,www.xidamen.com,西大门,0,SHSE,SHSE,家具制造,10220,-,家具制造,10220010,2069756000,-13.1,-28.38,¥21.51,周期性消费,102,0.0,400,10700,0.0,10000.0,400,0.0,0.0,1.0,30.48,30.48,30.48,-29.43,2020-12-31T05:00:00Z,{1_trade_buy},{trade_buy},2020Q4_1752453
300908,2020Q4_1752438,河南省南阳市西峡县工业大道北段211号,调味品、食品添加剂【辣椒油树脂、食品用香精、食品用天然香料】、水果制品(果酱)、蔬菜制品【食用菌制品(干制食用菌)】、食用植物油、方便食品、罐头制品生产、销售；农业初级产品种植、加工、储存、购销；自营和代理各类货物和技术的进出口业务*(依法需经批准的项目，经相关部门批准后方可开展经营活动),孙耀志,南阳市,公司自2002年成立以来，持续进行调味配料的研发、生产和销售，是国内采用超临界CO2萃取技术生产调味配料的主要生产商之一。公司主营业务为研发、生产、销售调味配料和调味食品。调味配料以花椒、辣椒等香辛植物提取物为代表，调味食品以仲景香菇酱、劲道牛肉酱、仲景调味油为代表。公司以“让健康有滋有味”为使命，以产品差异化为竞争策略，通过不断的品类创新和风味技术创新，实现企业的发展壮大。公司坚持走技术创新、产品创新之路。先后获批建立了“河南省香菇加工工程技术研究中心”、“食品风味物质提取技术河南省工程实验室”、“河南省企业技术中心”。经中国食品科学技术学会鉴评，公司仲景香菇酱系列产品属国内首创，整体技术达到国内领先水平；香菇调味料关键技术研究和产业化应用项目具有原始创新特征；新型香辛料加工关键技术集成与产业化项目整体技术达到国内领先水平。,zhongjing@zhongjing.com.cn,"公司主营业务为研发,生产,销售调味配料和调味食品..主要产品;仲景香菇酱系列,超临界香辛食品配料系列.主要产品为以花椒,辣椒系列为代表的调味配料和以仲景香菇酱,劲道牛肉酱,仲景调味油为代表的调味食品.",朱新成,河南,10000.0,王飞,20020929,www.zhongjing.com.cn,仲景食品,0,SZSE,SZSE,农副加工食品,20525,-,加工食品,20525040,6315599000,-2.59,-19.57,¥61.03,非周期性消费,205,0.0,300,17200,0.0,10000.0,300,0.0,0.0,1.0,120.8,77.3,95.68,-36.21,2020-12-31T05:00:00Z,{1_trade_buy},{trade_buy},2020Q4_1752438
300871,2020Q4_1752424,湖北省武汉市东西湖区新沟街道办事处油纱路52号(107国道与油纱路口),许可项目：兽药生产；兽药经营；饲料添加剂生产。(依法须经批准的项目，经相关部门批准后方可开展经营活动，具体经营项目以相关部门批准文件或许可证件为准)一般项目：饲料添加剂销售；畜牧渔业饲料销售；肥料销售；专用化学产品销售(不含危险化学品)；技术服务、技术开发、技术咨询、技术交流、技术转让、技术推广；(以上经营范围不含特别管理措施)(除依法须经批准的项目外，凭营业执照依法自主开展经营活动),张卫元,武汉市,公司以“致力动保科技，提升生命质量”为使命，主要从事兽用药品(包括化药制剂、原料药、中药制剂)、饲料及添加剂的研发、生产和销售。兽药行业通过多年发展，建立并完善了动物健康成长的保护机制，在预防、治疗和控制各种动物疾病中发挥重要作用，为人类安全和可持续的食物供给提供了坚实保障。公司已建立了完备的产品质量控制体系，产品质量过硬，自2012年起连续6年在农业农村部组织的兽药质量监督抽检中，成为全国一千多家兽药企业中仅有的6家连续保持抽检不合格批次为零的企业之一。公司高度重视技术创新与产品研发在企业发展中的驱动作用，拥有包括7名高级技术职称人员和9名博士组成的研发团队，其中国务院政府特殊津贴专家1人，国家科技部专家库2人，中国兽药典委员1人。公司目前已取得专利35项，其中发明专利28项；已取得3个二类新兽药证书及2个三类新兽药证书；在研项目共计45项，其中一类新兽药项目2项、二类新兽药项目10项、三类及四类新兽药项目共12项；公司科研平台承担了科技部国家重点研发计划、国家科技支撑计划、国家创新基金支持、国家重点研发计划政府间国际科技合作重点专项等项目。,hvsen@whhsyy.com,"主要从事兽用药品(包括化药制剂,原料药,中药制剂),饲料及添加剂的研发,生产和销售.",张卫元,湖北,16576.05,杨凯杰,20020125,www.whhsyy.com,回盛生物,0,SZSE,SZSE,生物科技,20610,-,生物科技,20610010,5917655000,21.33,36.64,¥34.82,医疗保健,206,0.0,900,23900,0.0,10000.0,900,0.0,0.0,1.5,52.33,26.11,33.33,4.47,2020-12-31T05:00:00Z,{1_trade_buy},{trade_buy},2020Q4_1752424
300909,2020Q4_1752439,广东省深圳市宝安区石岩街道爱群路同富裕工业区2-2栋,兴办实业(具体项目另行申报)；国内贸易；进出口业务；房屋租赁。(以上均不含法律、行政法规、国务院决定规定需前置审批和禁止的项目)。研发、生产、销售电子开关、金属薄膜按键、导光膜、背光模组、数码配件、皮套键盘。,李明,深圳市,"公司是国家级高新技术企业和深圳市高新技术企业,专注于导光结构微纳米热压印生产工艺的自主研发，具备较强的技术实力和研发能力,通过自身在光学微结构设计、微纳米压印模具开发、自动化制造等核心环节多年积累的技术优势，为公司产品在输入设备导光结构件及组件、精密按键开关结构件及组件等细分业务领域取得竞争优势奠定了坚实基础。公司的研发能力、生产管理水平、产品质量已得到了下游客户的广泛认可，在笔记本电脑输入设备背光领域先后通过了群光电子、达方电子、光宝科技、精元电脑等全球知名笔记本电脑键盘制造商的合格供应商认证，为其提供笔记本电脑键盘背光模组产品，并最终应用于联想、惠普、戴尔、华硕等全球主流笔记本电脑品牌；同时公司也为华为、OPPO、VIVO、诺基亚、小米、中兴等全球知名手机制造商提供导光膜、金属薄膜开关等功能性结构件、组件，并将金属薄膜开关应用领域延伸至Click Pad，得到了下游笔记本电脑键盘厂商的认可；公司成功研发生产了超小型防水轻触开关，突破了国外超小型防水轻触开关的技术壁垒，实现了国内相关产品的进口替代。",xuwenlong@cn-hcd.com;ir@cn-hcd.com;kangqin@cn-hcd.com,"研发,生产,销售电子开关,金属薄膜按键,导光膜,背光模组;数码配件;皮套键盘;兴办实业(具体项目另行申报);国内贸易,进出口业务;房屋租赁.(以上均不含法律,行政法规,国务院决定规定需前置审批和禁止的项目).",李明,广东,10090.67,许文龙,20040202,www.hcdtechnology.com,汇创达,0,SZSE,SZSE,工业制品,31070,-,电子器械和零件,31070060,4121021000,-6.02,-22.89,¥40.87,工业,310,0.0,400,15700,0.0,10000.0,400,0.0,0.0,1.0,90.17,52.01,67.09,-39.08,2020-12-31T05:00:00Z,{1_trade_buy},{trade_buy},2020Q4_1752439
605179,2020Q4_1752454,浙江省温州市平阳县一鸣工业园,一般项目：家用电器销售；日用品销售；厨具卫具及日用杂品批发；玩具销售；塑料制品销售；印刷专用设备制造；塑料加工专用设备制造(除依法须经批准的项目外，凭营业执照依法自主开展经营活动)。许可项目：食品生产；食品经营；食品互联网销售；餐饮服务；包装装潢印刷品印刷；特定印刷品印刷(依法须经批准的项目，经相关部门批准后方可开展经营活动，具体经营项目以审批结果为准)。,朱立科,温州市,公司主要从事新鲜乳品与烘焙食品的研发、生产、销售及连锁经营业务。其中，乳品主要包括低温巴氏杀菌乳、风味发酵乳、低温调制乳及蛋奶、热奶等特色乳饮品，烘焙食品包括各式短保质期的面包、米制品、中式糕点等。公司产品以“新鲜、健康、营养”为定位，乳品保质期通常在15天以内、烘焙食品保质期通常在3天以内，公司产品主要通过“一鸣真鲜奶吧”专业食品连锁门店进行销售。公司以“新鲜健康的食品、真诚永远的服务”为品牌理念，始终专注于各式新鲜乳品与烘焙食品的研发、制造与销售，以及奶吧连锁经营模式的探索与升级。以“牛奶+面包”的“营养早餐”为起点，公司逐步增加各式鲜牛奶、风味酸奶、三明治等产品，如先后开发了满足营养需求的“真鲜蛋奶”、适于国人温热饮食习惯的“热奶”及可加热饮用的“温酸奶”等畅销创新产品。未来，公司将通过在特种菌株上的基础研发、微生物发酵技术上的工艺改良、饮食口味上的产品创新，持续推出新鲜、健康、营养并满足消费升级饮食需求的新产品。,82091418@qq.com;1009363539@qq.com;inmfood@yi-ming.cn,"主要从事新鲜乳品与烘焙食品的研发,生产,销售及连锁经营业务.其中,乳品主要包括低温巴氏杀菌乳,风味发酵乳,低温调制乳及蛋奶,热奶等特色乳饮品,烘焙食品包括各式短保质期的面包,米制品,中式糕点等.",朱立科,浙江,40100.0,林益雷,20050913,www.inm.cn,一鸣食品,0,SHSE,SHSE,农副加工食品,20525,-,加工食品,20525040,6941387000,-13.4,-0.85,¥17.20,非周期性消费,205,0.0,900,16600,0.0,10000.0,900,0.0,0.0,1.0,17.66,14.59,16.1,6.83,2020-12-31T05:00:00Z,{1_trade_buy},{trade_buy},2020Q4_1752454
688418,2020Q4_1752465,"深圳市南山区粤海街道高新南社区科苑南路3176号彩讯科技大厦五层,六层,十一层",计算机软硬件、电子产品的技术开发及购销；通信信息咨询；经济信息咨询(不含证券咨询、人才中介服务和其他限制项目)；计算机系统集成、通信工程、通信设备、工业自动化、光传输设备、防爆电器、安全技术防范工程、水情自动化系统相关工程、建筑机电安装工程、城市及道路照明工程、建筑智能化工程的设计及施工；国内贸易；经营进出口业务(以上所有项目法律、行政法规、国务院决定禁止的项目除外，限制的项目须取得许可后方可经营)。计算机软硬件、电子产品的生产；软交换设备、矿用通信及自动化产品的生产。销售特种车及零部件，销售车辆的售后服务。(依法须经批准的项目，经相关部门批准后依批准的内容开展经营活动),吴闽华,深圳市,公司为专业从事通信网络设备及技术解决方案的综合通信系统供应商。公司自设立以来，一直专注于通信系统领域，致力于为电信运营商、政府、电力、煤矿等多个行业的部门及企业提供通信系统设备的研发、设计和销售，并为客户提供专业完善的定制化通信技术解决方案。公司的业务范围涵盖公网通信领域和专网通信领域的核心层、汇聚层及接入层等各个通信网络层次，其中，公网通信主要是由电信运营商进行统一的网络建设、运营维护和用户管理，并为社会公众用户提供个人通信服务，公司公网通信领域的终端客户主要为海外的电信运营商，包括印度国有电信(BSNL)、印度TATA、日本软银(Softbank)、菲律宾长途电话公司(PLDT)、意大利Tiscali、英国泽西电信(JT)等。专网通信主要是服务于特定部门或群体的通信网络，在公网通信不能满足各行业特殊应用的情况下，为行业系统内部的生产组织、指挥调度及管理等特殊通信需求而建设，公司专网通信客户覆盖的领域主要为政府、电力、煤矿等行业。经过多年的发展，公司的主营产品从专网通信领域扩大到公网运营商领域，已经发展为国内优秀的通信系统设备及技术解决方案的供应商，产品及解决方案获得各行业客户及海外运营商的广泛认可。,ir@genew.com,"公司是专业从事通信系统设备及技术解决方案的综合通信设备供应商,自设立以来,致力于通信系统设备的研发,设计,生产和销售,公司的主营产品包括软交换,接入网,光网络,应急调度及无线宽带通信设备,涵盖通信网络的核心层,汇聚层及接入层.",吴闽华,广东,19361.0,薛梅芳,20050404,www.genew.com,震有科技,0,SHSE,SHSE,硬件,31120,-,通讯设备,31120010,3450033000,-7.41,-30.98,¥17.73,科技,311,0.0,6200,158400,0.0,10000.0,6200,0.0,0.0,1.0,58.0,25.54,36.75,-51.76,2020-12-31T05:00:00Z,{1_trade_buy},{trade_buy},2020Q4_1752465
300910,2020Q4_1752440,河南省新乡市新乡县大召营镇(新获路北),信息记录材料、油品添加剂材料、聚烯烃抗氧剂、重烷基苯磺酸(不含易燃易爆有毒及化学危险品)生产、销售；对外贸易经营。(依法须经批准的项目，经相关部门批准后方可开展经营活动),郭春萱,新乡市,公司在精细化工新材料领域深耕发展，凭借技术优势和产品优势，已发展成为国内领先的润滑油添加剂供应商和全球主要的无碳纸显色剂供应商。公司主要从事油品添加剂、无碳纸显色剂等精细化工系列产品的研发、生产和销售。公司拥有比较完善的生产设备和生产技术工艺，凭借技术优势和产品优势，已发展成为国内领先的润滑油添加剂供应商和全球主要的无碳纸显色剂供应商。公司产品为精细化工品，按用途可以分为润滑油添加剂、无碳纸显色剂两大类。其中润滑油添加剂又分为单剂和复合剂。单剂产品通常对于润滑油的性能改善只具有单一的功效，单剂产品主要有清净剂、分散剂、抗氧抗腐剂、高温抗氧剂等；复合剂通常具有复合效应，主要为多种上述单剂产品与不同类型的基础油混合加工而成。公司整体技术水平国内领先，目前拥有多项国内外发明专利。公司掌握多项业界领先的核心技术，目前已获得授权国内发明专利9项、国外发明专利3项、实用新型专利3项，并有多项国内外发明专利正在申请中。,zqb@sinoruifeng.com,"公司主要从事油品添加剂,无碳纸显色剂等精细化工系列产品的研发,生产和销售.公司产品为精细化工品,按用途可以分为润滑油添加剂,无碳纸显色剂两大类.",郭春萱,河南,15000.0,尚庆春,19961111,www.sinoruifeng.com,瑞丰新材,0,SZSE,SZSE,化工,10130,-,化学制品,10130010,12110288000,8.73,28.8,¥82.04,基础材料,101,0.0,500,22700,0.0,10000.0,500,0.0,0.0,1.0,107.56,62.0,78.75,4.18,2020-12-31T05:00:00Z,{1_trade_buy},{trade_buy},2020Q4_1752440
003030,2020Q4_1752410,浙江省杭州市滨江区江陵路77号,生产：豆制品(非发酵性豆制品、其他豆制品)，饮料(蛋白饮料类)，蛋制品(其他类)，果冻，淀粉及淀粉制品(淀粉制品)，罐头(其他罐头)；批发、零售(含网上销售)：食品，初级食用农产品(除药品)；服务：豆制品、豆制品设备的技术开发、技术咨询、成果转让，豆制品检测；收购本企业生产所需的原辅材料(限直接向第一产业的原始生产者收购)；货物进出口(法律、行政法规禁止经营的项目除外，法律、行政法规限制经营的项目取得许可后方可经营)；其他无需报经审批的一切合法项目。(依法须经批准的项目，经相关部门批准后方可开展经营活动),蔡祖明,杭州市,公司从创建至今，一直秉持“做健康食品，关注人类健康”的理念，凭借优质的产品和完善的服务，产品深耕江浙沪地区并且覆盖国内绝大多数省、自治区和直辖市，客户涵盖大润发、欧尚、永辉、世纪联华、华润万家、物美、三江超市、家乐福等大中型超市，海底捞、外婆家、老娘舅、杨国福等知名餐饮机构，盒马鲜生、叮咚买菜、每日优鲜等生鲜专营新零售平台，赢得了消费者和市场的高度认可。公司是江浙沪地区的豆制品领导品牌之一，是CAC国际标准以及国家标准、多个行业标准起草单位之一。近年来，公司先后获得下列主要荣誉或称号：“中国驰名商标”“浙江省著名商标”“中国绿色食品博览会金奖”“中国豆制品质量安全示范单位”“浙江省名牌产品”“浙江省知名商号”“浙江农博十大企业知名品牌农产品”“G20杭州峰会食材总仓供应企业”公司产品先后获得下列主要荣誉或称号：“第十四届、第十六届中国国际农产品交易会参展农产品金奖”“中国豆制品行业科技进步奖一等奖”“长江三角洲地区名优食品”。,zumingzqb@chinazuming.cn,"主营业务为豆制品的研发,生产和销售,主要产品为生鲜豆制品,植物蛋白饮品,休闲豆制品等",蔡祖明,浙江,12478.0,高锋,20000218,www.chinazuming.cn,祖名股份,0,SZSE,SZSE,农副加工食品,20525,-,加工食品,20525040,3430347000,-19.94,0.0,¥27.66,非周期性消费,205,0.0,500,7300,0.0,10000.0,500,0.0,0.0,1.0,0.0,0.0,0.0,0.0,2020-12-31T05:00:00Z,{1_trade_buy},{trade_buy},2020Q4_1752410
300889,2020Q4_1752433,广东省深圳市宝安区松岗街道松岗大道11号健仓科技园一栋,从事LED点光源、LED日光灯、灯光控制器的生产、研发和销售；从事光电产品、太阳能产品、电子产品、半导体、智能控制系统及软件的生产、研发和销售；智能化控制系统、智能照明、软件、计算机领域内的技术研发、咨询、服务；市政工程、园林绿化工程施工；城市及道路照明工程专业承包、智能化工程专业承包；照明工程设计、照明技术的开发；房屋租售、国内贸易(不含专营、专卖、专控商品)；经营进出口业务(法律、行政法规、国务院决定禁止的项目除外，限制的项目须取得许可后方可经营)。,谢明武,深圳市,公司是从事景观照明智能控制系统及LED景观照明灯具的研发、生产和销售的国家级高新技术企业，公司始终以客户需求为导向，致力于为客户提供稳定可靠的LED景观照明产品。公司专注于景观照明领域的技术研发、产品设计与生产制造，在智能控制系统和景观照明产品领域具备较强的产品开发和制造能力，能够满足客户大规模的定制化需求，已成为国内大型景观照明项目所需产品的核心供应商之一。公司产品成功应用于国内诸多大型城市整体亮化项目，包括深圳改革开放40周年庆典主题灯光秀项目、青岛上合组织峰会主题灯光秀项目、厦门金砖会议主题灯光秀项目、杭州G20峰会钱江新城主题灯光秀项目、武汉两江四岸长江灯光秀项目等。公司已被认定为广东省景观LED工程技术研究中心。公司产品被认定为广东省名牌产品，产品通过了CCC认证、CE认证、CQC认证及ROHS认证。,exc@exc-led.com,"从事景观照明智能控制系统及LED景观照明灯具的研发,生产和销售,主要产品为景观照明智能控制系统和LED景观照明灯具系列产品.",张锋斌,广东,15600.0,陈永建,20090918,www.exc-led.com,爱克股份,0,SZSE,SZSE,硬件,31120,-,电子元件,31120040,3528428000,-17.63,-27.32,¥22.33,科技,311,0.0,500,14400,0.0,10000.0,500,0.0,0.0,1.0,64.15,30.53,40.96,-45.48,2020-12-31T05:00:00Z,{1_trade_buy},{trade_buy},2020Q4_1752433
003031,2020Q4_1752411,河北省石家庄市鹿泉经济开发区昌盛大街21号,电子封装及精细陶瓷的研发、生产、销售；电子元器件、半导体元器件、集成电路、汽车电子部件、零部件的研发、生产及销售；陶瓷材料、电子专用材料、金属制品的研发、生产及销售；半导体器件专用设备、电子专用设备的制造及销售；软件设计、技术咨询、技术服务、技术转让及进出口业务。,王强,石家庄市,公司是专业从事电子陶瓷系列产品研发、生产和销售的高新技术企业，致力于成为世界一流的电子陶瓷产品供应商，为客户提供创新、高品质、有竞争力的电子陶瓷产品。经过十年来的发展，公司已成为国内领先的电子陶瓷高新技术企业，拥有河北省企业技术中心、河北省工程技术中心，作为牵头单位承担国家科技重大专项、工业强基等多项国家和省市电子陶瓷领域的重大科技攻关和产业化项目，在国内电子陶瓷行业具有重要影响力。公司定位为高端的电子陶瓷外壳产品供应商，产品质量可靠，行业知名度较高。经过多年的积累，公司已成为大批国内外电子行业领先企业的供应商，甚至是核心供应商，并与其建立了长期、稳定的合作关系。在光通信领域，全球多家著名的光电器件厂商均是公司客户；在无线通信领域，NXP、Infineon等世界知名的半导体公司为公司客户；公司业与国内著名的通信厂商华为、中兴建立了合作关系，合作范围不断扩大。,zcdzzqb@sinopack.cc;dan.wang@sinopack.cc;hui.dong@sinopack.cc,"主要产品为电子陶瓷系列产品,分为四大系列:通信器件用电子陶瓷外壳,工业激光器用电子陶瓷外壳,消费电子陶瓷外壳及基板,汽车电子件,专业从事电子陶瓷系列产品研发,生产和销售.",付花亮,河北,14933.33,董惠,20090806,www.sinopack.com.cn,中瓷电子,0,SZSE,SZSE,工业制品,31070,-,电子器械和零件,31070060,7794265000,16.36,0.0,¥52.80,工业,310,0.0,400,5900,0.0,10000.0,400,0.0,0.0,1.0,0.0,0.0,0.0,0.0,2020-12-31T05:00:00Z,{1_trade_buy},{trade_buy},2020Q4_1752411
688508,2020Q4_1752467,"江苏省无锡市新吴区龙山路2-18-2401,2402","电子元器件、集成电路及产品的研发、设计、生产、销售及相关技术服务;自营各类商品和技术的进出口。(依法须经批准的项目,经相关部门批准后方可开展经营活动)",张立新,无锡市,公司是国内智能家电、标准电源、移动数码等行业电源管理芯片的重要供应商，在国内生活家电、标准电源等领域实现对进口品牌的大批量替代，并在大家电、工业电源及驱动等领域率先实现突破。公司产品的知名终端客户主要包括美的、格力、创维、飞利浦、苏泊尔、九阳、莱克、中兴通讯、华为等。公司是享受国家规划布局内重点集成电路设计企业税收优惠的企业和高新技术企业、中国电源学会常务理事单位，主持或参与了《家用电器待机功率测量方法》、《智能家用电器通用技术要求》和《智能家用电器系统架构和参考模型》等多项家电国家标准的起草制定，获得了中国半导体行业协会颁发的“第六届中国半导体创新产品”、2019年第十四届“中国芯-优秀技术创新产品奖”等多项行业荣誉和奖项。,ir@chipown.com.cn;yihm@chipown.com.cn,"主要产品为电源管理芯片(Power Management Integrated Circuits),目前在产的电源管理芯片共计超过500个型号.主营业务为电源管理集成电路的研发和销售.",易扬波,江苏,11280.0,易慧敏,20051223,www.chipown.com.cn,芯朋微,0,SHSE,SHSE,半导体,31130,-,半导体,31130020,10322124000,27.46,-2.75,¥99.67,科技,311,0.0,3700,342700,0.0,10000.0,3700,0.0,0.0,1.0,156.0,90.0,113.35,-12.07,2020-12-31T05:00:00Z,{1_trade_buy},{trade_buy},2020Q4_1752467
605186,2020Q4_1752455,上海市浦东新区张衡路1000弄22号,从事信息技术、自动化设备领域的技术开发、技术咨询、技术服务、技术转让，电子产品、网络设备及配件、自动化设备、计算机、软件及辅助设备的批发、零售、自有设备租赁，计算机软件开发，计算机信息系统集成，第一类医疗器械销售，第二类医疗器械销售，第三类医疗器械经营。【依法须经批准的项目，经相关部门批准后方可开展经营活动】,戴建伟,上海市,"公司是一家医药自动化设备与医药信息化服务提供商，为医疗服务和医药流通行业的药品智能化管理提供相应的产品及服务，旨在提升相关机构的工作效率、服务质量和管理水平，减少患者排队等候时间,提升患者的就医体验，减少医务人员与危害药品的直接接触，改善医务人员的工作条件。公司拥有稳定的客户群体，与华润医药、国药控股、上海医药、柳药股份、重庆医药等大型医药流通企业和各医疗服务机构建立了良好的合作关系，同时已与阿里健康、平安健康和同仁堂等客户展开合作。公司为高新技术企业，已构建了完善的研发体系，与多家医院实施了各类智能化药品管理项目，包括北京协和医院、上海交通大学医学院附属瑞金医院、中山大学附属第一医院、复旦大学附属华山医院、北京大学第一医院、北京大学人民医院、南方医科大学南方医院、上海交通大学医学院附属仁济医院、山东大学齐鲁医院、郑州大学第一附属医院在内的等众多知名医疗机构均使用公司的产品。",stock@g-healthy.com,为医疗服务和医药流通行业的药品智能化管理提供相应的产品及服务,戴建伟,上海,13600.0,邱泓,20140711,www.g-healthy.com,健麾信息,0,SHSE,SHSE,医疗器械,20650,-,医疗设备,20650010,5316455000,72.34,42.2,¥39.48,医疗保健,206,0.0,600,17600,0.0,10000.0,600,0.0,0.0,1.0,32.95,22.5,27.95,41.25,2020-12-31T05:00:00Z,{1_trade_buy},{trade_buy},2020Q4_1752455
300870,2020Q4_1752423,"广东省深圳市宝安区西乡街道固戍二路星辉工业厂区厂房一,二,三(星辉科技园A,B,C栋)",生产经营各类变压器、稳压电源、磁敏传感器及其它电子元器件(不含国家限制项目)、灯具及照明装置。电子数码产品及配件、移动电源、计算机及其周边产品、蓝牙产品、家电音响产品及配件、无线数据传输设备和终端、光传输设备和终端的研发、批发、进出口及相关配套业务(不涉及国营贸易管理商品，涉及配额、许可证管理及其它专项规定管理的商品，按国家有关规定办理申请)。数据传输软件、自动化控制系统、通信技术的研发；计算机软件开发，转让自行开发的技术成果。,王合球,深圳市,"公司是中国大陆南部最大开关电源适配器生产商之一。集开发、生产、销售于一体，集中生产开关电源,开关适配器、充电器、直流转换器、电子变压器、感应器和LED电源等电子消费产品。公司在开关电源领域深耕多年，为国家高新技术企业，并设有深圳市企业技术中心、博士后创新实践基地和广东省高能效智能电源及电源管理工程技术研究中心。公司以客户需求为导向，致力于为客户提供可靠、高效、智能的开关电源产品，并在研发创新、生产工艺等方面积累了丰富的核心技术，截至目前，公司拥有71项专利技术、30项软件著作权和多项专有技术。公司始终高度重视产品质量，已通过了ISO9001:2015质量管理体系证书及QC080000:2017有害物质过程管理体系、ANSI/ESD S20.20：2014静电防护体系认证，并依据体系实施了完善的质量控制。报告期内，公司产品通过中国CCC、新加坡PSB、韩国KC、泰国TISI、墨西哥NOM、南非NRCS、美国UL、美国FCC、欧盟GS、欧盟CE等多国和地区的产品安全及电磁兼容认证。",Ir1@honor-cn.com,"主要从事开关电源产品的研发,生产与销售.公司主要产品包括电源适配器和服务器电源等,公司产品广泛应用于办公电子,机顶盒,网络通信,安防监控,音响,金融POS终端,数据中心等众多领域.",王合球,广东,10120.0,尚韵思,19960529,www.honor-cn.com,欧陆通,0,SZSE,SZSE,工业制品,31070,-,电子器械和零件,31070060,5722230000,-0.04,-17.26,¥54.63,工业,310,0.0,500,31400,0.0,10000.0,500,0.0,0.0,1.0,99.3,66.8,82.35,-33.66,2020-12-31T05:00:00Z,{1_trade_buy},{trade_buy},2020Q4_1752423
603345,2020Q4_1752451,福建省厦门市海沧区新阳路2508号,速冻食品制造；肉制品及副产品加工；鱼糜制品及水产品干腌制加工；收购农副产品(不含粮食与种子)；经营本企业自产产品的出口业务和本企业所需的机械设备、零配件、原辅材料的进口业务(不另附进出口商品目录)，但国家限定公司经营或禁止进出口的商品及技术除外；其他未列明服务业(不含需经许可审批的项目)。,刘鸣鸣,厦门市,公司主要从事火锅料制品(以速冻鱼糜制品、速冻肉制品为主)和速冻面米制品的研发、生产和销售。经过十多年的发展，公司形成了以华东地区为中心、辐射全国的营销网络，逐步成长为国内较具影响力和知名度的速冻食品生产企业。公司荣获由国家发改委、国家科技部等5部委联合认定的火锅料行业首家“国家级企业技术中心”、农业部颁发的“农业产业化国家重点龙头企业”和“全国主食加工业示范企业”称号、中国合格评定国家认可委员会颁发的“CNAS国家实验室证书”以及“全国工业品牌培育示范企业”、“出入境检验检疫信用管理AA级企业”、“福建省海洋产业龙头企业”等多项殊荣。,zhengquanbu@anjoyfood.com;linyang@anjoyfood.com,"主营业务为火锅料制品,速冻面米制品等速冻食品的研发,生产和销售.主要产品为“安井”牌速冻食品,品种达300余种.",张清苗,福建,24442.44,梁晨,20011224,www.anjoyfood.com,安井食品,2017,SHSE,SHSE,农副加工食品,20525,-,加工食品,20525040,48995111000,-13.43,4.08,¥191.77,非周期性消费,205,0.65,1600000,308584700,3.77,700.4,1400100,3.3,3.3,1.0,196.56,115.96,166.54,15.15,2020-12-31T05:00:00Z,{2_trade_add},{trade_add} 700.40 %,2020Q4_1752451
002706,2020Q4_1752404,上海市浦东新区申江南路2000号,许可项目：各类工程建设活动；施工专业作业；电力设施承装、承修、承试；货物进出口；技术进出口；道路货物运输(不含危险货物)。(依法须经批准的项目，经相关部门批准后方可开展经营活动，具体经营项目以相关部门批准文件或许可证件为准)一般项目：电器元件、成套设备及控制系统的研发、设计、制造、销售及技术服务，智能家庭消费设备、仪器仪表、灯具、照明器具、电子产品的自动化设备销售，从事智能科技、安防科技、建筑科技、能源科技、网络科技、消防科技、电子产品科技领域内的技术开发、技术转让、技术咨询、技术服务，人工智能行业应用系统集成服务、工业设计服务，合同能源管理，机器设备的融物租赁，自有房屋的租赁，互联网销售(除销售需要许可的商品)。(除依法须经批准的项目外，凭营业执照依法自主开展经营活动),任思龙,上海市,公司是国内低压电器行业中专注于中、高端市场产品研发、生产和销售的领先公司之一。以客户为中心，以市场为导向，公司以较快的速度自主研发并以较高的性价比推出行业内先进的产品，替代国际知名品牌，打造民族产品品牌，公司还拥有近百项专利。公司是上海市高新技术企业、上海市科技小巨人企业、上海市名牌产品企业，并作为行业企业代表，参与了国家标准化技术委员会低压电器标委会相关标准的制定和修订。目前，公司产品在电力、通信、建筑、冶金、石化等行业中到广泛应用，成为华为技术、唐山松下、三菱电梯、西安高压、中兴通讯、万科地产、绿地集团等众多中国知名企业的合作伙伴，同时也被美国GE、艾默生网络能源等诸多国际百强企业认可，成为其全球供应商。,fangyan@sh-liangxin.com;chengqiugao@sh-liangxin.com,"主营业务:低压电器产品的研发,生产与销售.主要产品为小型断路器,小型直流断路器,剩余电流动作断路器,隔离开关,模数化插座,模数化终端组合配电箱;塑料外壳式断路器,万能式框架断路器,自动转换开关电器;交流接触器,电子式过载继电器,切换电容器接触器,星-三角起动器,接触器式继电器,设备用断路器.",陈平,上海,101912.37,程秋高,19990107,www.sh-liangxin.com,良信股份,2015,SZSE,SZSE,工业制品,31070,-,电子器械和零件,31070060,21329891000,-10.32,-9.5,¥21.06,工业,310,0.8,8124870,191497000,2.34,129.19,4579900,1.32,1.32,1.3,23.57,13.23,19.37,8.72,2020-12-31T05:00:00Z,{2_trade_add},{trade_add} 129.19 %,2020Q4_1752404
603713,2020Q4_1752452,上海市浦东新区锦绣东路2777弄锦绣申江华虹创新园39号楼,承办海运、公路、航空进出口货物的国际运输代理业务，包括揽货、订舱、仓储、中转、集装箱拼装拆箱、结算运杂费、报关、报验及咨询业务，民用航空运输销售代理，在上海海关的关区内从事报关业务，商务咨询，销售、租赁、维修集装箱，机电设备租赁，道路搬运装卸，企业管理；无船承运业务，从事货物及技术的进出口业务，化工原料及产品(除危险化学品、监控化学品、烟花爆竹、民用爆炸物品、易制毒化学品)的销售。【依法须经批准的项目，经相关部门批准后方可开展经营活动】,陈银河,上海市,公司始终专注于化工供应链更安全、更高效的运营。公司主营现代物流业，属于生产性服务业，作为专业化工供应链服务商，提供以货运代理、仓储和运输为核心的一站式综合物流服务，以及化工品交易服务。公司从事的一站式综合物流服务是指接受客户委托，提供全球点到点的物流服务，通过个性化的物流解决方案及供应链管理方案，在各环节为客户提供安全、高效、环保的专业化工物流服务。通过20多年的行业运营，公司已与国内外众多著名化工企业形成长期合作关系，包括全球最大的化工企业巴斯夫集团、全球第二大化工企业陶氏集团等全球最著名的跨国化工企业。公司关心员工的健康，注重企业的社会责任及可持续发展，精益求精，止于至善，矢志为成就引领全球化工供应链服务的民族品牌而努力拼搏。公司获得了ISO9001:2008质量管理体系认证，在质量安全体系管控下实现平稳运营，取得客户的高度认可。,ir@mwclg.com,"公司主营现代物流业,属于生产性服务业,作为专业化工供应链服务商,提供以货运代理,仓储和运输为核心的一站式综合物流服务,以及化工品交易服务.",陈银河,上海,15473.7,缪蕾敏,19970328,www.mwclg.com,密尔克卫,2019,SHSE,SHSE,交通运输,31080,-,装卸搬运和其他运输代理,31080060,16572581000,-20.7,-22.7,¥98.45,工业,310,1.31,2150100,281641600,3.44,59.27,800100,1.28,1.28,1.0,134.5,108.41,121.3,-18.84,2020-12-31T05:00:00Z,{2_trade_add},{trade_add} 59.27 %,2020Q4_1752452
600519,2020Q4_1752444,贵州省仁怀市茅台镇,茅台酒系列产品的生产与销售；饮料、食品、包装材料的生产、销售；防伪技术开发、信息产业相关产品的研制、开发；酒店经营管理、住宿、餐饮、娱乐、洗浴及停车场管理服务(具体内容以工商核定登记为准)。,高卫东,遵义市,公司是国内白酒行业的标志性企业，主要生产销售世界三大名酒之一的茅台酒，同时进行饮料、食品、包装材料的生产和销售，防伪技术开发，信息产业相关产品的研制开发。茅台酒历史悠久，源远流长，是酱香型白酒的典型代表，享有“国酒”的美称。目前，公司茅台酒年生产量已突破一万吨，43°、38°、33°茅台酒拓展了茅台酒家族低度酒的发展空间，茅台王子酒、茅台迎宾酒满足了中低档消费者的需求，15年、30年、50年、80年陈年茅台酒填补了我国极品酒、年份酒、陈年老窖的空白，在国内独创年代梯级式的产品开发模式。公司产品形成了低度、高中低档、极品三大系列70多个规格品种，全方位跻身市场，从而占据了白酒市场制高点，称雄于中国极品酒市场。,mtdm@moutaichina.com,"主要产品:高度茅台酒(含陈年茅台酒),低度茅台酒.",李静仁,贵州,125619.78,刘刚,19991120,www.moutaichina.com,贵州茅台,2014,SHSE,SHSE,酒精饮料,20510,-,其他酒类,20510020,2482710431000,0.08,0.97,¥1950.49,非周期性消费,205,0.04,480000,959040000,11.71,14.29,60000,1.46,1.46,1.0,1998.0,1541.79,1721.71,13.29,2020-12-31T05:00:00Z,{2_trade_add},{trade_add} 14.29 %,2020Q4_1752444
002821,2020Q4_1752405,天津市经济技术开发区第七大街71号,开发、生产、销售高新医药原料及中间体和生物技术产品，制剂研发，相关设备、配件的进出口、批发零售业务(不设店铺)以及上述相关技术咨询服务和技术转让。,HAO HONG,天津市,公司是一家国内领先的CDMO(医药合同定制研发生产)企业，主要致力于全球制药工艺的技术创新和商业化应用，为国内外大中型制药企业、生物技术企业提供药物研发、生产一站式CMC服务。凯莱英积极布局国内市场，目前已形成包括国内创新药CMC服务、MAH业务、制剂研发生产、仿制药一致性评价、临床试验服务、生物样本检测以及药品注册申报等在内的全方位服务体系。公司坚持以技术革新作为核心驱动力，不断研发出多项国际领先专利技术并运用于商业化生产，深耕cGMP高级中间体和原料药领域，服务默沙东、辉瑞、百时美施贵宝、艾伯维、礼来等国内外大中型制药公司，形成与国内外制药巨头深度的嵌入式合作关系。,securities@asymchem.com.cn,"主营业务:从事服务于创新药和重磅药物的医药外包服务,主要提供从临床Ⅰ期,Ⅱ期,Ⅲ期至上市后不同阶段的一站式服务,为临床新药提供工艺研发和制备.主要产品覆盖面为创新药和重磅药物.",HAO HONG,天津,24262.67,徐向科,19981007,www.asymchem.com.cn,凯莱英,2017,SZSE,SZSE,生物科技,20610,-,生物科技,20610010,87340287000,25.44,22.95,¥353.50,医疗保健,206,0.41,1000100,299155000,3.65,11.11,100000,0.36,0.36,1.0,299.14,213.92,255.26,38.49,2020-12-31T05:00:00Z,{2_trade_add},{trade_add} 11.11 %,2020Q4_1752405
300760,2020Q4_1752418,广东省深圳市南山区高新技术产业园区科技南十二路迈瑞大厦1-4层,生产经营医疗电子仪器及其配套试剂及产品的软件开发(不含国家限制项目)；自产产品售后服务，自有房屋租赁。,李西廷,深圳市,公司是中国领先的高科技医疗设备研发制造厂商，为全球市场提供医疗器械产品。公司的主营业务覆盖生命信息与支持、体外诊断、医学影像三大领域，通过前沿技术创新，提供更完善的产品解决方案，帮助世界改善医疗条件、提高诊疗效率。公司始终致力于临床医疗设备的研发和制造，产品涵盖生命信息与支持、临床检验及试剂、数字超声、放射影像四大领域，将性能与价格完美平衡的医疗电子产品带到世界每一角落。,ir@mindray.com,"主营业务:公司主要从事医疗器械的研发,制造,营销及服务,主要产品涵盖三大领域:生命信息与支持,体外诊断以及医学影像,目前已拥有丰富的产品品类.",吴昊,广东,121569.13,李文楣,19990125,www.mindray.com,迈瑞医疗,2019,SZSE,SZSE,医疗器械,20650,-,医疗设备,20650010,548906596000,15.47,7.75,¥434.02,医疗保健,206,0.11,1300000,553800000,6.76,1.56,20000,0.1,0.1,1.0,426.0,290.82,347.05,25.06,2020-12-31T05:00:00Z,{2_trade_add},{trade_add} 1.56 %,2020Q4_1752418
688051,2020Q4_1752459,"北京市通州区嘉创路10号院6号楼1层,2层,3层",技术推广；软件开发；销售专用设备、机械设备；机械设备研发；计算机系统集成；产品设计；经营电信业务；工程设计；工程勘探；专业承包；施工总承包；劳务分包；数据处理；信息处理和存储支持服务；应用软件服务；基础软件服务(不含医用软件)；运行维护服务；环境保护监测；委托加工汽车配件；销售汽车、计算机、软件及辅助设备；建设项目工程管理。(企业依法自主选择经营项目，开展经营活动；经营电信业务、工程勘探、工程设计以及依法须经批准的项目，经相关部门批准后依批准的内容开展经营活动；不得从事国家和本市产业政策禁止和限制类项目的经营活动。),李玮,北京市,公司是一家致力于科技创新，集物联网智能制造、数据采集、数据融合、智能分析为一体的物联网大数据服务企业，聚焦智慧环保领域，拓展智慧城市应用。公司的主营业务包括物联网解决方案和物联网大数据服务，其中物联网大数据服务系物联网解决方案的迭代升级。公司深耕物联网领域十余年，积累了丰富的物联网解决方案项目经验，通过持续研发投入和技术创新，公司形成自主知识产权的IoT平台、云链数据库、AI算法等技术优势，成为一家覆盖物联网全产业链的物联网大数据服务企业。公司拥有国际软件能力成熟度认证评估的最高资质CMMI5资质，以及电子与智能化工程专业承包壹级(最高资质)、建筑智能化系统设计专项甲级(最高资质)、信息系统集成及服务一级、安全防范工程设计施工壹级等50余项资质和产品认证。2018年，公司被评为“环保产业协会第五届常务理事”，公司的山西太原智慧环保入围中国信息通信研究院评选的“2018年智慧城市城市治理领域十大优秀解决方案”。,rk@rockontrol.com,"主营业务包括物联网解决方案和物联网大数据服务,其中物联网大数据服务系物联网解决方案的迭代升级.",李玮,北京,7733.4,王转转,20070914,www.rockontrol.com,佳华科技,0,SHSE,SHSE,软件,31110,-,软件应用,31110020,4988971000,-13.0,-20.0,¥63.81,科技,311,0.01,4100,329000,0.0,0.0,0,0.0,0.0,1.0,126.5,77.06,98.71,-35.36,2020-12-31T05:00:00Z,{3_not_change},-,2020Q4_1752459
002127,2020Q4_1752400,上海市杨浦区江湾城路99号尚浦中心3号楼7-10楼,从事互联网零售、对外贸易；对外投资、投资管理及咨询、企业管理信息咨询；电子商务技术支持及信息咨询、商务咨询、市场营销策划；会务服务，品牌设计，品牌管理，公关活动策划，文化艺术交流活动策划，企业形象策划，展览展示服务，摄影服务，文化教育信息咨询；农产品加工与销售；网络技术、信息技术及纺织技术的开发、转让、咨询及服务；质量管理咨询及技术服务；针纺织品、服装服饰、皮革制品、箱包、鞋帽、床上用品、工艺礼品、洗涤用品、宠物用品、化妆品、护肤用品、摄影器材、玩具、音响设备及器材、劳防用品、金属制品、家具、家用电器、厨房用品、通讯设备、电子产品、水处理净化设备、五金交电、文教用品、办公用品、服装面料、服装辅料的销售；预包装食品(不含冷藏冷冻食品)销售；设计、制作、代理、发布各类广告；软件研发。(依法须经批准的项目，经相关部门批准后方可开展经营活动),张玉祥,苏州市,公司原是以化纤纺丝、织造为主业，印染、服装、纺织助剂、贸易等多元发展的综合性股份制企业。2015年通过重大资产重组，公司将原有盈利能力较弱、未来增长乏力的织造业务出售，注入盈利能力较强、发展前景广阔的电商生态综合服务业务，公司主营业务转变为向千万家小微电商及供应商提供品牌授权服务、电商生态综合服务、柔性供应链园区服务，并经营货品销售业务。坚持“互联网思维颠覆传统”的理念，提供品牌授权服务，打造专业的电商生态综合服务平台、一站通柔性供应链平台，并积极开拓专业电商增值服务、O2O零售连锁终端业务和明星港商城市场。,nanjids@nanjids.com;shiyuting@nanjids.com;zhangyuxiang@nanjids.com,"主营业务:品牌综合服务业务,货品销售,园区平台服务业务,经销商品牌授权业务.",张玉祥,江苏,245487.04,张玉祥,19990712,www.nanjids.com,南极电商,2020,SZSE,SZSE,交互式媒体,30830,-,互联网和相关服务,30830010,29702190000,34.57,-9.89,¥11.99,通信服务,308,1.22,30000000,410400000,5.01,-28.57,-12000000,-3.01,3.01,1.0,20.64,13.66,17.24,-30.45,2020-12-31T05:00:00Z,{4_trade_reduce},{trade_reduce} 28.57 %,2020Q4_1752400
300413,2020Q4_1752417,湖南省长沙市金鹰影视文化城金鹰阁,广播电视节目制作；文化娱乐经纪；演出经纪；电子产品及配件的技术咨询服务；智能技术咨询、服务；计算机硬件开发；计算机网络系统工程服务；计算机技术转让；计算机网络平台的开发及建设；计算机技术咨询；计算机技术开发、技术服务；信息网络传播视听节目业务；电子产品及配件、智能产品的销售；电子产品、智能化技术的研发；日用化学品、日用百货、文体用品、玩具、五金工具、家用电器、服装鞋帽、家具、通讯器材、首饰珠宝零售；旅游产品开发、销售，旅游信息咨询、服务；广告设计及户外广告发布、代理电视、报纸广告；活动策划、展览、培训；预包装食品、酒类销售；中药、保健食品、医疗器械、音像制品、书报刊零售；第二类增值电信业务中的信息服务业务(不含固定网电话信息服务业务和移动网信息服务)；保险兼业代理；自营和代理各类商品及技术的进出口，但国家限定公司经营或禁止进出口的商品和技术除外；化肥零售；销售不再分装的包装种子；林木种子、农作物种子的销售。(依法须经批准的项目，经相关部门批准后方可开展经营活动),张华立,长沙市,公司是湖南广播电视台旗下统一的新媒体产业及资本运营平台，与湖南卫视共同构成芒果生态内的双平台驱动、全媒体融合发展格局。公司聚焦媒体主业，以芒果TV融合媒体平台为主阵地，秉持平台精准内容与核心自主技术双轮驱动理念，充分发挥研发、生产、发行、牌照、政策优势，服务全国及海外亿级新媒体用户，持续打造A股市场第一家以融合发展为标志，具有引领力、传播力和影响力的国有新媒体上市公司，全力向国内最具创新活力和有全球影响力的新型主流媒体集团战略目标迈进。,mangocm@mangocm.com,"新媒体平台运营业务,新媒体互动娱乐内容制作,媒体零售业务",蔡怀军,湖南,178037.75,吴俊,20051228,www.happigo.com,芒果超媒,2020,SZSE,SZSE,零售,10280,-,网络零售,10280050,108146579000,-0.6,-17.23,¥59.64,周期性消费,102,0.17,3000100,217505100,2.66,-28.57,-1199900,-0.93,0.93,1.0,79.82,59.58,68.59,-13.05,2020-12-31T05:00:00Z,{4_trade_reduce},{trade_reduce} 28.57 %,2020Q4_1752417
603259,2020Q4_1752450,上海市浦东新区外高桥保税区富特中路288号,开发研究及报批新药，医药中间体和精细化工产品(不含危险化学品)的研发；医药科技、生物技术、组合化学、有机化学、医疗科技、检测技术、计算机科技的技术开发、技术转让、技术服务和技术咨询；一类医疗器械、药品的批发，机械设备及零配件的销售；自营和代理各类商品及技术的进出口业务(国家限定企业经营或禁止进出口的商品和技术除外)；企业管理咨询、医药信息咨询、健康咨询(不含诊疗活动、心理咨询)；房屋租赁；会议及展览服务；利用自有资金对外投资。(依法须经批准的项目，经相关部门批准后方可开展经营活动)(最终以工商核定为准)。,李革,无锡市,公司是全球领先的制药以及医疗器械研发开放式能力和技术平台企业。作为一家以研究为首任，以客户为中心的公司，药明康德向全球制药公司、生物技术公司以及医疗器械公司提供一系列全方位的实验室研发、研究生产服务，服务范围贯穿从小分子药物发现到推向市场的全过程，以及细胞治疗和基因治疗从产品开发到商业化生产服务、医疗器械测试服务等。药明康德的服务旨在通过高性价比、高效率的研发服务帮助全球客户缩短药物及医疗器械研发周期、降低研发成本。,ir@wuxiapptec.com,"主营业务新药研发服务,为小分子化学药的发现,研发及生产的全方位,一体化平台服务,以全产业链平台的形式面向全球制药企业提供各类新药的研发,生产及配套服务;此外,发行人还在境外提供医疗器械检测及境外精准医疗研发生产服务.",李革,江苏,294858.86,姚驰,20001201,www.wuxiapptec.com.cn,药明康德,2020,SHSE,SHSE,医疗诊断和研究,20660,-,诊断和研究,20660010,472774278000,47.48,47.24,¥164.79,医疗保健,206,0.06,1800000,202080000,2.47,-28.57,-720000,-0.69,0.69,1.2,112.27,77.5,90.63,81.83,2020-12-31T05:00:00Z,{4_trade_reduce},{trade_reduce} 28.57 %,2020Q4_1752450
300144,2020Q4_1752415,浙江省杭州市之江路148号,许可经营项目：歌舞表演、杂技表演、戏曲表演、音乐表演、综合文艺表演(凭《营业性演出许可证》经营)，经营演出及经纪业务(凭《营业性演出许可证》经营)，餐饮服务(范围详见《餐饮服务许可证》)，停车服务。一般经营项目：旅游服务，主题公园开发经营，文化活动策划、组织，文化传播策划，动漫设计，会展组织，休闲产业投资开发，实业投资，旅游电子商务，设计、制作、代理、发布国内各类广告，影视项目的投资管理，旅游用品及工艺美术品(不含金饰品)、百货、土特产品(不含食品)的销售；出版物批发、零售(凭许可证经营)；含下属分支机构的经营范围。具体经营范围以工商登记机关核定内容为准。,张娴,杭州市,公司是中国演艺第一股，全球主题公园集团十强企业，连续多届获得“全国文化企业30强”称号，是全国文化体制改革工作先进单位。公司主营业务为主题公园和文化演艺的投资、开发、经营。目前宋城演艺正以“演艺宋城，旅游宋城，国际宋城，科技宋城，IP宋城，网红宋城”为战略指引，已建成和在建杭州、三亚、丽江、九寨、桂林、张家界、西安、上海、龙泉山、澳大利亚等数十大旅游区、三十大主题公园、上百台千古情及演艺秀，并拥有六间房、中国演艺谷等数十个文化娱乐项目。,zqb@chinascyy.com;hl@songcn.com,"主营业务为主题公园和旅游文化演艺的投资,开发和经营.目前主要经营杭州宋城,杭州乐园,烂苹果乐园和三亚千古情四个景区.",张娴,浙江,261469.4,侯丽,19940921,www.chinascyy.com,宋城演艺,2014,SZSE,SZSE,旅游和娱乐,10290,-,娱乐,10290020,41752002000,-19.53,-8.63,¥16.74,周期性消费,102,0.98,25500100,451861400,5.52,-31.08,-11500000,-2.36,2.36,1.0,20.56,15.93,18.03,-7.15,2020-12-31T05:00:00Z,{4_trade_reduce},{trade_reduce} 31.08 %,2020Q4_1752415
002475,2020Q4_1752401,广东省东莞市清溪镇北环路313号,生产经营连接线、连接器、电脑周边设备、塑胶五金制品。,王来春,深圳市,"公司是一家技术导向公司，公司专注于连接线、连接器的研发、生产和销售，产品主要应用于3C(计算机、通讯、消费电子)和汽车、医疗等领域。产品主要应用于3C(电脑、通讯、消费电子)、汽车和通讯等领域，核心产品电脑连接器已树立了优势地位，台式电脑连接器覆盖全球20%以上的台式电脑，并快速扩大笔记本电脑连接器的生产，公司已经开发出DP、eDP、USB3.0、ESATA等新产品，同时公司正逐步进入汽车连接器、通讯连接器和高端消费电子连接器领域，拓展新的产品市场,确立了自身的竞争优势。公司是USB、HDMI、SATA等协会的会员。公司拥有自主产品的核心技术和知识产权，已申请多项发明专利，实用新型专利及外观设计专利超过百项。后公司实验室通过国家认可委认证，并获“深圳市测试平台”称号。",David.Huang@luxshare-ict.com;Public@luxshare-ict.com;Ray.Li@luxshare-ict.com,"公司专注于连接器的研发,生产和销售,产品主要应用于3C(电脑,通讯,消费电子),汽车和通讯设备等领域.主要生产电脑连接器产品,包括台式电脑连接器及笔记本电脑连接器,并专注于生产附加价值高的电脑内部连接器.",王来春,广东,703542.64,黄大伟,20040524,www.luxshare-ict.com,立讯精密,2014,SZSE,SZSE,硬件,31120,-,电子元件,31120040,292233670000,26.58,-24.47,¥41.39,科技,311,0.05,3500100,196427200,2.4,-32.7,-1700900,-1.03,1.03,1.0,61.99,49.81,55.11,-24.9,2020-12-31T05:00:00Z,{4_trade_reduce},{trade_reduce} 32.70 %,2020Q4_1752401
000858,2020Q4_1752399,四川省宜宾市翠屏区岷江西路150号,主营：酒类产品及相关辅助产品(瓶盖、商标、标识及包装制品)的生产经营；兼营：饮料、药品、水果种植、农业种植、进出口业务、物业管理、投资管理等。,曾从钦,宜宾市,公司是以五粮液及其系列酒的生产、销售为主要产业，同时生产经营精密塑胶制品、大中小高精尖注射和冲压模具现代制造产业，以及生物工程为发展产业，药业工业、印刷业、电子器件产业、物流运输和相关的服务业的具有深厚企业文化的现代化企业集团。公司现已系统研制开发了五粮春、五粮神、五粮醇等几十种不同档次、不同口味，满足不同区域、不同文化背景、不同层次消费者需求的系列产品。数年来“五粮液”品牌连续在中国白酒制造业和食品行业“最有价值品牌”中排位居前，具有领导市场的影响力。目前公司根据消费者的个性化需求，进一步细分、微分市场，新设计开发国宝五粮液、人民大会堂国宴五粮液等，丰富和完善产品线，加快新产品开发步伐，有效地支持了公司经营业绩持续增长。,000858-wly@sohu.com;lixinyi@wuliangye.com.cn,主要产品:五粮液系列酒.,,四川,388160.8,彭智辅,19980421,www.wuliangye.com.cn,五粮液,2015,SZSE,SZSE,酒精饮料,20510,-,其他酒类,20510020,1079600995000,10.79,-2.89,¥277.56,非周期性消费,205,0.07,2800000,817180000,9.98,-46.15,-2400000,-4.86,4.86,1.0,291.85,188.73,238.44,16.41,2020-12-31T05:00:00Z,{4_trade_reduce},{trade_reduce} 46.15 %,2020Q4_1752399
601888,2020Q4_1752448,北京市东城区东直门外小街甲2号A座8层,旅游服务及旅游商品相关项目的投资与管理，旅游服务配套设施的开发、改造与经营，旅游产业研究与咨询服务等。,彭辉,北京市,公司所属行业为旅游业，目前主要从事旅行社业务和免税业务，其中旅行社业务主要包括入境游、出境游、国内游、会奖旅游、签证服务、商旅服务、航空服务、电子商务等业务；免税业务主要包括烟酒、香化等免税商品的批发、零售等业务。此外，公司还从事旅游综合项目开发业务，主要包括旅游综合项目投资开发、旅游景区景点投资开发和旅游股权投资等业务。公司下属全资子公司国旅总社、中免公司及国旅投资公司分别负责公司的旅行社业务、免税业务、旅游综合项目投资开发业务。,citszq@citsgroup.com.cn,旅行社业务和免税业务.,陈国强,北京,195247.55,常筑军,20080328,www.citsgroup.net,中国中免,2011,SHSE,SHSE,旅游和娱乐,10290,-,旅游服务,10290050,554230378000,1.01,1.23,¥275.40,周期性消费,102,0.12,2365700,668194200,8.16,-56.99,-3134400,-5.72,5.72,1.0,282.45,166.14,207.58,32.67,2020-12-31T05:00:00Z,{4_trade_reduce},{trade_reduce} 56.99 %,2020Q4_1752448
600763,2020Q4_1752445,浙江省杭州市灵溪北路21号合生国贸中心5号楼10楼,医疗器械、日用品、消毒用品的销售，投资管理，经营进出口业务，技术开发、技术咨询及技术服务，培训服务(不含办班培训)。,吕建明,杭州市,公司是国内第一家以口腔医疗连锁经营为主要经营模式的上市公司。近年来，公司强化了内部管理，重视内部控制规范建设，有效控制了成本费用，同时积极拓宽医疗市场，重视人力引进和培养，高附加值业务盈利能力持续增强，主营业务收入实现较快增长。未来，公司将继续坚持积极完善企业管理制度，进一步在提升医疗服务、市场营销、成本控制水平的发展思路。同时，公司将资本运营与生产经营并举，通过收购兼并、参股控股等形式，有计划、有步骤、积极稳妥地介入医疗服务的其它领域。通过对市场、技术、人员、资本等各类资源的整合，充分发挥资源优势，将公司发展成为以口腔医疗行业为主导的一流企业。,zhanghua@eetop.com;zhangli@eetop.com,"主营业务:口腔,辅助生殖医疗等服务.",王毅,浙江,32064.0,张华,19950830,www.tcmedical.com.cn,通策医疗,0,SHSE,SHSE,医疗机构和服务,20645,-,医疗机构,20645010,119634596000,33.5,36.5,¥360.98,医疗保健,206,0.19,600000,165917300,2.03,-70.0,-1400100,-2.77,2.77,1.0,276.52,152.9,209.33,72.45,2020-12-31T05:00:00Z,{4_trade_reduce},{trade_reduce} 70.00 %,2020Q4_1752445
300015,2020Q4_1752413,湖南省长沙市芙蓉中路二段198号新世纪大厦4楼,眼科医院的投资和医院经营管理服务(不得从事吸收存款、集资收款、受托贷款、发行票据、发放贷款等国家金融监管及财政信用业务)；眼科医疗技术的研究，远程医疗软件的研发、生产、销售；眼科、内科、麻醉科、检验科、影视像科、验光配镜；三类医疗器械销售。(依法须经批准的项目，经相关部门批准后方可开展经营活动),陈邦,长沙市,公司是我国最大规模的眼科医疗机构，致力于引进国际一流的眼科技术与管理方法，以专业化、规模化、科学化为发展战略，联合国内外战略合作伙伴，共同推动中国眼科医疗事业的发展。利用人才、技术和管理等方面的优势，公司通过全国各连锁医院良好的诊疗质量、优质的医疗服务和深入的市场推广，使自身的市场影响力和渗透力得到迅速的提升，也使公司成为具有全国影响力的眼科品牌。,zhengquanbu@yeah.net,"主营业务:各类眼科疾病诊疗,手术服务与医学验光配镜.",李力,湖南,540551.93,吴士君,20030124,www.aierchina.com,爱尔眼科,2020,SZSE,SZSE,医疗机构和服务,20645,-,医疗机构,20645010,358200558000,45.68,16.23,¥65.00,医疗保健,206,0.04,1944870,112338100,1.37,-72.73,-5186320,-2.06,2.06,1.29658,35.56,23.36,28.91,124.84,2020-12-31T05:00:00Z,{4_trade_reduce},{trade_reduce} 72.73 %,2020Q4_1752413
600887,2020Q4_1752447,内蒙古自治区呼和浩特市金山开发区金山大街1号,乳制品(含婴幼儿配方乳粉)制造；特殊医学用途配方食品的生产、销售(取得许可证后方可经营)；食品、饮料加工；牲畜，家禽饲养；汽车货物运输；饮食服务(仅限集体食堂)；本企业产的乳制品、食品，饮料；乳制品及乳品原料；预包装食品的销售。农畜产品及饲料加工，经销食品、饮料加工设备、生产销售包装材料及包装用品、五金工具、化工产品(专营除外)、农副产品，日用百货，畜禽产品，饲料；进口：本企业生产、科研所需的原辅材料，机械设备，仪器仪表及零配件；经营本企业自产产品及相关技术的出口业务；机器设备修理劳务(除专营)和设备备件销售(除专营)业务；玩具的生产与销售；宋体复配食品添加剂的制造和销售(取得许可证后方可经营)；互联网销售(除销售需要许可的商品)。(依法须经批准的项目，经相关部门批准后方可开展经营活动),潘刚,呼和浩特市,公司一直为消费者提供健康、营养的乳制品，规模大、产品线健全，是符合奥运会标准，为2008年北京奥运会提供服务的乳制品企业；也是符合世博会标准，为2010年上海世博会提供服务的乳制品企业。目前，伊利在亚洲、欧洲、美洲、大洋洲等乳业发达地区构建了一张覆盖全球资源体系、全球创新体系、全球市场体系的骨干大网。伊利一直坚持和推动创新战略，经过多年发展，已经建立了多个领先的技术研发和产学研合作平台，持续推动行业创新。其中，国家认定企业技术中心、乳品深加工技术国家和地方联合工程研究中心、全国冷冻饮品标准化技术委员会秘书处、国家乳制品加工技术研发专业分中心、国家乳肉检测中心的乳品检测研究室等都属于国家级别的研发创新平台。,info@yili.com;qxm@yili.com;ytnliuyanan@yili.com,"液体乳系列,冷饮产品系列,奶粉及奶食品系列,混和饲料,方便食品",潘刚,内蒙古,606512.56,邱向敏,19930604,www.yili.com,伊利股份,2012,SHSE,SHSE,农副加工食品,20525,-,加工食品,20525040,217200092000,-5.64,-17.47,¥35.05,非周期性消费,205,0.02,1500000,66555000,0.81,-72.73,-4000100,-1.48,1.48,1.0,44.37,31.59,38.42,-8.77,2020-12-31T05:00:00Z,{4_trade_reduce},{trade_reduce} 72.73 %,2020Q4_1752447
000786,2020Q4_1752398,北京市未来科学城七北路9号北新中心A座,制造新型建筑材料、新型墙体材料、化工产品(不含危险化学品及一类易制毒化学品)、水暖管件、装饰材料、建材机械电器设备、新型建筑材料的房屋；销售建筑材料、新型墙体材料、化工产品、装饰材料、建材机械电器设备、新型建筑材料的房屋、金属材料、矿产品、五金交电、建筑机械、建筑防水材料、涂料、砂浆、水泥制品、保温隔热材料、粘接2材料；技术开发、技术转让、技术服务、技术咨询、技术培训；环保节能产品的开发利用；经营本企业自产产品及相关技术的出口业务；经营本企业生产、科研所需的原辅材料、机械设备、仪器仪表、零配件及相关技术的进口业务；经营本企业的进料加工和“三来一补”业务；出租办公用房、出租商业用房；设备租赁；物业管理；以下项目限外埠分支机构经营：制造建筑防水材料、涂料、砂浆、水泥制品、保温隔热材料、粘接材料。(企业依法自主选择经营项目，开展经营活动；依法须经批准的项目，经相关部门批准后依批准的内容开展经营活动；不得从事本市产业政策禁止和限制类项目的经营活动。),王兵,北京市,公司是一家中央企业中国建材集团所属新型建材产业平台。公司生产的龙牌系列产品包括轻质墙体材料系列、保温吸声材料系列、卫浴产品系列等。公司以“绿色建筑未来”为产业理念，为各类建筑提供“净醛石膏板系统”等创新产品和墙体革新、内装工业化、装配式建筑解决方案；实施“制高点”战略，以“技术创新、品牌建设、管理革新、资本运营”为战略引擎，开创出一条中国传统制造业自我革新转型升级之路。公司成功打造了质量、技术、效益、规模全面超越外资同行的中国高端自主品牌“龙牌”，按照国际先进标准进行生产，先后荣获“中国名牌”、“中国驰名商标”、“国家免检”、“国家环境标志产品认证”、“全国建筑工程装饰奖选材之最”、“鲁班奖工程功勋供应商”、“中国五星级饭店装饰材料首选品牌”、“中国房地产500强墙体吊顶首选品牌”等多项国家及行业顶级荣誉。,skp@bnbm.com.cn;bnbm@bnbm.com.cn,"主要产品和提供的劳务包括:纸面石膏板,轻钢龙骨,烤漆龙骨,矿棉吸音板,岩棉,粒状棉,涂料,钢制板式散热器,五金件,金邦板,水泥瓦,型材,门窗,薄板钢骨房屋和国内外建筑材料,装饰材料贸易和技术转让,开发及服务等.",陈雨,北京,168950.78,史可平,19970530,www.bnbm.com.cn,北新建材,2020,SZSE,SZSE,建筑,31040,-,建筑材料和设备,31040030,67159899000,-9.39,1.72,¥38.29,工业,310,0.06,1000300,40063700,0.49,-93.44,-14249700,-3.6,3.6,1.0,41.58,24.13,34.25,11.8,2020-12-31T05:00:00Z,{4_trade_reduce},{trade_reduce} 93.44 %,2020Q4_1752398
300601,2020Q4_1752475,广东省深圳市光明区马田街道薯田埔路18号,开发、生产经营乙肝疫苗及其它医用生物制品；进出口业务(具体按资格证书办理)；投资兴办医药项目及其它实业(具体项目另行申报)；医药技术开发、信息咨询服务、自有房屋、设备租赁服务(不含限制项目)；普通货运；货物专用运输(冷藏保鲜)。,杜伟民,深圳市,公司是一家集生物制品研发、生产、销售于一体的上市企业，中国主要的乙肝疫苗生产企业之一。公司主营业务为人用疫苗的研发、生产和销售，产品种类涵盖一类和二类疫苗，目前主要产品有重组乙型肝炎疫苗(酿酒酵母)、b型流感嗜血杆菌结合疫苗、麻疹风疹联合减毒活疫苗、无细胞百白破b型流感嗜血杆菌联合疫苗等产品。自成立以来，康泰生物承担了多项国家、省、市级重点科研项目及技术开发任务，已具备多联多价疫苗、基因工程疫苗等新技术研发及产业化核心竞争力。其中自主研发的无细胞百白破b型流感嗜血杆菌联合疫苗为国内独家创新的“四联疫苗”，专门针对无应答人群的60微克乙肝疫苗拥有“国家重点新产品”称号。通过多年的不懈努力，康泰生物已经发展成为研发品种齐全、产品线丰富、技术优势明显的国家级高新技术企业，在国家计划免疫战线上有着举足轻重的地位。,office@biokangtai.com,"主要产品:重组乙型肝炎疫苗(酿酒酵母)(10μg,20μg,60μg三种规格),b型流感嗜血杆菌结合疫苗,麻疹风疹联合减毒活疫苗,无细胞百白破b型流感嗜血杆菌联合疫苗等产品.主营业务;为人用疫苗的研发,生产和销售,",杜伟民,广东,68641.33,苗向,19920908,www.biokangtai.com,康泰生物,2017,SZSE,SZSE,医药制造,20620,-,专用医药制造,20620020,102401803000,13.05,-14.29,¥147.08,医疗保健,206,0.0,0,0,0.0,-10000.0,-2150100,-4.13,4.13,1.0,247.49,133.99,180.27,-18.41,2020-12-31T05:00:00Z,{5_trade_sell},{trade_sell},2020Q4_1752475
600570,2020Q4_1752487,浙江省杭州市滨江区江南大道3588号恒生大厦,计算机软件的技术开发、咨询、服务、成果转让；计算机系统集成；自动化控制工程设计、承包、安装；计算机及配件的销售；电子设备、通讯设备、计算机硬件及外部设备的生产、销售；自有房屋的租赁；本企业自产产品及技术的出口业务：经营本企业生产、科研所需的原辅材料、机械设备、仪器仪表、零配件及技术的进口业务(国家限定公司经营和国家禁止进出口的商品及技术除外)；经营进料加工和“三来一补”业务。经政府有关部门批准并办理工商登记手续，公司可另开设业务发展所需的投资与经营项目，扩大经营范围。,彭政纲,杭州市,公司是中国领先的金融软件和网络服务供应商。公司聚焦于财富资产管理，致力于为证券、期货、基金、信托、保险、银行、交易所、私募等机构提供整体的解决方案和服务，为个人投资者提供财富管理工具。多年来，公司以技术服务为核心，凭借多年金融IT建设经验，以及对互联网的深刻洞察和理解，用优质的产品与服务，驱动金融机构创新发展。同时，公司还积极履行企业社会责任，在投资者教育、扶贫济困、关爱自闭症儿童等领域持续贡献力量，实现企业与社会共同可持续发展。,investor@hundsun.com,"主要产品:软件及服务,系统集成,硬件销售.",刘曙峰,浙江,80314.67,童晨晖,20001213,www.hundsun.com,恒生电子,2017,SHSE,SHSE,软件,31110,-,软件应用,31110020,90414390000,4.62,-17.54,¥62.80,科技,311,0.0,0,0,0.0,-10000.0,-3112100,-3.97,3.97,1.0,120.5,85.41,100.39,-37.44,2020-12-31T05:00:00Z,{5_trade_sell},{trade_sell},2020Q4_1752487
600185,2020Q4_1752485,广东省珠海市石花西路213号,实业投资、资产经营、房地产开发经营、物业管理、国内贸易(除专项规定外)、建筑材料的批发零售、代购代销。,鲁君四,珠海市,公司是一家集房地产业、口岸经济产业、海洋经济产业以及现代服务业、现代金融业于一体的集团化企业。自2009年成功上市以来，公司逐步从房地产开发向相关产业经济延伸，从珠海本土市场向国内重点市场拓展。在国内市场稳步发展的基础上，公司又进一步向海外进军。目前，公司在珠海、上海、重庆、西安、中国香港、美国、英国等地已拥有众多成员企业，业务涵盖房产、口岸、海洋、旅游、金融、教育、农业、酒店等多个领域，构建了产业融通的国际化战略新版图。未来，公司将继续依靠精准的产业布局、丰富的项目资源及灵活的资产运营，通过资本和产业的有效联动，打造“大海洋、大金融、大健康”的产业集群，进一步扩大企业竞争力，成为极具影响力的优质上市公司。,gldc@greedc.com,主营业务:房地产开发经营,林强,广东,205999.75,邹超,19990609,www.greedc.com,格力地产,0,SHSE,SHSE,房地产,10410,-,房地产开发,10410010,14679292000,13.97,11.15,¥7.37,房地产,104,0.0,0,0,0.0,-10000.0,-13000000,-1.75,1.75,1.0,11.81,6.46,8.98,-17.93,2020-12-31T05:00:00Z,{5_trade_sell},{trade_sell},2020Q4_1752485
600315,2020Q4_1752486,上海市杨浦区江湾城路99号尚浦商务中心5幢,"开发和生产化妆品，化妆用品及饰品，日用化学制品及原辅材料，包装容器，香精香料，清凉油，清洁制品，卫生制品，消毒制品，洗涤用品，口腔卫生用品，纸制品及湿纸巾，蜡制品，驱杀昆虫制品和驱杀昆虫用电器装置，美容美发用品及服务，日用化学品及化妆品技术服务，药品研究开发和技术转让，销售公司自产产品，从事货物及技术的进出口业务，食品销售,食品添加剂的销售，药品批发，药品零售，销售医疗器械。",潘秋生,上海市,公司是中国历史最悠久的日化企业之一，主要从事化妆品、个人护理、家居护理用品的研发、设计、生产、销售及服务，主要品牌包括佰草集、高夫、美加净、启初、六神、家安等。公司以差异化的品牌定位覆盖不同年龄和消费层次的消费需求，采用自营及与经销商共同成长的经销模式发展各类渠道，借助持续不断的产品创新，成为国内拥有一定影响力的化妆品及个人、家居护理产品自主品牌的公司。公司高度重视自主创新，拥有国家级科研中心和国家级工业设计中心，并与国内外尖端科研机构开展多方面战略合作，每年对科研的投入持续增长，研发成果和专利申请数量居于国内行业领先水平，在中草药个人护理领域居于全球领先地位。公司秉持“诚信、务实、共赢”的价值观，持续创造新价值，不断回馈顾客、员工、股东和社会。,contacts@jahwa.com.cn;hanmin@jahwa.com.cn;ludi@jahwa.com.cn;ir@jahwa.com.cn,"主要产品:化妆品,中药饮片,四技.",潘秋生,上海,67796.95,韩敏,19951201,www.jahwa.com.cn,上海家化,2017,SHSE,SHSE,农副加工食品,20525,-,家庭生活用品,20525030,35358203000,19.45,51.91,¥50.75,非周期性消费,205,0.0,0,0,0.0,-10000.0,-2954800,-1.68,1.68,1.0,43.29,34.4,39.62,28.09,2020-12-31T05:00:00Z,{5_trade_sell},{trade_sell},2020Q4_1752486
000568,2020Q4_1752470,四川省泸州市南光路泸州老窖营销网络指挥中心,酒类产品的生产、销售(白酒、葡萄酒及果酒、啤酒、其他酒等)。进出口经营业务；技术推广服务；发酵制品生产及销售；销售：汽车配件、建材及化工原料。,刘淼,泸州市,公司是具有400多年酿酒历史的国有控股上市公司。公司以专业化白酒产品设计、生产、销售为主要经营模式，主营“国窖1573”、“泸州老窖”等系列白酒的研发、生产和销售，主要综合指标位于白酒行业前列。公司实施“双品牌塑造，多品牌运作”的品牌战略，构建起五大战略单品的金字塔品牌结构：国窖1573定位为中国白酒超高端品牌是塔尖，百年泸州老窖窖龄酒、泸州老窖特曲定位为商务与宴会用酒第一品牌组成塔柱，泸州老窖头曲和二曲为大众市场覆盖的第一品牌构筑塔基，并积极拓展养生酒产品和预调酒产品，开展以消费者需求为主导的定制酒业务。公司坚持以“全心全意酿酒、一心一意奉献”为宗旨，敬人敬业，创新卓越，努力实现市场占有领先、公司治理领先、品牌文化领先、质量技术领先、人才资源领先，酿造世界最好的白酒，为客户提供最优质的服务，把泸州老窖建成全球酒类市场中的航空母舰，形成融入经济全球化的大型现代企业，追求“在中国灿烂名酒文化熏陶中，全人类共享幸福美满的生活”。,lzlj@lzlj.com;dsb@lzlj.com,主要产品:“泸州老窖”系列酒.,林锋,四川,146475.25,王洪波,19950503,www.lzlj.com,泸州老窖,2015,SZSE,SZSE,酒精饮料,20510,-,其他酒类,20510020,330221395000,-1.44,0.88,¥222.36,非周期性消费,205,0.0,0,0,0.0,-10000.0,-1500200,-1.62,1.62,1.0,226.16,107.48,156.17,42.38,2020-12-31T05:00:00Z,{5_trade_sell},{trade_sell},2020Q4_1752470
000333,2020Q4_1752469,广东省佛山市顺德区北滘镇美的大道6号美的总部大楼,生产经营家用电器、电机及其零部件；从事家用电器、家电原材料及零配件的进出口、批发及加工业务(不设店铺，不涉及国营贸易管理商品，涉及配额、许可证管理商品的按国家规定办理)；信息技术服务；为企业提供投资顾问及管理服务；计算机软件、硬件开发；家电产品的安装、维修及售后服务；工业产品设计；酒店管理；广告代理；物业管理；企业所需的工程和技术研究、开发及其销售和推广；对金融业进行投资。(经营范围涉及行政许可的项目须凭有效许可证或批准证明经营),方洪波,佛山市,公司是一家消费电器、暖通空调、机器人与自动化系统、智能供应链(物流)的科技集团，提供多元化的产品种类与服务，包括以厨房家电、冰箱、洗衣机、及各类小家电为核心的消费电器业务；以家用空调、中央空调、供暖及通风系统为核心的暖通空调业务；以库卡集团、美的机器人公司等为核心的机器人及自动化系统业务;以安得智联为集成解决方案服务平台的智能供应链业务。公司以“科技尽善，生活尽美”为企业愿景，将“联动人与万物，启迪美的世界”作为使命，恪守“敢知未来——志存高远、务实奋进、包容共协、变革创新”的价值观，整合全球资源，推动技术创新，每年为全球超过3亿用户、及各领域的重要客户与战略合作伙伴提供满意的产品和服务，致力创造美好生活。,IR@midea.com,"以家电产业为主,涉足电机,物流等领域,旗下分为四大业务板块,分别为大家电,小家电,电机及物流",方洪波,广东,704515.93,江鹏,20000407,www.midea.com,美的集团,2014,SZSE,SZSE,家具制造,10220,-,家具制造,10220010,504918392000,-9.25,-26.09,¥69.86,周期性消费,102,0.0,0,0,0.0,-10000.0,-1696100,-1.2,1.2,1.0,98.44,61.19,76.9,-9.15,2020-12-31T05:00:00Z,{5_trade_sell},{trade_sell},2020Q4_1752469
603658,2020Q4_1752491,河南省郑州市经济技术开发区经开第十五大街199号,许可项目：第三类医疗器械生产；第三类医疗器械经营；第二类医疗器械生产；货物进出口；技术进出口；道路货物运输(不含危险货物)；国际道路货物运输。(依法须经批准的项目，经相关部门批准后方可开展经营活动，具体经营项目以相关部门批准文件或许可证件为准)一般项目：第二类医疗器械销售；第一类医疗器械生产；第一类医疗器械销售；工程和技术研究和试验发展；生物化工产品技术研发；实验分析仪器制造；实验分析仪器销售；技术服务、技术开发、技术咨询、技术交流、技术转让、技术推广；医疗设备租赁；非居住房地产租赁；办公设备销售；办公设备耗材销售；计算机软硬件及辅助设备零售；信息系统集成服务；塑料制品制造；专用化学产品制造(不含危险化学品)；新型有机活性材料销售。(除依法须经批准的项目外，凭营业执照依法自主开展经营活动),杨增利,郑州市,公司专业从事体外诊断试剂及仪器的研发、生产和销售，形成了以免疫诊断产品为主、微生物检测产品特色发展的格局，产品品种齐全，能够为临床诊断提供一系列解决方案。公司产品覆盖了传染病到非传染病应用的各类检测领域，能够满足终端用户的各种检测需求。试剂品种涉及传染病、肿瘤、生殖内分泌、甲状腺功能、肝纤维化、优生优育、糖尿病、高血压、心脏病、泌尿生殖道疾病、呼吸系统疾病以及细菌分离培养、鉴定和药敏分析等多个检测领域。此外，公司一直坚持试剂与仪器共同发展，相关配套仪器涵盖了化学发光免疫分析仪、酶标仪、洗板机、联检分析仪、全自动样品处理系统、全自动化学发光测定仪等产品。公司努力打造具有全球品牌影响力的体外诊断产业公司。,autobio@autobio.com.cn,"主营业务:专业从事体外诊断试剂及仪器的研发,生产和销售,形成了以免疫诊断产品为主,微生物检测产品特色发展的格局.主要产品有:免疫诊断产品,微生物检测产品,仪器.",杨增利,河南,58627.23,房瑞宽,19990915,www.autobio.com.cn,安图生物,2018,SHSE,SHSE,医疗诊断和研究,20660,-,诊断和研究,20660010,41192968000,-21.69,-36.12,¥67.39,医疗保健,206,0.0,0,0,0.0,-10000.0,-780000,-1.15,1.15,1.0,137.08,108.46,120.39,-44.02,2020-12-31T05:00:00Z,{5_trade_sell},{trade_sell},2020Q4_1752491
603786,2020Q4_1752492,中国(上海)自由贸易试验区祖冲之路2388号1-2幢,汽车电子产品的研发、生产、销售，电子控制单元和系统及相关产品的研发、销售，电子设备及机械设备的研发、销售，电子元器件的销售，提供相关技术的技术咨询、技术服务、技术转让，从事货物与技术的进出口，自有房屋租赁。【依法须经批准的项目，经相关部门批准后方可开展经营活动】,柯桂华,上海市,公司是汽车智能、节能电子部件的系统方案提供商，立足全球汽车产业平台并全面参与全球高端市场的竞争，专注汽车电子及相关产品在智能领域的技术创新与产业化，致力成为全球汽车电子高端产业链中富于创新和竞争力的卓越企业，公司是少数几家进入国际知名整车厂商全球配套体系，同步开发汽车电子部件的中国本土公司。公司终端用户主要包括大众集团(包括其下属子公司奥迪公司、保时捷汽车、宾利汽车和兰博基尼汽车)、戴姆勒、捷豹路虎、一汽集团及上汽大众等数十家全球知名整车厂商，且部分新产品已进入福特汽车、宝马汽车、雷诺汽车的供应商体系，在全球汽车电子尤其是汽车照明电子领域中享有较高的知名度。,keboda@keboda.com,"专注于汽车照明控制系统,电机控制系统,能源管理系统和车载电器与电子等汽车电子相关产品的研发,生产和销售,拥有主光源控制器,辅助光源控制器,氛围灯控制器,中小型电机控制系统,机电一体化,DC/DC转换模块,DC/AC逆变器,电磁阀等多类产品.",柯桂华,上海,40010.0,谢明东,20030912,www.keboda.com,科博达,0,SHSE,SHSE,汽车和配件,10200,-,汽车配件,10200030,26055104000,-3.43,-2.06,¥65.24,周期性消费,102,0.0,0,0,0.0,-10000.0,-1150000,-1.03,1.03,1.0,80.28,63.29,71.71,-9.02,2020-12-31T05:00:00Z,{5_trade_sell},{trade_sell},2020Q4_1752492
300773,2020Q4_1752476,北京市海淀区北清路中关村壹号D1座6层606,银行卡收单；互联网支付；数字电视支付；预付卡受理；移动电话支付(中华人民共和国支付业务许可证有效期至2021年05月02日)；技术开发、技术咨询、技术转让、技术服务；计算机系统集成；设计、制作、代理、发布广告；销售自主研发的产品。(企业依法自主选择经营项目，开展经营活动；依法须经批准的项目，经相关部门批准后依批准的内容开展经营活动；不得从事本市产业政策禁止和限制类项目的经营活动。),孙陶然,北京市,"公司是国内知名的第三方支付公司,专注于为实体小微企业提供收单服务和为个人用户提供个人支付服务,此外公司还以积累丰富的第三方支付运营经验,向客户提供第三方支付增值服务.公司主营业务涉及第三方支付,跨境支付等多项业务资质,由于其所处行业的特殊性和专业性,行业主管部门制定了较为严格的行业监管政策.公司是国内领先的综合普惠金融科技平台，首批获得了央行颁发的第三方支付牌照，并专注支付行业，秉承普惠、科技、创新、综合的理念，打造了底层统一，用户导向的金融服务共生系统。2016年、2017年公司荣获中国移动支付产业协会颁发的“中国移动支付产业年度影响力奖”；2018年公司荣获“2018年银联优秀合作伙伴奖”。",contact@lakala.com,"为实体小微企业提供收单服务和为个人用户提供个人支付服务,此外拉卡拉还以积累的丰富第三方支付运营经验,向客户提供第三方支付增值服务.",陈烈,北京,80002.0,朱国海,20050106,www.lakala.com,拉卡拉,0,SZSE,SZSE,软件,31110,-,软件应用,31110020,22057377000,-9.16,-3.91,¥27.74,科技,311,0.0,0,0,0.0,-10000.0,-2400100,-0.99,0.99,1.0,44.39,27.53,36.33,-23.64,2020-12-31T05:00:00Z,{5_trade_sell},{trade_sell},2020Q4_1752476
002967,2020Q4_1752474,广东省广州市天河区黄埔大道西平云路163号,专业技术服务业。公司的经营范围：计量认证(具体范围见计量认证证书及其附表)；电子产品检测；实验室检测(涉及许可项目的需取得许可后方可从事经营)；针织品、纺织品、服装的检测；皮革检测服务；环境保护监测；水质检测服务；软件测试服务；无线通信网络系统性能检测服务；电能质量监测；无损检测；机动车性能检验服务；船舶检验；电气防火技术检测服务；公共设施安全监测服务；化工产品检测服务；生态监测；电气机械检测服务；贵金属检测服务；建筑材料检验服务；进出口商品检验鉴定；工程和技术研究和试验发展；工程和技术基础科学研究服务；化学工程研究服务；食品科学技术研究服务；信息电子技术服务；纺织科学技术研究服务；网络技术的研究、开发；电子、通信与自动控制技术研究、开发；材料科学研究、技术开发；安全生产技术服务；仪器仪表修理；计算机技术开发、技术服务；计量技术咨询服务；企业管理咨询服务；土壤修复；环保技术推广服务；信息技术咨询服务；施工现场质量检测；食品检测服务；劳务派遣服务；对外劳务合作；劳务承揽；接受委托从事劳务外包服务；人力资源培训；化学试剂和助剂销售(监控化学品、危险化学品除外)。,黄跃珍,广州市,公司是一家全国性、综合性的独立第三方计量检测服务机构，是国家火炬计划重点高新技术企业，主营业务是计量服务、检测服务、检测装备研发等专业技术服务。公司是国内极少数同时通过CNAS、DILAC、CMA、CMAF和总装军用实验室认可的质检机构之一，经营资质的全面性本身就代表领先且全面的技术能力。公司长期以来积累形成了一批重点、优势计量检测项目，在无线电计量、电磁计量、光通信计量、无线电检测、装备定型试验、汽车电子及零部件检测、能效检测、环境可靠性分析和失效分析等领域建立了技术优势。公司被评为2014年度亚洲品牌500强。,grgtestzqb@grgtest.com,"主营业务:计量服务,检测服务,检测装备研发等技术服务.",黄敦鹏,广东,57522.58,欧楚勤,20020524,www.grgtest.com,广电计量,0,SZSE,SZSE,商业服务,31020,-,咨询服务,31020020,21995698000,6.11,4.67,¥37.92,工业,310,0.0,0,0,0.0,-10000.0,-2700100,-0.87,0.87,1.0,36.65,25.23,29.53,28.41,2020-12-31T05:00:00Z,{5_trade_sell},{trade_sell},2020Q4_1752474
002179,2020Q4_1752471,河南省洛阳市高新技术开发区周山路10号,电子元器件及相关设备、新能源汽车充电设备的研发、生产、销售与服务，从事与本企业经营相关的进出口业务。,郭泽义,洛阳市,公司是中国专业为军工防务及高端制造领域提供互连技术解决方案的高科技企业。公司产品广泛应用于航空航天和军事领域、通讯网络与数据中心、轨道交通、新能源汽车、电力、石油装备、医疗设备以及智能装备等民用高端制造领域；产品远销欧洲、美国、以色列、澳大利亚、韩国、印度等海外多个国家和地区。公司总部拥有“国家认定企业技术中心”、“博士后科研工作站”以及国家和国防认可实验室，专业从事中高端光、电、流体连接技术与设备的研究与开发。公司通过了AS9100国际航空航天质量管理体系认证、ISO9001(2000)质量体系认证、TS16949体系认证、ISO14001环境体系认证、OHSAS18001职业健康安全管理体系认证等。公司多项重点产品通过了UL、CUL、CE、TUV、CB等安规认证。,liuyang@jonhon.cn;zhengquan@jonhon.cn;yehua@jonhon.cn,"主要业务为电连接器,光器件和线缆组件的研发,生产和销售.主要生产电连接器和光器件.",李森,河南,109994.51,刘阳,20021231,www.jonhon.cn,中航光电,2017,SZSE,SZSE,硬件,31120,-,电子元件,31120040,89195464000,4.96,3.76,¥83.83,科技,311,0.0,0,0,0.0,-10000.0,-1750100,-0.85,0.85,1.0,78.29,39.96,52.39,60.01,2020-12-31T05:00:00Z,{5_trade_sell},{trade_sell},2020Q4_1752471
002410,2020Q4_1752472,北京市海淀区西北旺东路10号院东区13号楼,许可经营项目为互联网络信息服务(除新闻、出版、教育、医疗保健、药品、医疗器械以外的内容；含利用自有网站发布网络广告)、第二类增值电信业务中的呼叫中心业务。一般经营项目为出版物零售；技术开发、技术转让、技术咨询、技术推广、技术服务、技术培训；数据处理；基础软件服务、应用软件服务；软件开发；会议服务、承办展览活动；数字内容服务；建筑工程机械租赁；计算机及通讯设备经营租赁；销售医疗器械Ⅰ、Ⅱ类；计算机系统服务；计算机维修；企业管理咨询；经济贸易咨询；房地产咨询；销售计算机、软件及辅助设备、机械设备、电子产品、建筑材料、装饰材料、五金交电、文化用品、体育用品、纺织品、服装、日用品、工艺品、家用电器、仪器仪表、装饰材料、通讯设备；技术进出口、货物进出口、代理进出口；制作网络广告；企业征信服务；建筑工程项目管理；出租办公用房；设计、制作、代理、发布广告。(最终以工商部门登记为准),刁志中,北京市,公司的主营业务为立足建筑产业，围绕工程项目全生命周期，为客户提供以建设工程领域专业应用产品和解决方案，搭建以产业大数据、产业新金融等为增值服务的数字建筑平台经过二十年的发展，公司业务领域由招投标阶段拓展至设计阶段和施工阶段；产品从单一的预算软件扩展到工程造价、工程施工、产业新金融等多个业务板块，涵盖工具类、解决方案类、大数据、移动互联网、云计算、智能硬件设备、产业金融服务等业务形态；服务的客户从中国境内拓展到全球一百多个国家和地区；累计为行业二十余万家企业、百余万产品使用者提供专业化服务，成为中国建筑产业信息化卓越品牌。,lisj-c@glodon.com;zhunn@glodon.com;webmaster@glodon.com,"主要产品为预算软件,工程造价系列软件,工程项目管理系列软件在内的多系列产品.主营业务:立足建筑产业,围绕工程项目全生命周期,为客户提供以建设工程领域专业应用产品和解决方案.",袁正刚,北京,118701.24,李树剑,19980813,www.glodon.com,广联达,2020,SZSE,SZSE,软件,31110,-,软件应用,31110020,87163992000,6.5,-4.24,¥72.19,科技,311,0.0,0,0,0.0,-10000.0,-1000000,-0.83,0.83,1.0,82.53,64.0,71.43,1.06,2020-12-31T05:00:00Z,{5_trade_sell},{trade_sell},2020Q4_1752472
002851,2020Q4_1752473,广东省深圳市南山区学府路63号高新区联合总部大厦34层,研究、开发、设计、生产和销售(生产由分支机构经营)电力电子产品、电气产品、机电一体化设备、家用电器及其零部件、电子烟及周边配件，包括家用电器电源、工业与通信电源、节能灯及高频镇流器、便携式设备电源、医疗设备电源、电机及变频驱动器和可编程逻辑控制器、触摸屏、工业自动化软件、智能型电力电子模块，并为经营上述产品及业务提供必要的工程服务、技术咨询服务、售后维修服务、电池采购并配套销售服务；经营上述各项产品及系统的采购、零售(不设店铺)、批发、进出口。(法律、行政法规、国务院决定禁止的项目除外，限制的项目须取得许可后方可经营)。,童永胜,深圳市,公司是专业的定制电源制造商。主营业务为依托电力电子及相关控制核心技术平台，为制造类客户提供定制电源解决方案及工业自动化核心部件，产品包括智能家电电源、IT及云计算服务器电源、LED照明及大屏幕驱动电源、工业与通信嵌入式电源、电力操作电源、数字化逆变焊接电源、可编程逻辑控制器、工业级变频器及解决方案等。公司是中国电源学会常务理事单位、国家级高新技术企业，掌握了包括DSP数字电源软件算法平台技术、正弦波永磁同步变频空调控制技术、高效云计算服务器供电平台技术等在内的十二项核心技术。公司与清华同方、TCL、欧洲UMC、美国3COM、飞利浦、中联重科、上海二纺机、长安汽车等国内外知名企业建立了良好的业务合作。,irmeg@megmeet.com;zhangyue@megmeet.com,"公司系国内知名的智能家电电控产品,工业定制电源和工业自动化产品供应商,研制的产品广泛应用于智能家电,消费电子,医疗,通信,大功率LED显示及照明,工业自动化,电力,交通,节能环保及装备制造等众多行业,并不断在新领域渗透和拓展.",童永胜,广东,50190.75,王涛,20030729,www.megmeet.com,麦格米特,2018,SZSE,SZSE,工业制品,31070,-,特种工业机械,31070020,14745055000,-10.82,-12.89,¥28.98,工业,310,0.0,0,0,0.0,-10000.0,-2250000,-0.69,0.69,1.0,37.96,25.89,32.26,-10.17,2020-12-31T05:00:00Z,{5_trade_sell},{trade_sell},2020Q4_1752473
688169,2020Q4_1752496,"北京市海淀区黑泉路8号1幢康健宝盛广场C座六层6016,6017,6018号",软件及智能清洁设备的技术研发、技术转让、技术咨询、技术服务；智能清洁设备的委托加工；电子产品、机械设备、文化用品的批发、零售；销售日用品；仪器仪表维修；租赁机械设备、文化用品、日用品；销售自行开发的软件产品；货物进出口、技术进出口、代理进出口。(依法须经批准的项目，经相关部门批准后依批准的内容开展经营活动。),昌敬,北京市,公司是一家专注于家用智能清洁机器人及其他清洁电器研发和生产的公司。公司是国际上将激光雷达技术及相关算法大规模应用于智能扫地机器人领域的领先企业。智能扫地机器人在通过基于激光测距传感器、惯性测量单元等传感器的SLAM算法构建出户型地图后，再根据户型地图进行定位，同时通过AI算法规划出智能、高效的清扫路径，可以有效避免漏扫重扫。服务器端通过对联网产品数据进行深度学习、算法优化从而不断迭代升级机器人算法。公司在研发与产品设计方面处于行业前列。公司分别被授予“国家高新技术企业”、“中关村高新技术企业”、“北京市知识产权试点企业”、“中国机器人产业联盟会员”、“中关村企业信用促进会会员”、“北京半导体行业协会会员”等资质，公司产品曾被授予“北京市新技术新产品(服务)”、“国际IF设计大奖”、“台湾金点奖”、“中国优秀工业设计奖”等多项荣誉。,ir@roborock.com,"主要产品为智能扫地机器人及相关配件,主营业务为智能清洁机器人等智能硬件的设计,研发,生产和销售.",昌敬,北京,6666.67,孙佳,20140704,www.roborock.com,石头科技,0,SHSE,SHSE,工业制品,31070,-,特种工业机械,31070020,72542449000,9.07,5.76,¥1032.35,工业,310,0.0,0,0,0.0,-10000.0,-150100,-0.67,0.67,1.0,1065.0,377.2,640.11,61.28,2020-12-31T05:00:00Z,{5_trade_sell},{trade_sell},2020Q4_1752496
601318,2020Q4_1752489,"广东省深圳市福田区益田路5033号平安金融中心47,48,108,109,110,111,112层",(一)投资保险企业；(二)监督管理控股投资企业的各种国内、国际业务；(三)开展保险资金运用业务；(四)经批准开展国内、国际保险业务；(五)经中国保险监督管理委员会及国家有关部门批准的其他业务。,马明哲,深圳市,公司于1988年诞生于深圳蛇口，是中国第一家股份制保险企业，至今已发展成为融保险、银行、投资三大主营业务为一体、核心金融与互联网金融业务并行发展的个人金融生活服务集团之一。公司致力于成为国际领先的个人金融生活服务提供商，坚持“科技引领金融，金融服务生活”的理念，通过“综合金融+互联网”和“互联网+综合金融”两个模式，聚焦“大金融资产”和“大医疗健康”两大产业，围绕保险、银行、资产管理、互联网金融四大板块，为客户创造“专业，让生活更简单”的品牌体验。公司是国内金融牌照最齐全、业务范围最广泛、控股关系最紧密的个人金融生活服务集团之一。平安集团旗下子公司包括平安寿险、平安产险、平安养老险、平安健康险、平安银行、平安信托、平安证券、平安大华基金等，涵盖金融业各个领域，已发展成为中国少数能为客户同时提供保险、银行及投资等全方位金融产品和服务的金融企业之一。,PR@pingan.com.cn;IR@pingan.com.cn,"主营业务:以保险业务为核心,以统一品牌向客户提供包括保险,银行,证券,信托等多元化金融服务",谢永林,广东,1828024.14,盛瑞生,19880321,www.pingan.cn,中国平安,2012,SHSE,SHSE,保险,10340,-,人身保险,10340010,1100020382000,-19.03,-29.43,¥59.64,金融服务,103,0.0,0,0,0.0,-10000.0,-750000,-0.63,0.63,1.0,93.38,74.82,81.32,-26.66,2020-12-31T05:00:00Z,{5_trade_sell},{trade_sell},2020Q4_1752489
688188,2020Q4_1752497,上海市闵行区剑川路953弄322号,"计算机软件及辅助设备、电子及机电产品专业领域内的技术开发、技术转让、技术咨询、技术服务,计算机软硬件、通讯设备、仪器仪表、机电产品的销售。",唐晔,上海市,公司是一家从事激光切割控制系统的研发、生产和销售的高新技术企业和重点软件企业，是国家首批从事光纤激光切割成套控制系统开发的民营企业，致力于为激光加工提供稳定、高效的自动化控制解决方案，推动中国工业自动化的发展，公司主营业务系为各类激光切割设备制造商提供以激光切割控制系统为核心的各类自动化产品，公司产品以自主软件开发为核心，并与板卡、总线主站、电容调高器等硬件集成后进行销售，其中部分硬件通过外协厂商进行加工。公司全部产品均直接销售给下游客户，不存在通过代理或经销商销售的情形。中低功率激光切割控制系统领域中，目前国产激光运动控制系统已占据中国市场的主导地位。公司通过自主研发，承担了国家技术创新基金项目、上海市创新资金项目、上海市软件和集成电路产业发展专项资金项目、闵行区科研项目与闵行区产学研项目等一系列技术项目，技术水平获得肯定。公司先后荣获“上海市小巨人企业”，上海市“专精特新”企业，“闵行区小巨人培育企业”，“闵行区研发机构”等多项企业荣誉。,bochu@fscut.com,"主营业务为各类激光切割设备制造商提供以激光切割控制系统为核心的各类自动化产品,主要产品包括随动控制系统,板卡控制系统,总线控制系统及其他相关配套产品.",卢琳,上海,10029.78,周荇,20070911,www.fscut.com,柏楚电子,0,SHSE,SHSE,半导体,31130,-,半导体,31130020,46166863000,39.33,73.04,¥464.18,科技,311,0.0,0,0,0.0,-10000.0,-250000,-0.48,0.48,1.0,300.65,240.99,266.56,74.14,2020-12-31T05:00:00Z,{5_trade_sell},{trade_sell},2020Q4_1752497
603589,2020Q4_1752490,安徽省淮北市相山南路9号,生产、制造和销售白酒及玻璃制品。(以上涉及行政许可经营的凭许可证经营),徐进,淮北市,公司是以生产国优名酒而著称的国家酿酒重点骨干企业。其经营范围是生产、制造和销售白酒及玻璃制品。公司拥有口子窖、老口子、口子坊、口子美酒等系列品牌产品，主导产品口子窖酒以其独特的风格和卓越的品质得到了社会各界的高度赞同。公司先后荣获国家和省市多项殊荣，除此之外，公司一直秉承“理智、敬业、规范、创新”的企业精神，按照国际惯例和规范的公司模式运作，构建了“产权明晰，权责分明，政企分开，管理科学”的法人治理结构。实施名牌战略，加大技术改造步伐，推进企业信息化建设，不断探索加强企业管理的各种有效举措。市场开拓方面倡导“执信有恒，成功有道”的诚信营销理念，整合营销管理体系，创新白酒营销模式。持续开展的营销、管理和技术创新，提升了中国兼香型白酒的品牌价值和核心竞争力，满足了广大消费者的需求，进一步做大做强了“口子”品牌。,kz_zqb@126.com,"主营业务:公司自设立以来主要从事白酒的生产和销售.主要产品:公司生产的口子系列白酒是目前国内兼香型白酒的代表品牌.公司生产和销售口子窖,老口子,口子坊,口子酒等系列品牌产品,以充分满足各类型客户的需要.",徐进,安徽,60000.0,徐钦祥,20021226,www.kouzi.com,口子窖,2016,SHSE,SHSE,酒精饮料,20510,-,其他酒类,20510020,42794764000,16.16,5.04,¥69.30,非周期性消费,205,0.0,0,0,0.0,-10000.0,-500000,-0.3,0.3,1.0,71.69,47.92,57.19,21.18,2020-12-31T05:00:00Z,{5_trade_sell},{trade_sell},2020Q4_1752490
300846,2020Q4_1752483,北京市朝阳区紫月路18号院9号楼,技术开发、技术推广、技术服务、技术咨询；计算机系统服务；数据处理；基础软件服务；应用软件服务；销售计算机、软件及辅助设备、电子产品；出租商业用房；机械设备、电子产品租赁；技术进出口、货物进出口、代理进出口；经营电信业务。(市场主体依法自主选择经营项目，开展经营活动；经营电信业务以及依法须经批准的项目，经相关部门批准后依批准的内容开展经营活动；不得从事国家和本市产业政策禁止和限制类项目的经营活动。),曲宁,北京市,"公司是一家覆盖全球的互联网数据中心服务提供商，致力于为中国企业出海提供全球云网一体化解决方案。公司主要服务于游戏、电商、视频、教育、大数据等互联网细分领域及传统行业客户，为其在全球提供快速、安全、稳定的云计算及IDC服务。公司的IDC服务覆盖全国三十多个主要城市。一方面公司的服务使客户业务接近其终端用户，保证了用户体验，另一方面数据中心的广泛覆盖及公司将IDC服务与云计算服务集成为一体的混合架构也有利于客户将其互联网业务布局全球。目前，公司在全国60余个数据中心部署超过3,000个机柜。此外，公司还在全球10余个国家或地区建立了云网一体化服务节点，包括美国、日本、新加坡、德国、中国香港等。",cds-security@capitalonline.net;liping.yang@capitalonline.net,"高性能的IDC服务及云服务等高效,优质的信息技术服务",曲宁,北京,41131.63,杨丽萍,20050713,www.capitalonline.net,首都在线,0,SZSE,SZSE,软件,31110,-,软件和信息技术服务,31110010,5186763000,-38.66,-42.72,¥12.64,科技,311,0.0,0,0,0.0,-10000.0,-1100,0.0,0.0,1.0,36.36,20.81,27.87,-54.65,2020-12-31T05:00:00Z,{5_trade_sell},{trade_sell},2020Q4_1752483
688027,2020Q4_1752493,,,,,,,,,,,,,,国盾量子,0,SHSE,SHSE,硬件,31120,-,通讯设备,31120010,15948426000,19.38,-14.67,¥200.00,科技,311,0.0,0,0,0.0,-10000.0,-2800,0.0,0.0,1.0,435.0,211.64,273.11,-26.77,2020-12-31T05:00:00Z,{5_trade_sell},{trade_sell},2020Q4_1752493
688377,2020Q4_1752499,,,,,,,,,,,,,,迪威尔,0,SHSE,SHSE,石油与天然气,30910,-,石油与天然气 - 设备与服务,30910060,3112972000,5.79,-14.69,¥15.60,能源,309,0.0,0,0,0.0,-10000.0,-7900,0.0,0.0,1.0,26.16,18.27,22.93,-31.97,2020-12-31T05:00:00Z,{5_trade_sell},{trade_sell},2020Q4_1752499
600956,2020Q4_1752488,河北省石家庄市桥西区裕华西路9号裕园广场A座,对风能、太阳能、核能等新能源项目的投资，对电力环保设备制造项目的投资，对天然气、液化天然气、压缩天然气、煤制气、煤层气开发利用项目的投资(以上范围属于国家限制类或淘汰类的项目除外)；新能源、清洁能源技术开发、技术服务、技术咨询。,曹欣,石家庄市,集团系华北地区领先的清洁能源开发与利用公司，是河北省最大的天然气分销商，亦是河北省最大的风电运营商，是中国十大风电运营商之一。集团主要从事清洁能源开发与利用，旗下拥有两大业务板块：天然气业务和风电业务。集团在河北省拥有运营天然气输配设施，并通过天然气分销渠道销售天然气。集团从事风电场的规划、开发、运营及电力销售，在河北、山西、新疆、山东、云南、内蒙古等地区拥有风电项目。2012年11月27日，公司所属张家口沽源东辛营200MW风电项目获年度国家优质工程银奖，成为集团公司成立以来率先获此奖项的工程项目，公司所属张家口崇礼轿车山风电项目获由中国施工企业管理协会颁发的2013年度中国电力优质工程奖，该奖项是我国电力行业建设领域的最高奖项。,ir@suntien.com,主要为天然气销售业务及风力发电业务.,梅春晓,河北,384991.04,班泽锋,20100209,www.suntien.com,新天绿能,0,SHSE,SHSE,公共事业 - 管制,20720,-,公共事业 - 多元化,20720040,30989470000,-14.87,24.31,¥12.31,公用事业,207,0.0,0,0,0.0,-10000.0,-2500,0.0,0.0,1.0,11.76,8.36,9.17,34.24,2020-12-31T05:00:00Z,{5_trade_sell},{trade_sell},2020Q4_1752488
300824,2020Q4_1752477,,,,,,,,,,,,,,北鼎股份,0,SZSE,SZSE,硬件,31120,-,消费类电子产品,31120030,5182639000,-1.75,-13.35,¥23.48,科技,311,0.0,0,0,0.0,-10000.0,-2000,0.0,0.0,1.0,38.9,27.48,31.6,-25.7,2020-12-31T05:00:00Z,{5_trade_sell},{trade_sell},2020Q4_1752477
300847,2020Q4_1752484,河北省邯郸市丛台区开发区世纪大街12号,光电材料及关联产品的研发、生产、销售；有机光导鼓、墨粉、鼓粉盒及零部件的研发、生产、销售；复印机、打印机、传真机、多功能一体机及其消耗材料和零部件的研发、生产、销售；精密设备相关业务；技术咨询服务；货物及技术进出口业务(国家限定公司经营和禁止进出口的商品及技术除外)；经营进料加工和“三来一补”业务。,张海君,邯郸市,公司是国内既能大规模生产墨粉又能大规模生产OPC鼓的企业，是国内打印复印静电成像耗材主要生产厂商之一。公司最早实现OPC鼓的国产化和产业化，通过了国家“863”计划重大项目“有机光导鼓产业化关键技术及发展研究”验收，同时也是早期实现墨粉国产化的企业之一。公司在耗材产业国产化的进程中发挥了重要的推动作用及引领作用，凸显了民族品牌的力量及价值。公司生产的墨粉产品和OPC鼓均被原科技部、环保部、商务部、国家质检总局四部委联合授予“国家重点新产品”证书。公司墨粉产品达到9大系列100多种，OPC鼓产品达到15大系列200多种，基本涵盖了市场的主流机型。,hgoazqb@hg-oa.com,"主营业务:打印复印静电成像耗材及成像设备的研发,生产和销售;主要产品:墨粉,OPC鼓,信息安全复印机,特种精密加工产品.",苏电礼,河北,29601.0,申其林,20000615,www.hg-oa.com,中船汉光,0,SZSE,SZSE,化工,10130,-,特种化学制品,10130020,4805562000,14.07,0.66,¥16.96,基础材料,101,0.0,0,0,0.0,-10000.0,-1400,0.0,0.0,1.0,25.69,15.11,19.84,-14.52,2020-12-31T05:00:00Z,{5_trade_sell},{trade_sell},2020Q4_1752484
688039,2020Q4_1752494,浙江省杭州市西湖区西斗门路3号天堂软件园E幢16层A座,服务：计算机软硬件、信息技术、网络技术、多媒体技术、电子产品的技术服务、技术咨询，计算机软、硬件系统集成及安装；生产：计算机软件；批发：计算机软、硬件产品，电子产品；技术及货物进出口(法律、行政法规禁止的项目除外，法律、行政法规限制的项目取得许可后方可经营)；第一类增值电信业务；第二类增值电信业务(以增值电信业务经营许可证为准)。(依法须经批准的项目，经相关部门批准后方可开展经营活动),孙彦龙,杭州市,公司是一家专注于智能视频技术算法研究，面向传媒文化和公共安全等行业的国家高新技术企业。公司的经营模式主要为自主研发独立及嵌入式智能视频处理软件并进行销售，同时为客户提供以视频处理为核心的多功能视频云服务。公司在传媒文化领域提供视频内容采集、生产、传输分发和终端播放等相关产品及服务；在公共安全领域为公安、司法等政府部门提供人像大数据实战应用平台、移动视频警务等产品。公司是国内视频编转码软件开发市场中少数具有高端产品自主研发能力的高科技企业，系中国数字音视频编解码技术标准工作组会员，是4K超高清实时编码器产品的核心供应商。,ir@arcvideo.com,"公司专注于智能视频技术的算法研究,依托多年的技术积累,拥有高质量视频编转码,智能人像识别,全平台播放,视频云服务等核心算法的研究与应用成果,是面向传媒文化和公共安全等领域,提供智能视频解决方案和视频云服务的国家高新技术企业.其中,公司在传媒文化领域提供视频内容采集,生产,传输分发和终端播放等相关产品及服务;在公共安全领域为公安,司法等政府部门提供人像大数据实战应用平台,移动视频警务等相关产品及服务.",孙彦龙,浙江,8000.0,谭亚,20100512,www.arcvideo.cn,当虹科技,0,SHSE,SHSE,软件,31110,-,软件和信息技术服务,31110010,5022581000,3.49,7.76,¥63.75,科技,311,0.0,0,0,0.0,-10000.0,-2800,0.0,0.0,1.0,110.99,56.8,80.89,-21.19,2020-12-31T05:00:00Z,{5_trade_sell},{trade_sell},2020Q4_1752494
300839,2020Q4_1752478,浙江省宁波市镇海区镇骆东路1818号,一般项目：技术服务、技术开发、技术咨询、技术交流、技术转让、技术推广；石油制品销售(不含危险化学品)；润滑油加工、制造(不含危险化学品)；专用化学产品销售(不含危险化学品)；专用化学产品制造(不含危险化学品)；化工产品销售(不含许可类化工产品)；化工产品生产(不含许可类化工产品)；仓储设备租赁服务(除依法须经批准的项目外，凭营业执照依法自主开展经营活动)。许可项目：危险化学品经营；危险化学品生产；货物进出口；进出口代理；技术进出口(依法须经批准的项目，经相关部门批准后方可开展经营活动，具体经营项目以审批结果为准)。,王律,宁波市,"公司是被纳入国家火炬计划产业化示范项目的高新技术企业，公司主营业务是采用自行研发的间歇式加工生产工艺,连续式生产工艺以及分子蒸馏和沉降等技术,对催化裂化后的燃料油即催化油浆进行深加工,研发,生产和销售作为化工原料的沥青助剂,橡胶助剂,润滑油助剂等重芳烃产品和更为纯净.公司主要产品包括沥青助剂,橡胶助剂,润滑油助剂等重芳烃类产品以及轻质燃料油.公司自主研发的工艺，装置操作温度远低于原料结焦温度，原料在装置内停留时间短，大大减少了原料结焦的可能，因此产品含焦量低、产品色度大为提高，并有效提高了重芳烃产品的收率，实现了催化油浆接近百分之百的综合利用率，提升了经济附加值，符合国家循环经济产业政策，具有循环经济和环保产业的双重特征，为节能减排做出积极贡献。",bohui@bhpcc.com,"主营业务:主要从事对催化裂化后的燃料油进行深加工,生产和销售沥青助剂,橡胶助剂,润滑油助剂,轻质燃料油等产品.公司主要产品包括沥青助剂,橡胶助剂,润滑油助剂等重芳烃类产品以及轻质燃料油.",王律,浙江,10400.0,尤丹红,20051012,www.bhpcc.com,博汇股份,0,SZSE,SZSE,石油与天然气,30910,-,石油与天然气 - 精炼与营销,30910050,2061278000,-18.49,-19.33,¥15.60,能源,309,0.0,0,0,0.0,-10000.0,-500,0.0,0.0,1.0,37.18,24.1,31.5,-50.48,2020-12-31T05:00:00Z,{5_trade_sell},{trade_sell},2020Q4_1752478
688090,2020Q4_1752495,广东省广州市黄埔区瑞祥路188号,工业机器人制造；工业自动控制系统装置制造；电子工业专用设备制造；环境保护专用设备制造；电工机械专用设备制造；金属结构制造；金属切割及焊接设备制造；机械零部件加工；机械工程设计服务；机械技术开发服务；通用机械设备销售；电气机械设备销售；机械设备租赁；钢结构制造；模具制造；船舶自动化、检测、监控系统制造；电器辅件、配电或控制设备的零件制造；软件开发；信息系统集成服务；集成电路设计；信息技术咨询服务；电气设备修理；通用设备修理；专用设备修理；工业设计服务；机电设备安装工程专业承包；电子工程设计服务；具有独立功能专用机械制造；金属表面处理及热处理加工；新材料技术开发服务；灌装码垛系统搬运设备制造；货物进出口(专营专控商品除外)；技术进出口；职业技能培训(不包括需要取得许可审批方可经营的职业技能培训项目)；房屋租赁；场地租赁(不含仓储)。,孙志强,广州市,公司是国家级高新技术企业，自成立以来，以“科技连接智造”为使命，专注于机器人与智能制造领域的研发、设计、制造、应用、销售和服务，致力于为客户提供成套智能化、柔性化制造系统解决方案，公司的产品及服务广泛应用于汽车、汽车零部件、3C、机械、电梯、摩托车、船舶等行业。在自动化程度最高、工业机器人应用最广泛的汽车行业，公司在国内汽车焊装领域处于领先地位；未来随着其他一般工业领域自动化、智能化水平的不断提高，机器人应用的广度和深度不断提升，公司的业务发展空间也将不断拓展。凭借领先的研发能力、雄厚的技术实力、强大的工艺设计能力、丰富的项目经验、完善的技术服务和售后服务，公司在机器人和智能制造的各行业应用领域中具备显著的竞争优势。公司先后被评为或获得“广东省战略性新兴产业骨干企业(智能制造领域)”、首批“广东省机器人骨干企业”、“广东省2018改革开放40周年制造业优秀企业”等荣誉称号。,ir@risongtc.com;wenyanduo@risongtc.com,"专注于机器人系统集成与智能制造领域的研发,设计,制造,应用,销售和服务,致力于为客户提供成套智能化,柔性化制造系统解决方案",孙志强,广东,6736.06,陈雅依,20120808,www.risongtc.com,瑞松科技,0,SHSE,SHSE,工业制品,31070,-,特种工业机械,31070020,2054611000,-6.29,-22.04,¥30.65,工业,310,0.0,0,0,0.0,-10000.0,-3000,0.0,0.0,1.0,55.6,38.6,48.52,-36.83,2020-12-31T05:00:00Z,{5_trade_sell},{trade_sell},2020Q4_1752495
300840,2020Q4_1752479,山东省青岛市即墨区红领大街17号,设计、生产、销售：服装鞋帽、服饰、皮革、箱包制品、针纺织品、服装辅料、劳保防护用品、无纺布、熔喷布、塑料制品、包装制品；医疗器械、消毒器械(第二类消毒和灭菌设备及器具)开发、制造、销售；金属柜体加工制造、销售、维修；经营自产产品及相关技术的出口业务；检测服务，质检技术服务，文化交流策划，会议展览服务；企业管理咨询；计算机软硬件研发及销售。研发、生产、销售：机械设备、电气机械设备、自动化成套设备、自动化仪器仪表、电子产品(不含电子出版物)、电子设备及配件、半导体设备及配件、半导体耗材、紫外线辐照设备、新能源原动设备、环保设备、节能设备、机床功能部件及附件、电子元器件与机电组件设备、纺织专用设备、智能基础制造装备；机械、电气、自动化设备安装、维护服务(不含特种设备)；人工智能硬件、工业机器人制造、销售；第二类增值电信业务中的信息服务业务(仅限互联网信息服务和移动网信息服务)(增值电信业务有效期限以经营许可证为准)。(依法须经批准的项目，经相关部门批准后方可开展经营活动)。,张蕴蓝,青岛市,公司主要从事个性化定制服装的生产与销售，包括了男士、女士正装全系列各品类，并向国内相关传统制造企业提供数字化定制工厂的整体改造方案及技术咨询服务。公司坚持“成为有益于社会文明进步的百年企业”的企业愿景，以“践行科学的企业治理思想，创造全新的价值体系”为使命，专注研究实践“互联网+工业”，形成了以“大规模个性化定制”为核心的经营模式，总结出了一套传统企业转型升级的彻底解决方案——数据工程，并创造性地提出了以“个性化定制”模式展开的消费者直接对接工厂的C2M商业生态。2018年8月，公司获得中国管理模式五十人论坛颁发的“中国管理模式创新奖”；2018年10月，获得中国商业经济学会颁发的中国定制经济先锋版“优秀企业”称号。公司的经营模式、产品和服务质量得到行业及社会的认可。,info@kutesmart.com,"公司主要从事个性化定制服装的生产与销售,包括了男士,女士正装全系列各品类,并向国内相关传统制造企业提供数字化定制工厂的整体改造方案及技术咨询服务.",张蕴蓝,山东,24000.0,刘承铭,20071228,www.kutesmart.com,酷特智能,0,SZSE,SZSE,服饰加工,10240,-,服装加工,10240020,3333168000,-7.12,-17.33,¥13.50,周期性消费,102,0.0,0,0,0.0,-10000.0,-1200,0.0,0.0,1.0,28.43,16.84,22.42,-39.79,2020-12-31T05:00:00Z,{5_trade_sell},{trade_sell},2020Q4_1752479
688277,2020Q4_1752498,北京市海淀区永泰庄北路1号中关村东升国际科学园7号楼二层,技术开发、技术咨询、技术转让、技术服务；施工总承包、专业承包、劳务分包；销售电子产品、机械设备、Ⅰ类医疗器械、Ⅱ类医疗器械；经济信息咨询；货物进出口、技术进出口、代理进出口；销售医疗器械Ⅲ类（以《医疗器械经营企业许可证》核定的范围为准）；生产医疗器械（Ⅰ、Ⅱ、Ⅲ类）（以《医疗器械生产企业许可证》核定的范围为准）。（市场主体依法自主选择经营项目，开展经营活动；依法须经批准的项目，经相关部门批准后依批准的内容开展经营活动；不得从事国家和本市产业政策禁止和限制类项目的经营活动。）,张送根,北京市,公司是国内骨科手术机器人行业的领军企业，始终专注于骨科手术机器人的研发、生产、销售和服务。以骨科手术机器人为核心产品，为医疗机构提供的产品和服务主要涵盖骨科手术机器人、手术中心专业工程、配套设备与耗材、技术服务四个方面，公司是我国骨科手术机器人产业化的先行者，创始团队成功研制出拥有我国自主知识产权的骨科手术机器人产品，是首家获得CFDA核发的第三类医疗器械注册证的“骨科机器人导航定位系统”。公司第三代产品于2016年11月获得CFDA核发的第三类医疗器械注册证，该产品各项性能指标达到国际同类产品水平，国家卫健委认定“天智航已研发生产出第三代骨科手术机器人产品，在高难骨科手术自动导航技术上成功实现从跟跑并跑迈向领跑”；公司的产品是经国家科技部认定的《创新医疗器械产品目录(2018)》中治疗设备及器械类唯一的“国际原创”产品，在国际范围内，发行人参与编制了关于手术机器人性能与安全基本要求的国际标准；在我国，发行人是“国家机器人标准化总体组”成员单位，参与编制了骨科机器人手术临床指南和诊疗规范，并参与制定了相关国家标准。,tinavi@tinavi.com,"专注于骨科手术机器人的研发,生产,销售和服务,以骨科手术机器人为核心产品.",徐进,北京,41984.68,黄军辉,20101022,cn.tinavi.com,天智航,0,SHSE,SHSE,医疗器械,20650,-,医疗器械和供给,20650020,10310588000,-19.21,-35.27,¥24.10,医疗保健,206,0.0,0,0,0.0,-10000.0,-8800,0.0,0.0,1.0,70.47,35.88,51.83,-53.5,2020-12-31T05:00:00Z,{5_trade_sell},{trade_sell},2020Q4_1752498
300842,2020Q4_1752480,,,,,,,,,,,,,,帝科股份,0,SZSE,SZSE,工业制品,31070,-,电子器械和零件,31070060,7054082000,49.21,4.78,¥66.72,工业,310,0.0,0,0,0.0,-10000.0,-500,0.0,0.0,1.0,78.78,61.5,68.98,-3.28,2020-12-31T05:00:00Z,{5_trade_sell},{trade_sell},2020Q4_1752480
688528,2020Q4_1752500,,,,,,,,,,,,,,秦川物联,0,SHSE,SHSE,硬件,31120,-,科技仪器,31120060,2301582000,-2.63,-16.28,¥13.77,科技,311,0.0,0,0,0.0,-10000.0,-8300,0.0,0.0,1.0,22.33,16.1,19.81,-30.49,2020-12-31T05:00:00Z,{5_trade_sell},{trade_sell},2020Q4_1752500
688568,2020Q4_1752501,,,,,,,,,,,,,,中科星图,0,SHSE,SHSE,软件,31110,-,软件应用,31110020,13584171000,35.06,38.64,¥62.70,科技,311,0.0,0,0,0.0,-10000.0,-11000,0.0,0.0,1.0,64.19,41.48,54.97,14.06,2020-12-31T05:00:00Z,{5_trade_sell},{trade_sell},2020Q4_1752501
300843,2020Q4_1752481,广东省东莞市长安镇沙头南区合兴路4号,研发、生产、销售：电子产品及新能源组件、连接器、连接线产品及组件、天线、电磁屏蔽组件、射频及微波器件相关产品、电源适配器、耳机、智能穿戴及周边产品；新能源汽车充电模组、充电桩、充电枪设备及相关产品、锂电池结构件、软性线路板、锂电池产品及相关配件、通用机械设备、机械配件、汽车配件、家用电器、端子、端子机、模具、发光二极管及配件、背光透镜、光学零组件及配件及提供产品相关技术服务；表面贴片加工及相关技术服务；货物或技术进出口(国家禁止或涉及行政审批的货物和技术进出口除外)；餐饮服务。(依法须经批准的项目，经相关部门批准后方可开展经营活动。),黄福林,东莞市,公司系一家专注于电子连接器及精密零组件的研发、生产及销售的高新技术企业，主要产品已广泛应用于消费类电子、新能源汽车等领域。自成立以来，公司扎根于自身精湛的模具开发能力以及快速的客户需求响应能力，通过了IATF16949、ISO9001、ISO14001、QC080000等体系认证和产品安规认证，公司拥有优质、稳定的客户资源，已与富士康、立讯精密、小米、TCL、日本电产、日立集团、比亚迪、长城汽车等国内外知名客户建立稳定合作关系。通过多年的生产经营积累，“JCTC TERMINAL&CONNECTORS”注册商标被认定为国家驰名商标，同时也获得广东省守合同重信用企业、广东省高新技术产品、东莞市专利优势企业等荣誉。,ir@jctc.com.cn,"电子连接器及精密零组件的研发,生产及销售,主要产品已广泛应用于消费类电子,新能源汽车等领域.",黄福林,广东,14890.0,杨旭迎,20071214,www.jctc.com.cn,胜蓝股份,0,SZSE,SZSE,工业制品,31070,-,电子器械和零件,31070060,3758485000,0.83,-12.98,¥25.59,工业,310,0.0,0,0,0.0,-10000.0,-800,0.0,0.0,1.0,48.94,28.46,35.07,-27.03,2020-12-31T05:00:00Z,{5_trade_sell},{trade_sell},2020Q4_1752481
300845,2020Q4_1752482,河南省郑州市中原区高新技术产业开发区科学大道133号11层,计算机网络技术服务；计算机软件技术开发、技术咨询、技术服务、技术转让；计算机软件销售；机电一体化设备销售、生产、安装、施工、技术开发、技术转让；设备一体化研发、生产和销售；计算机系统集成；信息咨询服务；房屋租赁经营；展览展示服务；建筑智能化工程设计及施工；机电安装工程设计及施工；从事货物和技术的进出口业务。,郑乐观,郑州市,公司是专注于研发并提供虚拟仿真培训解决方案的服务商。业务涵盖轨道交通、焊接、航空航天、国防军备、水利水电、道路桥梁、化工、油田矿井、港口吊装等行业和领域。公司自主研发了具有完全自主知识产权的JanVR模拟仿真引擎与开发平台，潜心专注于虚拟现实技术、系统仿真技术、三维动画技术在各高端行业的应用。多所科研单位、知名院校与我公司展开广泛合作，取得了丰硕的科技成果，现已挂牌成为多所高校研究生虚拟仿真科研创新实践基地。公司拥有多年从事专业技能培训的教师和现场应用的工程师队伍，具备丰富的虚拟仿真技术与产品研发经验，取得了多项国家专利、行业认证及软件著作权登记证书。公司产品大量应用于各铁路局、地铁公司、职业院校等行业单位。,dongshihui@jiean.net,"公司是专注于轨道交通,安全作业,船舶等领域计算机仿真实训系统研发与技术服务的整体解决方案提供商",高志生,河南,9235.6,郑乐观,20020603,www.jantech.cn,捷安高科,0,SZSE,SZSE,软件,31110,-,软件应用,31110020,1873933000,-14.48,-33.91,¥19.89,科技,311,0.0,0,0,0.0,-10000.0,-500,0.0,0.0,1.0,46.6,30.46,39.69,-49.89,2020-12-31T05:00:00Z,{5_trade_sell},{trade_sell},2020Q4_1752482
