symbol,_id,company,dividend_startyear,exchange,group,groupcode,index_stockid,industry,industrycode,mktcap_norm_cny,pchange_12w,pchange_ytd,price,sector,sectorcode,share_percentage,shares,value,position,change,share_change,impact,abs_impact,split_factor,price_max,price_min,price_avg,change_from_average,portdate,action,comment,oid,address,business_scope,chairman,city,descrpt,email,main_business,manager,province,reg_capital,secretary,setup_date,website,exchange_
PDD,2020Q4_1696314,拼多多,0,NAS,零售,10280,-,网络零售,10280050,897342730000,-16.35,-37.67,$110.74,周期性消费,102,0.06,797545,141699820,9.39,10000.0,797545,9.39,9.39,1.0,179.11,71.4,102.78,7.74,2020-12-31T05:00:00Z,{1_trade_buy},{trade_buy},2020Q4_1696314,,,,,,,,,,,,,,
VIPS,2020Q4_1696317,唯品会,0,NYSE,零售,10280,-,网络零售,10280050,87447784000,-29.07,-30.02,$19.67,周期性消费,102,0.39,2668316,75006360,4.97,10000.0,2668316,4.97,4.97,1.0,28.11,14.98,20.9,-5.89,2020-12-31T05:00:00Z,{1_trade_buy},{trade_buy},2020Q4_1696317,,,,,,,,,,,,,,
01919,2020Q4_1696282,中远海控,0,HKSE,交通运输,31080,-,水上运输,31080040,310747330000,54.96,92.6,HK$13.96,工业,310,0.34,54187250,50011260,3.32,10000.0,54187250,3.32,3.32,1.3,1.81,1.48,1.65,746.06,2020-12-31T05:00:00Z,{1_trade_buy},{trade_buy},2020Q4_1696282,上海市东大名路658号8楼,国际船舶运输公司的投资与管理，提供与国际船舶运输配套的服务；实业项目投资与管理；码头投资；从事海上、航空、陆路国际货运代理业务，国际船舶代理；国内船舶代理，货物运输代理；船舶与集装箱生产、销售、租赁、维修；仓储、装卸；运输方案设计；信息服务。(依法须经批准的项目，经相关部门批准后方可开展经营活动)。,许立荣,天津市,公司是中远海运集团航运及码头经营主业上市旗舰企业和资本平台。公司旗下的集装箱航运板块，主要经营国际、国内海上集装箱运输服务及相关业务，共经营230余国际航线(含国际支线)、50余条中国沿海航线及80余条珠江三角洲和长江支线，在全球约90余个国家和地区的290余个港口均有挂靠，旗下集装箱船队运力规模排名稳居世前列，集装箱码头年总吞吐量排名蝉联世界第一。公司通过自营集装箱船队，开展以集装箱为载体的货物运输及相关业务。在“全球化、端到端、数字化、双品牌”四大发展战略指引下，致力于推动公司整体提质增效，以及不断提升为客户创造价值服务的能力，努力将公司打造成为世界一流的集装箱海运综合服务商。公司坚持以全球化眼光和国际化思维，聚焦世界贸易格局变化，把握新兴经济体发展和中国扩大进口市场机遇，积极顺应“一带一路”倡议及中国企业“走出去”战略深入推进，充分整合、持续优化全球网络资源，提升盈利能力和抗周期能力。,guo.huawei@coscoshipping.com;zhang.yueming@coscoshipping.com,"主营业务:国际,国内海上集装箱运输服务及相关业务.",杨志坚,天津,1225952.92,郭华伟,20070105,hold.coscoshipping.com,HKSE
2303,2020Q4_1696311,联电,2019,TPE,半导体,31130,-,半导体,31130020,158259352000,3.77,16.86,NT$55.10,科技,311,0.24,29682000,49829320,3.3,10000.0,29682000,3.3,3.3,1.0,50.9,16.0,29.72,85.4,2020-12-31T05:00:00Z,{1_trade_buy},{trade_buy},2020Q4_1696311,,,,,,,,,,,,,,
2454,2020Q4_1696308,聯發科,2019,TPE,半导体,31130,-,半导体,31130020,347953756000,0.3,32.26,NT$951.00,科技,311,0.08,1291000,34336570,2.28,10000.0,1291000,2.28,2.28,1.0,747.0,556.0,663.71,43.29,2020-12-31T05:00:00Z,{1_trade_buy},{trade_buy},2020Q4_1696308,,,,,,,,,,,,,,
01299,2020Q4_1696286,友邦保险,2019,HKSE,保险,10340,-,人身保险,10340010,967043532000,-2.8,1.68,HK$96.25,金融服务,103,0.02,2739400,33574540,2.23,10000.0,2739400,2.23,2.23,1.0,96.3,69.35,80.26,19.92,2020-12-31T05:00:00Z,{1_trade_buy},{trade_buy},2020Q4_1696286,,,,,,,,,,,,,,HKSE
02331,2020Q4_1696294,李宁,2019,HKSE,旅游和娱乐,10290,-,娱乐,10290020,194622648000,59.14,78.12,HK$93.15,周期性消费,102,0.17,4245500,29193560,1.94,10000.0,4245500,1.94,1.94,1.0,53.25,24.0,36.52,155.07,2020-12-31T05:00:00Z,{1_trade_buy},{trade_buy},2020Q4_1696294,,,,,,,,,,,,,,HKSE
02689,2020Q4_1696299,玖龙纸业,2020,HKSE,林业,10140,-,造纸及纸制品,10140020,43504954000,1.81,1.81,HK$11.36,基础材料,101,0.41,19356000,27468780,1.82,10000.0,19356000,1.82,1.82,1.0,11.66,9.47,10.61,7.07,2020-12-31T05:00:00Z,{1_trade_buy},{trade_buy},2020Q4_1696299,,,,,,,,,,,,,,HKSE
09901,2020Q4_1696298,新东方（新）,0,HKSE,教育,20540,-,教育培训服务,20540010,76766362000,-51.87,-61.27,HK$53.60,非周期性消费,205,0.08,1282800,23037180,1.53,10000.0,1282800,1.53,1.53,10.0,140.3,122.5,131.67,-59.29,2020-12-31T05:00:00Z,{1_trade_buy},{trade_buy},2020Q4_1696298,,,,,,,,,,,,,,HKSE
300059,2020Q4_1696272,东方财富,2018,SZSE,交互式媒体,30830,-,互联网和相关服务,30830010,335203220000,39.3,28.25,¥32.50,通信服务,308,0.05,5064894,20000020,1.33,10000.0,5064894,1.33,1.33,1.2,16.89,11.28,12.86,152.72,2020-12-31T05:00:00Z,{1_trade_buy},{trade_buy},2020Q4_1696272,上海市徐汇区宛平南路88号东方财富大厦,第二类增值电信业务中的呼叫中心业务和信息服务业务(以经营许可证为准)，企业投资咨询、策划，商务咨询，会务会展咨询服务，计算机软硬件及网络系统的技术开发、技术服务、技术咨询、技术转让，设计、制作、发布、代理国内外各类广告，自有房屋租赁，计算机软件销售。,其实,上海市,公司是国内领先的互联网金融服务平台综合运营商，通过以“东方财富网”为核心，集互联网财经门户平台、金融电子商务平台、金融终端平台及移动端平台等为一体的互联网金融服务大平台，向海量用户提供基于互联网平台应用的产品和服务。公司运营的以“东方财富网”为核心的互联网金融服务大平台已成为我国用户访问量最大、用户黏性最高的互联网金融服务平台之一，“天天基金网”和“股吧”在各自细分领域中均具有市场领先地位，在用户数量和用户黏性方面长期保持竞争优势，形成了公司的核心竞争力。,dongmi@eastmoney.com,"主营业务:公司通过“东方财富网”网站平台提供专业的,及时的,海量的资讯信息,满足广大互联网用户对于财经资讯和金融信息需求.公司主营业务属于网络财经信息服务业,向用户提供专业的,及时的,海量的资讯信息,满足其对于财经资讯和金融信息的需求.业务内容主要包括互联网广告服务以及金融数据服务.",郑立坤,上海,1033576.38,其实,20050120,www.eastmoney.com,SZSE
01109,2020Q4_1696285,华润置地,2020,HKSE,房地产,10410,-,房地产开发,10410010,190522477000,-10.72,4.11,HK$32.05,房地产,104,0.07,4828000,19931880,1.32,10000.0,4828000,1.32,1.32,1.0,38.55,30.5,34.1,-6.01,2020-12-31T05:00:00Z,{1_trade_buy},{trade_buy},2020Q4_1696285,,,,,,,,,,,,,,HKSE
02388,2020Q4_1696284,中银香港,2020,HKSE,银行,10320,-,区域性银行,10320020,226157434000,-2.23,12.24,HK$25.65,金融服务,103,0.06,6188000,18760710,1.24,10000.0,6188000,1.24,1.24,1.0,25.45,20.3,22.71,12.95,2020-12-31T05:00:00Z,{1_trade_buy},{trade_buy},2020Q4_1696284,,,,,,,,,,,,,,HKSE
002690,2020Q4_1696275,美亚光电,2015,SZSE,工业制品,31070,-,特种工业机械,31070020,35370548000,23.26,21.0,¥51.34,工业,310,0.32,2140307,14486490,0.96,10000.0,2140307,0.96,0.96,1.0,52.0,42.34,47.59,7.88,2020-12-31T05:00:00Z,{1_trade_buy},{trade_buy},2020Q4_1696275,安徽省合肥市高新区望江西路668号,光电子应用技术开发、转让、软件设计，光电机械(含农业机械、工业机械、光电子应用设备)、6830医用X射线设备制造与销售，二类(含医用X射线附属设备及部件，口腔科设备及器具，软件)、三类(口腔科材料)医疗器械销售，自营和代理各种商品和技术的进出口业务(国家法律法规禁止的商品和技术除外)。,田明,合肥市,公司是一家专注于光电识别核心技术与产品研发的高新技术企业。公司产品人工智能色选机、X射线检测设备和高端医疗设备等产品，广泛应用于全球农产品加工、工业检测及医疗卫生等领域，市场占有率多年保持世界领先。公司已经建成了覆盖全球的营销网络，产品和服务覆盖全国所有省市和地区，并在东南亚、中亚、中东、北美、南美、西欧、东欧、非洲等地区为多个国家提供高品质的光电识别解决方案。公司以科技创新为发展源动力，集聚了全国一批优秀的光电识别科研团队，建有国家认定企业技术中心、国家农产品智能分选装备工程技术研究中心、国家博士后科研工作站等国家级创新平台，多次承担国家重大科学仪器设备开发专项、国家863计划、国家火炬计划等重大科研项目，主持制定多项国家、行业标准。公司荣获国家创新型企业、国家技术创新示范企业、国家规划布局内重点软件企业、国家火炬计划重点高新技术企业、全国工业品牌培育示范企业等称号。,mygd@chinameyer.com,"主要产品:按产品应用领域划分,发行人产品可以分为食品检测与分级专用设备,工业检测与分级专用设备两大类;按产品技术原理划分,发行人产品可分为可见光检测与分级专用设备,X射线检测与分级专用设备两大类.可见光检测与分级专用设备主要包括各类色选机,X射线检测与分级专用设备则包括食品X射线检测机,工业X射线检测机和X射线轮胎检测设备.主营业务:光电检测与分级专用设备及其应用软件的研发,生产和销售.",田明,安徽,67600.0,程晓宏,20000303,www.chinameyer.com,SZSE
09987,2020Q4_1696306,百胜中国,0,HKSE,餐饮,10270,-,餐饮,10270010,176670951000,8.96,14.29,HK$508.00,周期性消费,102,0.05,227600,13054880,0.87,10000.0,227600,0.87,0.87,1.0,471.8,387.8,429.68,18.23,2020-12-31T05:00:00Z,{1_trade_buy},{trade_buy},2020Q4_1696306,,,,,,,,,,,,,,HKSE
00316,2020Q4_1696300,东方海外国际,2020,HKSE,交通运输,31080,-,水上运输,31080040,77008161000,45.26,100.74,HK$143.80,工业,310,0.2,1290000,12898000,0.86,10000.0,1290000,0.86,0.86,1.0,77.5,32.9,50.08,187.14,2020-12-31T05:00:00Z,{1_trade_buy},{trade_buy},2020Q4_1696300,,,,,,,,,,,,,,HKSE
09992,2020Q4_1696301,泡泡玛特,0,HKSE,旅游和娱乐,10290,-,娱乐,10290020,79770796000,11.51,-15.65,HK$70.10,周期性消费,102,0.09,1207200,12669740,0.84,10000.0,1207200,0.84,0.84,1.0,89.6,69.0,79.3,-11.6,2020-12-31T05:00:00Z,{1_trade_buy},{trade_buy},2020Q4_1696301,,,,,,,,,,,,,,HKSE
HTHT,2020Q4_1696313,华住集团,2020,NAS,旅游和娱乐,10290,-,寄宿,10290030,107808678000,-7.42,14.41,$51.52,周期性消费,102,0.08,270520,12181520,0.81,10000.0,270520,0.81,0.81,1.0,53.56,32.99,42.4,21.51,2020-12-31T05:00:00Z,{1_trade_buy},{trade_buy},2020Q4_1696313,,,,,,,,,,,,,,
603986,2020Q4_1696273,兆易创新,2018,SHSE,半导体,31130,-,半导体,31130020,112222733000,34.69,23.5,¥167.55,科技,311,0.08,557904,12030350,0.8,10000.0,557904,0.8,0.8,1.4,174.34,120.51,147.93,13.26,2020-12-31T05:00:00Z,{1_trade_buy},{trade_buy},2020Q4_1696273,北京市海淀区丰豪东路9号院中关村集成电路设计园8号楼,微电子产品、计算机软硬件、计算机系统集成、电信设备、手持移动终端的研发；委托加工生产、销售自行研发的产品；技术转让、技术服务；货物进出口、技术进出口、代理进出口。(市场主体依法自主选择经营项目，开展经营活动；依法须经批准的项目，经相关部门批准后依批准的内容开展经营活动；不得从事国家和本市产业政策禁止和限制类项目的经营活动。),何卫,北京市,公司成立于2005年4月，是一家以中国为总部的全球化芯片设计公司。公司致力于各类存储器、控制器及周边产品的设计研发，已通过SGS ISO9001及ISO14001等管理体系的认证，在上海、合肥、中国香港设有全资子公司、在深圳设有分公司，在中国台湾地区设有办事处，并在韩国、美国、日本等地通过产品分销商为客户提供优质便捷的本地化服务。公司核心管理团队由来自世界各地的高级管理人员组成，每一位都曾在硅谷、韩国、台湾等各地著名IC企业工作多年，有着丰富的研发及管理经验。公司产品为NOR Flash、NAND Flash及MCU，广泛应用于手持移动终端、消费类电子产品、个人电脑及周边、网络、电信设备、医疗设备、办公设备、汽车电子及工业控制设备等各个领域。公司先后被评为“重大科技成果产业化突出贡献单位”、“创新型试点企业”。,investor@gigadevice.com,"公司主营业务为闪存芯片及其衍生产品的研发,技术支持和销售.公司的主要产品为闪存芯片,具体为串行的代码型闪存芯片.",何卫,北京,66415.51,李红,20050406,www.gigadevice.com,SHSE
002311,2020Q4_1696274,海大集团,2018,SZSE,农副加工食品,20525,-,加工食品,20525040,121968743000,-2.07,13.66,¥71.85,非周期性消费,205,0.05,840130,8411380,0.56,10000.0,840130,0.56,0.56,1.0,66.07,55.96,60.48,18.8,2020-12-31T05:00:00Z,{1_trade_buy},{trade_buy},2020Q4_1696274,广东省广州市番禺区南村镇万博四路42号海大大厦2座701,饲料、添加剂的生产和技术开发、技术服务，畜牧、水产品的养殖、加工和技术开发、技术服务；以上产品及饲料原料、农副产品的批发、佣金代理(拍卖除外)及进出口业务(涉及配额许可证管理、专项规定管理的商品按照国家有关规定办理)，粮食收购。,薛华,广州市,公司是一家集研发、生产和销售水产饲料、畜禽饲料和水产饲料预混料以及健康养殖为主营业务的高科技型上市公司，核心业务是水产饲料、水产苗种和动保产品。公司已经实现了在全国重点水产养殖区域的生产和销售。公司资金充足，银行信誉评级为AAA级。集团积极倡导绿色健康养殖，所属分子公司均通过了ISO9000、HACCP认证。多年来，公司先后获得“中国名牌”、“广东省著名商标”、“广东省名牌产品”等殊荣，海大集团被认定为“农业产业化国家重点龙头企业”、“国家农产品加工技术研发专业分中心”、“高新技术企业”等。,zqbgs@haid.com.cn,"水产预混料,水产配合饲料和畜禽配合饲料的研发,生产和销售.",薛华,广东,166116.11,黄志健,20040108,www.haid.com.cn,SZSE
2458,2020Q4_1696307,義隆,2016,TPE,半导体,31130,-,半导体,31130020,13309001000,-4.59,47.94,NT$197.50,科技,311,0.44,1293000,6145960,0.41,10000.0,1293000,0.41,0.41,1.0,157.5,127.5,141.23,39.84,2020-12-31T05:00:00Z,{1_trade_buy},{trade_buy},2020Q4_1696307,,,,,,,,,,,,,,
002050,2020Q4_1696278,三花智控,2018,SZSE,工业制品,31070,-,特种工业机械,31070020,78849521000,4.34,-8.36,¥21.63,工业,310,0.03,1053813,3970640,0.26,10000.0,1053813,0.26,0.26,1.0,26.8,21.56,23.89,-9.46,2020-12-31T05:00:00Z,{1_trade_buy},{trade_buy},2020Q4_1696278,浙江省绍兴市新昌县梅渚镇沃西大道219号三花工业园区办公大楼,制冷设备、自动控制元件，压力管道元件，机电液压控制泵及其他机电液压控制元器件生产(限分支机构经营)、销售，承接制冷配件产品的对外检测、试验及分析服务，从事进出口业务。(依法须经批准的项目，经相关部门批准后方可开展经营活动),张亚波,绍兴市,公司是一家全球领先的生产和研发制冷空调控件元件和零部件的厂商。在汽车、电器和空调行业中，通过与全球著名企业的合作紧密，三花已成为世界领先的OEM供应商，提供高品质且最具竞争力的商品。三花牌制冷自控元器件已成为世界知名品牌之一，公司已成为松下、大金、三菱、东芝、日立、富士通、LG、三星、开利、特灵、约克、格力、美的、海尔等世界著名制冷、空调主机厂的战略供方和合作伙伴。公司参与并在某些领域主导制冷空调类产品有关的技术标准的讨论和制定，利用市场规模和技术领先的优势推向全世界，使三花“产品技术化、技术专利化、专利标准化、标准全球化”，以高标准构建制冷空调自控元器件产业发展新平台。,shc@zjshc.com,"主要产品:截止阀,电子膨胀阀,电磁阀.",王大勇,浙江,359160.15,胡凯程,19940910,www.zjshc.com,SZSE
09666,2020Q4_1696283,金科服务,0,HKSE,房地产,10410,-,房地产服务,10410020,34503244000,4.11,3.7,HK$63.20,房地产,104,0.07,431800,3476150,0.23,10000.0,431800,0.23,0.23,1.0,62.3,44.0,52.71,19.9,2020-12-31T05:00:00Z,{1_trade_buy},{trade_buy},2020Q4_1696283,,,,,,,,,,,,,,HKSE
300012,2020Q4_1696271,华测检测,2015,SZSE,商业服务,31020,-,咨询服务,31020020,50207021000,-0.7,11.42,¥29.53,工业,310,0.04,709672,2969010,0.2,10000.0,709672,0.2,0.2,1.0,27.67,23.68,26.03,13.45,2020-12-31T05:00:00Z,{1_trade_buy},{trade_buy},2020Q4_1696271,广东省深圳市宝安区新安街道留仙三路4号华测检测大楼,实验室检测/校准(取得合格证后方可经营)，检查，检验，货物查验，技术服务。,万峰,深圳市,公司是一家全国性、综合性的独立第三方检测服务机构，主要从事工业品、消费品、生命科学以及贸易保障领域的技术检测服务。在国内拥有数十家分支机构组成的业务网络，拥有化学、生物、物理、机械、电磁等领域的多个实验室，取得了CMA计量认证与CNAS国家合格评定委员会实验室认可资格和检查机构认可资格，并依据ISO17025、ISO17020进行管理。公司具备向社会独立出具公正数据的资质，检测数据具有较高的市场公信力，检测报告得到包括美国、英国、德国、法国、意大利、日本、韩国、中国台湾和中国香港地区在内的共42个国家和地区的认可。公司为中国制造业产品创新、产业升级提供公共技术服务平台，为中国乃至世界各地的产品质量、安全、环保、健康、节能等提供监督和支持。,security@cti-cert.com,"公司主要从事贸易保障,消费品,工业品以及生命科学领域的技术检测服务.",申屠献忠,广东,167116.92,陈砚,20031223,www.cti-cert.com,SZSE
4958,2020Q4_1696312,臻鼎-KY,2017,TPE,半导体,31130,-,半导体,31130020,23488012000,2.75,-1.75,NT$107.50,科技,311,0.57,5429000,22036100,1.46,168.5,3407000,0.92,0.92,1.0,146.5,113.0,127.34,-15.58,2020-12-31T05:00:00Z,{2_trade_add},{trade_add} 168.50 %,2020Q4_1696312,,,,,,,,,,,,,,
000858,2020Q4_1696277,五粮液,2015,SZSE,酒精饮料,20510,-,其他酒类,20510020,1080262730000,10.79,-2.89,¥277.52,非周期性消费,205,0.04,1591593,71002100,4.71,72.94,671298,1.99,1.99,1.0,291.85,188.73,238.44,16.39,2020-12-31T05:00:00Z,{2_trade_add},{trade_add} 72.94 %,2020Q4_1696277,四川省宜宾市翠屏区岷江西路150号,主营：酒类产品及相关辅助产品(瓶盖、商标、标识及包装制品)的生产经营；兼营：饮料、药品、水果种植、农业种植、进出口业务、物业管理、投资管理等。,曾从钦,宜宾市,公司是以五粮液及其系列酒的生产、销售为主要产业，同时生产经营精密塑胶制品、大中小高精尖注射和冲压模具现代制造产业，以及生物工程为发展产业，药业工业、印刷业、电子器件产业、物流运输和相关的服务业的具有深厚企业文化的现代化企业集团。公司现已系统研制开发了五粮春、五粮神、五粮醇等几十种不同档次、不同口味，满足不同区域、不同文化背景、不同层次消费者需求的系列产品。数年来“五粮液”品牌连续在中国白酒制造业和食品行业“最有价值品牌”中排位居前，具有领导市场的影响力。目前公司根据消费者的个性化需求，进一步细分、微分市场，新设计开发国宝五粮液、人民大会堂国宴五粮液等，丰富和完善产品线，加快新产品开发步伐，有效地支持了公司经营业绩持续增长。,000858-wly@sohu.com;lixinyi@wuliangye.com.cn,主要产品:五粮液系列酒.,,四川,388160.8,彭智辅,19980421,www.wuliangye.com.cn,SZSE
TAL,2020Q4_1696316,好未来,0,NYSE,教育,20540,-,教育培训服务,20540010,91478371000,-61.62,-69.32,$21.94,非周期性消费,205,0.06,398767,28515830,1.89,32.74,98352,0.47,0.47,1.0,82.02,66.34,73.81,-70.28,2020-12-31T05:00:00Z,{2_trade_add},{trade_add} 32.74 %,2020Q4_1696316,,,,,,,,,,,,,,
2330,2020Q4_1696309,台积电,2020,TPE,半导体,31130,-,半导体,31130020,3681319054000,-0.4,16.79,NT$614.00,科技,311,0.02,5721000,107958770,7.16,1.92,108000,0.14,0.14,1.0,530.0,322.0,445.25,37.9,2020-12-31T05:00:00Z,{2_trade_add},{trade_add} 1.92 %,2020Q4_1696309,,,,,,,,,,,,,,
600519,2020Q4_1696276,贵州茅台,2014,SHSE,酒精饮料,20510,-,其他酒类,20510020,2488180637000,0.08,0.97,¥1955.90,非周期性消费,205,0.02,274817,83930260,5.56,0.0,0,0.0,0.0,1.0,1998.0,1541.79,1721.71,13.6,2020-12-31T05:00:00Z,{3_not_change},-,2020Q4_1696276,贵州省仁怀市茅台镇,茅台酒系列产品的生产与销售；饮料、食品、包装材料的生产、销售；防伪技术开发、信息产业相关产品的研制、开发；酒店经营管理、住宿、餐饮、娱乐、洗浴及停车场管理服务(具体内容以工商核定登记为准)。,高卫东,遵义市,公司是国内白酒行业的标志性企业，主要生产销售世界三大名酒之一的茅台酒，同时进行饮料、食品、包装材料的生产和销售，防伪技术开发，信息产业相关产品的研制开发。茅台酒历史悠久，源远流长，是酱香型白酒的典型代表，享有“国酒”的美称。目前，公司茅台酒年生产量已突破一万吨，43°、38°、33°茅台酒拓展了茅台酒家族低度酒的发展空间，茅台王子酒、茅台迎宾酒满足了中低档消费者的需求，15年、30年、50年、80年陈年茅台酒填补了我国极品酒、年份酒、陈年老窖的空白，在国内独创年代梯级式的产品开发模式。公司产品形成了低度、高中低档、极品三大系列70多个规格品种，全方位跻身市场，从而占据了白酒市场制高点，称雄于中国极品酒市场。,mtdm@moutaichina.com,"主要产品:高度茅台酒(含陈年茅台酒),低度茅台酒.",李静仁,贵州,125619.78,刘刚,19991120,www.moutaichina.com,SHSE
00807,2020Q4_1696302,上海实业环境,2019,HKSE,工业制品,31070,-,环境治理,31070040,2537928000,-4.04,19.25,HK$1.20,工业,310,8.7,224154980,29786310,1.97,0.0,0,0.0,0.0,1.0,1.3,1.03,1.12,7.14,2020-12-31T05:00:00Z,{3_not_change},-,2020Q4_1696302,,,,,,,,,,,,,,HKSE
00590,2020Q4_1696295,六福集团,2017,HKSE,零售,10280,-,奢侈品,10280040,13077267000,24.58,40.63,HK$26.30,周期性消费,102,1.61,9426000,22740510,1.51,0.0,0,0.0,0.0,1.0,20.8,15.5,18.23,44.27,2020-12-31T05:00:00Z,{3_not_change},-,2020Q4_1696295,,,,,,,,,,,,,,HKSE
03613,2020Q4_1696288,同仁堂国药,2014,HKSE,医疗机构和服务,20645,-,医药零售,20645020,8516218000,3.03,50.43,HK$12.04,医疗保健,206,1.87,15615000,16418390,1.09,0.0,0,0.0,0.0,1.0,11.16,7.8,8.91,35.13,2020-12-31T05:00:00Z,{3_not_change},-,2020Q4_1696288,,,,,,,,,,,,,,HKSE
03908,2020Q4_1696279,中金公司,0,HKSE,资本市场,10330,-,资本市场,10330010,203333552000,11.32,0.08,HK$21.75,金融服务,103,0.12,6002000,16260970,1.08,0.0,0,0.0,0.0,1.0,21.0,16.46,18.37,18.4,2020-12-31T05:00:00Z,{3_not_change},-,2020Q4_1696279,北京市朝阳区建国门外大街1号国贸大厦2座27层及28层,一、人民币特种股票、人民币普通股票、境外发行股票，境内外政府债券、公司债券和企业债券的经纪业务；二、人民币普通股票、人民币特种股票、境外发行股票，境内外政府债券、公司债券和企业债券的自营业务；三、人民币普通股票、人民币特种股票、境外发行股票，境内外政府债券、公司债券和企业债券的承销业务；四、基金的发起和管理；五、企业重组、收购与合并顾问；六、项目融资顾问；七、投资顾问及其他顾问业务；八、外汇买卖；九、境外企业、境内外商投资企业的外汇资产管理；十、同业拆借；十一、客户资产管理。十二、网上证券委托业务；十三、融资融券业务；十四、代销金融产品；十五、证券投资基金代销；十六、为期货公司提供中间介绍业务；十七、证券投资基金托管业务；十八、经金融监管机构批准的其他业务。(依法须经批准的项目，经相关部门批准后依批准的内容开展经营活动。),沈如军,北京市,"公司是由国内外著名金融机构和公司基于战略合作关系共同投资组建的中国第一家中外合资投资银行。公司自1995年成立以来，一直致力于为客户提供高质量金融增值服务，业务范围覆盖宏观经济、证券和市场研究、股权与债务发行与承销、兼并收购财务顾问、股本销售交易、固定收益、自营投资、资产管理、财富管理、直接投资、证券投资咨询等诸多领域。公司总部设在北京，在境内设有多家子公司，在上海和深圳设有分公司，在北京、上海、深圳等多个城市设有证券营业部。公司亦积极开拓海外市场，随着业务范围的不断拓展，已在中国香港、纽约、伦敦和新加坡设有子公司,在品牌、客户、业务布局、人才、专业能力、运营管理等方面建立了独特的竞争优势，并在业内获得广泛认可。公司在《亚洲金融》《机构投资者》《亚洲货币》等知名媒体评选中屡获“中国最佳投资银行”、“最佳销售服务团队”、“最具影响力研究机构”等殊荣。同时，公司始终坚持依法合规经营，重视风险管理，建立了良好的规范运作和内部控制机制。自2007年中国证监会推出证券公司分类监管起的13年中，公司有12年获得证券公司被授予过的最高评级A类AA级评级，是累计获得A类AA级评级次数最多的证券公司。",investorrelations@cicc.com.cn,"主要业务包括投资银行业务,销售交易业务,自营投资业务,财富管理业务,资产管理业务,直接投资业务,研究平台,国际业务等.",黄朝晖,北京,482725.69,孙男,19950731,www.cicc.com,HKSE
00839,2020Q4_1696289,中教控股,2019,HKSE,教育,20540,-,教育培训服务,20540010,31254698000,9.14,13.01,HK$16.14,非周期性消费,205,0.58,13076000,25203250,1.67,-1.48,-196000,-0.03,0.03,1.0,16.8,12.24,14.36,12.4,2020-12-31T05:00:00Z,{4_trade_reduce},{trade_reduce} 1.48 %,2020Q4_1696289,,,,,,,,,,,,,,HKSE
01569,2020Q4_1696297,民生教育,0,HKSE,教育,20540,-,教育培训服务,20540010,4564192000,-9.15,14.16,HK$1.28,非周期性消费,205,3.18,134180000,19561280,1.3,-3.51,-4886000,-0.06,0.06,1.0,1.28,0.98,1.12,14.29,2020-12-31T05:00:00Z,{4_trade_reduce},{trade_reduce} 3.51 %,2020Q4_1696297,,,,,,,,,,,,,,HKSE
03968,2020Q4_1696280,招商银行,2009,HKSE,银行,10320,-,区域性银行,10320020,1288776519000,11.81,35.45,HK$64.55,金融服务,103,0.04,11341000,71693290,4.75,-7.1,-866500,-0.35,0.35,1.0,51.3,35.75,41.93,53.95,2020-12-31T05:00:00Z,{4_trade_reduce},{trade_reduce} 7.10 %,2020Q4_1696280,广东省深圳市福田区深南大道7088号,吸收公众存款；发放短期、中期和长期贷款；办理结算；办理票据贴现；发行金融债券；代理发行、代理兑付、承销政府债券；买卖政府债券；同业拆借；提供信用证服务及担保；代理收付款项及代理保险业务；提供保管箱服务。外汇存款；外汇贷款；外汇汇款；外币兑换；国际结算；结汇、售汇；同业外汇拆借；外汇票据的承兑和贴现；外汇借款；外汇担保；买卖和代理买卖股票以外的外币有价证券；发行和代理发行股票以外的外币有价证券；自营和代客外汇买卖；资信调查、咨询、见证业务；离岸金融业务。经国务院银行业监督管理机构批准的其他业务。,缪建民,深圳市,公司是中国境内第一家完全由企业法人持股的股份制商业银行、国家从体制外推动银行业改革的第一家试点银行，也是一家拥有商业银行、金融租赁、基金管理、人寿保险、境外投行等金融牌照的银行集团。近年来，公司聚焦移动优先策略，拥抱金融科技(Fintech)，率先推出闪电贷、刷脸取款、“一闪通”支付等创新服务，招商银行手机银行、掌上生活两大App已成行业翘楚，月活量均稳居金融行业前十。经过多年创新发展，招商银行部分业务领域已成为国内商业银行的标杆，连续多年获得境内外权威媒体评选的“中国最佳零售银行”“中国最佳私人银行”“中国最佳交易银行”等殊荣。,cmb@cmbchina.com,"主要业务:贷款拆借,存放同业业务债券投资.",田惠宇,广东,2521984.56,王良,19870331,www.cmbchina.com,HKSE
00700,2020Q4_1696304,腾讯控股,2008,HKSE,交互式媒体,30830,-,互联网和相关服务,30830010,4515614527000,-8.61,0.11,HK$568.00,通信服务,308,0.01,1372000,99830740,6.62,-9.22,-139300,-0.79,0.79,1.0,625.0,502.0,550.05,3.26,2020-12-31T05:00:00Z,{4_trade_reduce},{trade_reduce} 9.22 %,2020Q4_1696304,,,,,,,,,,,,,,HKSE
6274,2020Q4_1696310,台燿,2016,ROCO,硬件,31120,-,电子元件,31120040,7541237000,3.09,4.79,NT$122.00,科技,311,1.97,5279000,22742970,1.51,-19.16,-1251000,-0.54,0.54,1.0,147.5,95.0,119.9,1.75,2020-12-31T05:00:00Z,{4_trade_reduce},{trade_reduce} 19.16 %,2020Q4_1696310,,,,,,,,,,,,,,
01801,2020Q4_1696293,信达生物,0,HKSE,生物科技,20610,-,生物科技,20610010,106676243000,19.27,6.52,HK$88.75,医疗保健,206,0.42,6118500,64767120,4.29,-21.78,-1704000,-1.12,1.12,1.0,82.8,47.45,57.46,54.46,2020-12-31T05:00:00Z,{4_trade_reduce},{trade_reduce} 21.78 %,2020Q4_1696293,,,,,,,,,,,,,,HKSE
01765,2020Q4_1696292,希望教育,0,HKSE,教育,20540,-,教育培训服务,20540010,11149747000,-33.6,-21.77,HK$1.64,非周期性消费,205,0.36,29068000,8100280,0.54,-22.37,-8374000,-0.25,0.25,1.0,2.83,1.82,2.32,-29.31,2020-12-31T05:00:00Z,{4_trade_reduce},{trade_reduce} 22.37 %,2020Q4_1696292,,,,,,,,,,,,,,HKSE
00669,2020Q4_1696303,创科实业,2008,HKSE,工业制品,31070,-,工具和配件,31070050,204336185000,-2.44,20.41,HK$135.00,工业,310,0.19,3510000,50083340,3.32,-22.58,-1023500,-0.88,0.88,1.0,114.9,75.6,97.35,38.67,2020-12-31T05:00:00Z,{4_trade_reduce},{trade_reduce} 22.58 %,2020Q4_1696303,,,,,,,,,,,,,,HKSE
00220,2020Q4_1696305,统一企业中国,2017,HKSE,软饮料,20520,-,软饮料,20520010,30983422000,-3.03,16.14,HK$8.46,非周期性消费,205,0.24,10302000,10486480,0.7,-31.1,-4651000,-0.41,0.41,1.0,8.74,6.67,7.49,12.95,2020-12-31T05:00:00Z,{4_trade_reduce},{trade_reduce} 31.10 %,2020Q4_1696305,,,,,,,,,,,,,,HKSE
RYB,2020Q4_1696315,红黄蓝,0,NYSE,教育,20540,-,教育培训服务,20540010,859692000,77.86,103.38,$4.82,非周期性消费,205,1.88,518795,1229540,0.08,-31.45,-237972,-0.06,0.06,1.0,3.46,2.37,2.87,67.94,2020-12-31T05:00:00Z,{4_trade_reduce},{trade_reduce} 31.45 %,2020Q4_1696315,,,,,,,,,,,,,,
03690,2020Q4_1696296,美团,0,HKSE,零售,10280,-,网络零售,10280050,1484428096000,1.97,-1.22,HK$292.60,周期性消费,102,0.03,1618900,61529560,4.08,-36.23,-919600,-1.8,1.8,1.0,335.2,179.4,254.09,15.16,2020-12-31T05:00:00Z,{4_trade_reduce},{trade_reduce} 36.23 %,2020Q4_1696296,,,,,,,,,,,,,,HKSE
02202,2020Q4_1696281,万科Ａ,2020,HKSE,房地产,10410,-,房地产开发,10410010,264345403000,-11.83,-7.69,HK$23.35,房地产,104,0.03,3837400,13243170,0.88,-37.92,-2343600,-0.66,0.66,1.0,29.7,23.0,25.75,-9.32,2020-12-31T05:00:00Z,{4_trade_reduce},{trade_reduce} 37.92 %,2020Q4_1696281,广东省深圳市盐田区大梅沙环梅路33号万科中心,房地产开发；兴办实业(具体项目另行申报)；国内商业、物资供销业(不含专营、专控、专卖商品)；进出口业务(按深经发审证字第113号外贸企业审定证书规定办理)。,郁亮,深圳市,公司成立于1984年，1988年进入房地产行业，经过三十余年的发展，已成为国内领先的城市配套服务商，公司业务聚焦全国经济最具活力的三大经济圈及中西部重点城市。2014年万科第四个十年发展规划，已经把“三好住宅供应商”的定位延展为“城市配套服务商”。2018年万科将这一定位进一步迭代升级为“城乡建设与生活服务商”，并具体细化为四个角色：美好生活场景师，实体经济生力军，创新探索试验田，和谐生态建设者。2017年，深圳地铁集团成为本集团第一大股东，始终支持万科的混合所有制结构，支持万科城市配套服务商战略和事业合伙人机制，支持万科管理团队按照既定战略目标，实施运营和管理，支持深化“轨道+物业”发展模式。公司核心业务包括住宅开发、物业服务、长租公寓。2018年，公司将自身定位进一步迭代升级为“城乡建设与生活服务商”，所搭建的生态体系已初具规模，在巩固住宅开发和物业服务固有优势的基础上，业务已延伸至商业开发和运营、物流仓储服务、租赁住宅、产业城镇、冰雪度假、养老、教育等领域，为更好的服务人民美好生活需要、实现可持续发展奠定了良好基础。,ir@vanke.com,房地产开发和物业服务,祝九胜,广东,1161773.22,朱旭,19840530,www.vanke.com,HKSE
01929,2020Q4_1696290,周大福,2021,HKSE,零售,10280,-,奢侈品,10280040,130001976000,20.93,60.0,HK$16.24,周期性消费,102,0.05,5450600,6856150,0.45,-42.0,-3946200,-0.33,0.33,1.0,10.78,7.53,9.33,74.06,2020-12-31T05:00:00Z,{4_trade_reduce},{trade_reduce} 42.00 %,2020Q4_1696290,,,,,,,,,,,,,,HKSE
02020,2020Q4_1696287,安踏体育,2020,HKSE,旅游和娱乐,10290,-,娱乐,10290020,423466818000,33.52,54.04,HK$189.30,周期性消费,102,0.05,1418000,22483250,1.49,-62.03,-2317000,-1.81,1.81,1.0,123.2,68.5,88.49,113.92,2020-12-31T05:00:00Z,{4_trade_reduce},{trade_reduce} 62.03 %,2020Q4_1696287,,,,,,,,,,,,,,HKSE
00027,2020Q4_1696291,银河娱乐,2016,HKSE,旅游和娱乐,10290,-,度假村和赌场,10290040,214051802000,-13.54,-2.32,HK$58.70,周期性消费,102,0.02,856000,6653680,0.44,-73.93,-2427000,-1.46,1.46,1.0,62.8,50.05,56.64,3.64,2020-12-31T05:00:00Z,{4_trade_reduce},{trade_reduce} 73.93 %,2020Q4_1696291,,,,,,,,,,,,,,HKSE
09988,2020Q4_1696325,阿里巴巴,0,HKSE,零售,10280,-,网络零售,10280050,3814575162000,-9.92,-9.3,HK$210.80,周期性消费,102,0.0,0,0,0.0,-10000.0,-2779300,-6.64,6.64,1.0,307.4,210.0,268.58,-21.51,2020-12-31T05:00:00Z,{5_trade_sell},{trade_sell},2020Q4_1696325,,,,,,,,,,,,,,HKSE
JD,2020Q4_1696335,京东集团,0,NAS,零售,10280,-,网络零售,10280050,774722131000,-0.81,-12.56,$76.86,周期性消费,102,0.0,0,0,0.0,-10000.0,-1096523,-5.83,5.83,1.0,92.49,76.1,83.6,-8.06,2020-12-31T05:00:00Z,{5_trade_sell},{trade_sell},2020Q4_1696335,,,,,,,,,,,,,,
00939,2020Q4_1696322,建设银行,2016,HKSE,银行,10320,-,多元化银行,10320010,1176766831000,-8.14,1.37,HK$5.60,金融服务,103,0.0,0,0,0.0,-10000.0,-53391000,-3.82,3.82,1.0,6.2,4.98,5.73,-2.27,2020-12-31T05:00:00Z,{5_trade_sell},{trade_sell},2020Q4_1696322,北京市西城区金融大街25号,吸收公众存款；发放短期、中期、长期贷款；办理国内外结算；办理票据承兑与贴现；发行金融债券；代理发行、代理兑付、承销政府债券；买卖政府债券、金融债券；从事同业拆借；买卖、代理买卖外汇；从事银行卡业务；提供信用证服务及担保；代理收付款项及代理保险业务；提供保管箱服务；经国务院银行业监督管理机构等监管部门批准的其他业务。,田国立,北京市,公司成立于1954年10月，是一家国内领先、国际知名的大型股份制商业银行，总部设在北京。公司与众多支撑和引领中国经济发展的优质企业和大量高端客户保持密切合作关系；在中国香港、新加坡、法兰克福、约翰内斯堡、开普敦、东京、大阪、首尔、纽约、胡志明市、悉尼、墨尔本、布里斯班、中国台北、卢森堡、中国澳门、多伦多、巴黎、阿姆斯特丹、巴塞罗那、米兰、伦敦、苏黎世和迪拜设有海外分行，拥有建行亚洲、建银国际、建行伦敦、建行俄罗斯、建行迪拜、建行欧洲、建行新西兰、建行巴西、建信基金、建信租赁、建信信托、建信人寿、建信期货、建信养老金、中德住房储蓄银行等多家子公司。公司秉承“以客户为中心、以市场为导向”的经营理念，加快向综合性银行集团、多功能服务、集约化发展、创新银行、智慧银行五个方向转型，通过加快产品、渠道和服务模式的创新，为客户提供优质的综合金融服务，多项核心经营指标居于市场领先地位。,ir@ccb.com,主营业务:中长期贷款及短期贷款.,王江,北京,25001097.75,胡昌苗,20040917,www.ccb.com,HKSE
BABA,2020Q4_1696333,阿里巴巴,0,NYSE,零售,10280,-,网络零售,10280050,3766390937000,-10.18,-7.72,$214.76,周期性消费,102,0.0,0,0,0.0,-10000.0,-153212,-2.92,2.92,1.0,317.14,222.0,277.43,-22.59,2020-12-31T05:00:00Z,{5_trade_sell},{trade_sell},2020Q4_1696333,,,,,,,,,,,,,,
3008,2020Q4_1696331,大立光,2019,TPE,硬件,31120,-,电子元件,31120040,94288503000,-0.33,-4.85,NT$3040.00,科技,311,0.0,0,0,0.0,-10000.0,-231000,-2.84,2.84,1.0,3550.0,2950.0,3250.0,-6.46,2020-12-31T05:00:00Z,{5_trade_sell},{trade_sell},2020Q4_1696331,,,,,,,,,,,,,,
01177,2020Q4_1696326,中国生物制药,2018,HKSE,生物科技,20610,-,生物科技,20610010,114130258000,-10.66,-3.44,HK$7.11,医疗保健,206,0.0,0,0,0.0,-10000.0,-17446350,-1.94,1.94,1.0,8.69,6.65,7.71,-7.78,2020-12-31T05:00:00Z,{5_trade_sell},{trade_sell},2020Q4_1696326,,,,,,,,,,,,,,HKSE
601688,2020Q4_1696321,华泰证券,2018,SHSE,资本市场,10330,-,资本市场,10330010,129423311000,-7.49,-14.21,¥15.49,金融服务,103,0.0,0,0,0.0,-10000.0,-6400235,-1.5,1.5,1.0,21.62,17.39,19.36,-19.99,2020-12-31T05:00:00Z,{5_trade_sell},{trade_sell},2020Q4_1696321,江苏省南京市建邺区江东中路228号,证券经纪业务；证券自营；证券承销业务(限承销国债、非金融企业债务融资工具、金融债(含政策性金融债))；证券投资咨询；为期货公司提供中间介绍业务；融资融券业务；代销金融产品业务；证券投资基金代销；证券投资基金托管；黄金等贵金属现货合约代理业务；黄金现货合约自营业务；股票期权做市业务；中国证监会批准的其他业务。,张伟,南京市,公司是中国领先的综合性证券集团，具有庞大的客户基础、领先的互联网平台和敏捷协同的全业务链体系，是中国证监会首批批准的综合类券商，全国最早获得创新试点资格券商。目前，公司在境内控股华泰联合证券有限责任公司、华泰期货有限公司、江苏股权交易中心有限责任公司；在境内外全资设立华泰金融控股(香港)有限公司、华泰紫金投资有限责任公司、华泰创新投资有限公司、华泰证券(上海)资产管理有限公司；参股南方基金管理有限公司、华泰柏瑞基金管理有限公司、江苏银行股份有限公司、金浦产业投资基金管理有限公司、证通股份有限公司。近年来，公司着力为客户提供全生命周期综合金融服务，逐步形成了以投资银行业务为龙头，以经纪与财富管理业务为基础，以投资与交易业务和资产管理业务为两翼的全业务链业务体系。,boardoffice@htsc.com;zhanghui@htsc.com,"主营业务:证券经纪,投资银行,资产管理,基金管理,证券自营,证券投资管理,直接投资等",周易,江苏,907665.0,张辉,19910409,www.htsc.com.cn,SHSE
3406,2020Q4_1696328,玉晶光,2019,TPE,硬件,31120,-,计算机硬件,31120020,14677610000,8.0,0.0,NT$567.00,科技,311,0.0,0,0,0.0,-10000.0,-686000,-1.44,1.44,1.0,663.0,535.0,586.24,-3.28,2020-12-31T05:00:00Z,{5_trade_sell},{trade_sell},2020Q4_1696328,,,,,,,,,,,,,,
2317,2020Q4_1696329,鴻海,2018,TPE,硬件,31120,-,电子元件,31120040,383005128000,-1.24,29.89,NT$119.50,科技,311,0.0,0,0,0.0,-10000.0,-4536000,-1.18,1.18,1.0,92.0,77.4,83.05,43.89,2020-12-31T05:00:00Z,{5_trade_sell},{trade_sell},2020Q4_1696329,,,,,,,,,,,,,,
2308,2020Q4_1696327,台達電,2016,TPE,硬件,31120,-,电子元件,31120040,192493906000,8.46,21.86,NT$320.50,科技,311,0.0,0,0,0.0,-10000.0,-2307000,-1.16,1.16,1.0,263.0,188.0,216.88,47.78,2020-12-31T05:00:00Z,{5_trade_sell},{trade_sell},2020Q4_1696327,,,,,,,,,,,,,,
00291,2020Q4_1696324,华润啤酒,2019,HKSE,酒精饮料,20510,-,啤酒,20510010,184833760000,8.21,-5.28,HK$67.80,非周期性消费,205,0.0,0,0,0.0,-10000.0,-2019000,-0.99,0.99,1.0,71.95,45.8,56.65,19.68,2020-12-31T05:00:00Z,{5_trade_sell},{trade_sell},2020Q4_1696324,,,,,,,,,,,,,,HKSE
02318,2020Q4_1696323,中国平安,2015,HKSE,保险,10340,-,人身保险,10340010,1101218717000,-17.57,-21.43,HK$73.05,金融服务,103,0.0,0,0,0.0,-10000.0,-968500,-0.86,0.86,1.0,97.85,79.3,87.87,-16.87,2020-12-31T05:00:00Z,{5_trade_sell},{trade_sell},2020Q4_1696323,"广东省深圳市福田区益田路5033号平安金融中心47,48,108,109,110,111,112层",(一)投资保险企业；(二)监督管理控股投资企业的各种国内、国际业务；(三)开展保险资金运用业务；(四)经批准开展国内、国际保险业务；(五)经中国保险监督管理委员会及国家有关部门批准的其他业务。,马明哲,深圳市,公司于1988年诞生于深圳蛇口，是中国第一家股份制保险企业，至今已发展成为融保险、银行、投资三大主营业务为一体、核心金融与互联网金融业务并行发展的个人金融生活服务集团之一。公司致力于成为国际领先的个人金融生活服务提供商，坚持“科技引领金融，金融服务生活”的理念，通过“综合金融+互联网”和“互联网+综合金融”两个模式，聚焦“大金融资产”和“大医疗健康”两大产业，围绕保险、银行、资产管理、互联网金融四大板块，为客户创造“专业，让生活更简单”的品牌体验。公司是国内金融牌照最齐全、业务范围最广泛、控股关系最紧密的个人金融生活服务集团之一。平安集团旗下子公司包括平安寿险、平安产险、平安养老险、平安健康险、平安银行、平安信托、平安证券、平安大华基金等，涵盖金融业各个领域，已发展成为中国少数能为客户同时提供保险、银行及投资等全方位金融产品和服务的金融企业之一。,PR@pingan.com.cn;IR@pingan.com.cn,"主营业务:以保险业务为核心,以统一品牌向客户提供包括保险,银行,证券,信托等多元化金融服务",谢永林,广东,1828024.14,盛瑞生,19880321,www.pingan.cn,HKSE
3010,2020Q4_1696332,華立,2019,TPE,半导体,31130,-,半导体仪器和材料,31130010,4611881000,6.16,13.42,NT$86.20,科技,311,0.0,0,0,0.0,-10000.0,-3442000,-0.59,0.59,1.0,78.8,55.5,69.03,24.87,2020-12-31T05:00:00Z,{5_trade_sell},{trade_sell},2020Q4_1696332,,,,,,,,,,,,,,
2059,2020Q4_1696330,川湖,2020,TPE,家具制造,10220,-,家具制造,10220010,8363540000,14.11,27.95,NT$380.00,周期性消费,102,0.0,0,0,0.0,-10000.0,-491000,-0.5,0.5,1.0,305.0,276.0,293.15,29.63,2020-12-31T05:00:00Z,{5_trade_sell},{trade_sell},2020Q4_1696330,,,,,,,,,,,,,,
200429,2020Q4_1696319,粤高速Ａ,2020,SZSE,建筑,31040,-,基础设施运营,31040020,13527375000,8.15,28.63,HK$5.33,工业,310,0.0,0,0,0.0,-10000.0,-9563858,-0.49,0.49,1.0,4.5,4.05,4.25,25.41,2020-12-31T05:00:00Z,{5_trade_sell},{trade_sell},2020Q4_1696319,"广东省广州市天河区珠江新城珠江东路32号利通广场45,46层",主营高速公路、等级公路和桥梁的投资、建设、收费、养护和服务管理；汽车援救服务、维修和清洗；停车场收费；设计、制作、发布、代理国内外各类广告；公路沿线土地开发；仓储业务；智能交通技术研发与服务；股权投资、管理、咨询。(依法须经批准的项目，经相关部门批准后方可开展经营活动),郑任发,广州市,公司主营高速公路、桥梁的建设施工，公路、桥梁的收费和养护管理业务，公司坚持“依托集团、立足省内、兼顾省外”投资策略，不断加大新项目开发力度，多方建立沟通合作关系，积极拓展项目源。坚持收购已运营的优质路产项目，以控股为主，注重盈利水平。逐步改变参股项目散、小、多的现状，按照“适度释放、有效整合”的原则，逐步调整资产结构、改善盈利能力。大力发展高速公路节能服务项目，加强技术研发，注重人才积累，争取政策支持。公司还建立完善、高效、明晰的管理机制，不断提高项目公司盈利能力。,139221590@qq.com;ygs@gdcg.cn;fengxw2007@163.com;Hmy69@126.com,主要业务:高速公路和特大桥梁的商业开发和经营.,汪春华,广东,209080.61,杨汉明,19970102,www.gpedcl.com,SZSE
200028,2020Q4_1696318,国药一致,2017,SZSE,医疗产品分销,20670,-,医疗产品分销,20670010,14597915000,5.61,4.99,HK$22.65,医疗保健,206,0.0,0,0,0.0,-10000.0,-1026283,-0.26,0.26,1.0,23.0,21.16,22.28,1.66,2020-12-31T05:00:00Z,{5_trade_sell},{trade_sell},2020Q4_1696318,广东省深圳市福田区八卦四路15号一致药业大厦,"中药饮片、中成药、化学原料药、化学药制剂、抗生素原料药、抗生素制剂、生化药品、生物制品(含疫苗和体外诊断试剂)、第二类精神药品(制剂)、麻醉药品、第一类精神药品(区域性批发企业)、医疗用毒性药品、蛋白同化制剂、肽类激素的批发；保健食品经营；药用包装材料及医药工业产品研究与开发、咨询服务；投资兴办实业(具体项目另行申报)；国内商业、物资供销业(不含专营、专控、专卖商品)；救护车销售；供应链管理；仓储代理服务;物流代理服务;道路货物运输代理;装卸搬运;运输货物打包服务；其他仓储业(不含原油、成品油仓储、燃气仓储、危险品仓储)；会议及展览服务；全部一类医疗器械；全部二类医疗器械(包括二类体外诊断试剂)；III类：6840体外诊断试剂,6807胸腔心血管外科手术器械，6815注射穿刺器械，6821医用电子仪器设备，6822医用光学器具、仪器及内窥镜设备，6823医用超声仪器及有关设备，6824医用激光仪器设备，6825医用高频仪器设备，6826物理治疗及康复设备，6828医用磁共振设备，6830医用X射线设备，6832医用高能射线设备，6833医用核素设备，6834医用射线防护用品、装置，6840临床检验分析仪器，6",林兆雄,深圳市,公司是集医药研发、制药工业、药品分销、医药物流为一体的综合性医药上市公司承担着国家、省、市政府药品特储任务。公司制药工业集产品研发、原料与制剂生产、市场营销于一体，产品主要覆盖头孢抗菌素、呼吸系统用药、消化系统用药、心脑血管用药以及抗肿瘤药等领域。公司药品分销业务位居广东、广西两省前茅，名列中国医药商业20强，拥有完善的全国商业网络和深度渗透的南区终端市场网络，拥有华南地区自动化程度最高、服务能力最强的专业医药物流中心，也是华南地区首家获批第三方医药物流资质的企业。未来的公司坚持内生性增长与外延式扩张并重，借助资本运作、实施兼并收购、联合重组，创新盈利模式，积极发展新业务，致力成为具有国际竞争力的医药健康产品和服务提供商。,gyyz0028@sinopharm.com;gyyzinvestor@sinopharm.com,"主要业务:制药,医药批发零售.主要产品:头孢类系列产品,健儿清解液.",林兆雄,广东,42812.7,陈常兵,19860802,www.szaccord.com.cn,SZSE
900942,2020Q4_1696320,黄山旅游,2020,SHSE,旅游和娱乐,10290,-,寄宿,10290030,4763672000,-2.66,-1.48,$0.73,周期性消费,102,0.0,0,0,0.0,-10000.0,-2964024,-0.16,0.16,1.0,0.78,0.71,0.75,-2.93,2020-12-31T05:00:00Z,{5_trade_sell},{trade_sell},2020Q4_1696320,安徽省黄山市屯溪区天都大道5号(天都国际饭店D座16-18楼),旅游接待、服务，旅游商品开发、销售，旅游运输，饮食服务，旅游资源开发，旅游度假、疗休养相关服务，组织举办与旅游相关的贸易活动，信息咨询。房地产开发经营、房地产租赁。,章德辉,黄山市,公司属于资源垄断性旅游企业，业务范围涵盖了景区开发管理、酒店、索道、旅行社等旅游领域，被誉为“中国第一只完整意义的旅游概念股”。公司所依托的黄山风景区是世界文化与自然双遗产，世界地质公园、全国首批5A级旅游景区，以奇松、怪石、云海、温泉、冬雪“五绝”和遗存、书画、文学、传说、名人“五胜”闻名于世。黄山景区曾荣获“中国十大风景区名胜”、“全国文明风景旅游区”，全国首批5A级景区等称号；公司先后荣获中国驰名商标、首批“全国旅游标准化示范单位”、首届“全国旅游服务质量标杆企业”和安徽省政府质量奖；下属企业黄山市中国旅行社连续十年跻身“全国百强”旅行社，四条索道均为全国“5S”索道，丰富的品牌资源为公司经营发展起到了重要支撑作用。,hstd56@126.com;hs600054@126.com;hslydw@126.com,"主营业务:客运索道,园林门票,酒店食宿及旅游服务.",陶平,安徽,72937.94,丁维,19961118,www.huangshan.com.cn/www.tourmart.cn,SHSE
FEDU,2020Q4_1696334,四季教育,0,NYSE,教育,20540,-,教育培训服务,20540010,257430000,-17.24,-20.31,$0.86,非周期性消费,205,0.0,0,0,0.0,-10000.0,-1036079,-0.11,0.11,1.0,1.17,0.66,0.92,-6.45,2020-12-31T05:00:00Z,{5_trade_sell},{trade_sell},2020Q4_1696334,,,,,,,,,,,,,,
