symbol,_id,address,business_scope,chairman,city,descrpt,email,main_business,manager,province,reg_capital,secretary,setup_date,website,company,dividend_startyear,exchange,exchange_,group,groupcode,index_stockid,industry,industrycode,mktcap_norm_cny,pchange_12w,pchange_ytd,price,sector,sectorcode,share_percentage,shares,value,position,change,share_change,impact,abs_impact,split_factor,price_max,price_min,price_avg,change_from_average,portdate,action,comment,oid
601888,2020Q4_1748222,北京市东城区东直门外小街甲2号A座8层,旅游服务及旅游商品相关项目的投资与管理，旅游服务配套设施的开发、改造与经营，旅游产业研究与咨询服务等。,彭辉,北京市,公司所属行业为旅游业，目前主要从事旅行社业务和免税业务，其中旅行社业务主要包括入境游、出境游、国内游、会奖旅游、签证服务、商旅服务、航空服务、电子商务等业务；免税业务主要包括烟酒、香化等免税商品的批发、零售等业务。此外，公司还从事旅游综合项目开发业务，主要包括旅游综合项目投资开发、旅游景区景点投资开发和旅游股权投资等业务。公司下属全资子公司国旅总社、中免公司及国旅投资公司分别负责公司的旅行社业务、免税业务、旅游综合项目投资开发业务。,citszq@citsgroup.com.cn,旅行社业务和免税业务.,陈国强,北京,195247.55,常筑军,20080328,www.citsgroup.net,中国中免,2011,SHSE,SHSE,旅游和娱乐,10290,-,旅游服务,10290050,552242306000,1.01,1.23,¥275.00,周期性消费,102,0.28,5535100,1563381700,5.11,10000.0,5535100,5.11,5.11,1.0,282.45,166.14,207.58,32.48,2020-12-31T05:00:00Z,{1_trade_buy},{trade_buy},2020Q4_1748222
002568,2020Q4_1748171,上海市浦东新区康桥工业区康桥东路558号,香精香料的制造加工。香精香料化工原料及产品批发零售；经营本企业自产产品的出口业务和本企业所需的机械设备、零配件、原辅材料的进口业务(但国家限定公司经营或禁止进出口的商品及技术除外)，本企业包括本企业控股的成员企业。企业管理、投资与资产管理(涉及行政许可的，凭许可证经营)。,刘晓东,上海市,公司是国内最早将感官鉴评技术全面应用于调香及应用领域的香精制造企业之一。是国内最早同时通过ISO9001:2000质量管理体系及HACCP食品安全卫生保证体系认证的香精制造商之一。公司原主要从事香精香料的研发、生产和销售业务，经过对巴克斯酒业进行并购重组后，成为香精香料和预调鸡尾酒双主营业务发展的公司。公司拥有的“百润”是上海市著名商标、上海市名牌产品，百润股份是中国香精香料行业十强企业；巴克斯酒业旗下的“RIO(锐澳)”牌预调鸡尾酒为上海市著名商标、上海市名牌产品、上海名优食品，是预调鸡尾酒行业的领导品牌；两大品牌均获得客户的广泛认可，具有巨大的品牌价值。公司香精香料业务和预调酒鸡尾酒业务的品质保证体系均运行良好。,Angela.geng@bairun.net;bairun@bairun.net,"主要从事食用香精和烟用香精产品的研究,开发,生产与销售业务.主要产品为食用香精和烟用香精两大类千余种香精产品,是乳品,饮料,糖果,烘焙,冰品,肉制品,调味品和烟草等行业产品的重要配套原料.",刘晓东,上海,74978.51,耿涛,19970619,www.bairun.net,百润股份,2018,SZSE,SZSE,化工,10130,-,特种化学制品,10130020,64860439000,11.22,18.48,¥84.46,基础材料,101,2.19,16453779,1170537800,3.83,10000.0,16453779,3.83,3.83,1.4,74.49,31.98,47.66,77.21,2020-12-31T05:00:00Z,{1_trade_buy},{trade_buy},2020Q4_1748171
002242,2020Q4_1748169,山东省济南市槐荫区美里路999号,小家电产品及厨房用具的研发、生产及技术咨询，粮食的储藏及加工，食品生产和加工，销售本公司生产的产品，房屋租赁，国内广告业务，社会经济咨询服务(涉及许可证管理的项目凭许可证经营)。,杨宁宁,济南市,公司主要从事厨房小家电系列产品的研发、生产和销售。主要产品有豆浆机、电磁炉、料理机、榨汁机、开水煲、紫砂煲、电压力煲等七大系列一百多个型号，同时还开发了专供酒店、写字楼的商用豆浆机。公司产品覆盖全国30多个省、市、自治区，并远销日本、美国、新加坡、印尼、泰国等20多个国家和地区。九阳已形成跨区域的个性管理机构，在济南、杭州、苏州等地建有多个生产、研发基地。目前，九阳在健康饮食电器领域不断拓展，新产品层出不穷。主要产品涵盖豆浆机、面条机、原汁机、电压力煲、电磁炉、料理机、电炖锅、开水煲、电饭煲、One Cup、洗碗机、炒菜机等多个系列三百多个型号，配套健康饮食，“阳光豆坊”子品牌专注研究豆浆原料和五谷粉等五谷健康食品。,joyoung@joyoung.com;002242@joyoung.com,"本公司主要从事厨房小家电的研发,生产和销售,主要产品为豆浆机,电磁炉,料理机,榨汁机,紫砂煲,开水煲,电压力煲等.",杨宁宁,山东,76716.9,王旭宁,20020708,www.joyoung.com,九阳股份,2020,SZSE,SZSE,家具制造,10220,-,家具制造,10220010,21245345000,-9.85,-9.99,¥27.05,周期性消费,102,1.53,11701600,374918300,1.23,10000.0,11701600,1.23,1.23,1.0,45.84,31.2,38.26,-29.3,2020-12-31T05:00:00Z,{1_trade_buy},{trade_buy},2020Q4_1748169
688215,2020Q4_1748230,浙江省宁波市奉化区天峰路66号2号楼,"工业物联、智能仓储、智能分拣系统软硬件的研发、生产(另设分支机构经营)、销售及咨询服务；计算机软件、电子产品的研发、生产(另设分支机构经营)、销售及技术咨询服务；自动化控制系统的研发、销售及咨询服务。(依法须经批准的项目,经相关部门批准后方可开展经营活动)",袁峰,宁波市,公司是一家专业的智能物流系统供应商，专注于工业生产中的智能物料传送、仓储、分拣系统的研发、生产及销售。公司下游客户主要集中于服装、家纺等缝制行业，公司可以为其提供自动化、数字化、智能化的工厂内部生产物流整体解决方案。同时公司的产品也应用到汽车零部件、商业企业等行业中。2017年12月，子公司圣瑞思自动化提交的《基于智能悬挂式服装高速分拣与存储的效能提升系统》被中国纺织工业联合会授予首批“纺织行业智能制造优秀解决方案”，并将其作为行业智能制造重点技术，在行业内进行推广。2018年8月，子公司圣瑞思自动化被工信部评为“2018年两化融合管理体系贯标示范企业”。公司参与建设的九牧王西裤智能制造生产车间项目在2018年10月被中国纺织工业联合会授予“2018年度中国纺织工业联合会科学技术奖”二等奖，在2019年11月被中国服装协会评为“2019年中国服装行业科技进步一等奖”。公司向大杨集团提供的悬挂式仓储分拣系统设备在2019年11月被中国服装协会评为“2019年中国服装行业科技进步一等奖”。公司“智能化服装存储与分拣系统”在2019年11月获得中国自动化学会颁发的“智慧系统创新解决方案奖”。,lvmeng@sunrise.com.cn;yukai@sunrise.com.cn,"公司是一家专业的智能物流系统供应商,专注于工业生产中的智能物料传送,仓储,分拣系统的研发,生产及销售.公司提供的智能物料传送,仓储,分拣系统从功能及形态上分主要部分包括智能悬挂生产系统,智能悬挂式仓储分拣系统,智能非悬挂式仓储分拣系统(主要包括立体仓库系统,交叉分拣及辊筒分拣等平面分拣系统,以及各类输送系统),生产管理信息软件系统(如线外系统,MES,WMS等)等子系统.",袁峰,浙江,4004.0,吕蒙,20091209,www.sunrise.com.cn,瑞晟智能,0,SHSE,SHSE,工业制品,31070,-,特种工业机械,31070020,1646827000,7.68,-12.5,¥40.80,工业,310,0.0,1200,56700,0.0,10000.0,1200,0.0,0.0,1.0,90.41,45.36,60.38,-32.43,2020-12-31T05:00:00Z,{1_trade_buy},{trade_buy},2020Q4_1748230
688608,2020Q4_1748232,上海市浦东新区金科路2889弄长泰广场B座201室,从事电子科技、通信科技、网络科技、计算机科技领域内的技术开发、技术咨询、技术服务、技术转让，上述技术及电子产品及设备、计算机软件(音像制品及电子出版物除外)及辅助设备的批发、进出口、佣金代理(拍卖除外)及其相关配套服务，半导体集成电路芯片及计算机软、硬件的设计、研发、销售，计算机信息系统集成。【依法须经批准的项目，经相关部门批准后方可开展经营活动】,LIANG ZHANG,上海市,公司是国际领先的智能音频SoC芯片设计企业之一，公司已成为全球智能音频SoC芯片领域的领先供应商，产品及技术能力获得客户广泛认可，是大陆地区少数可与高通、联发科等国际巨头竞争的芯片设计公司。公司已连续两年荣获EETimes评选的中国IC设计成就奖，同时是中国电子音响行业协会理事会常务理事单位。目前公司产品已进入全球主流安卓手机品牌，包括华为、三星、OPPO、小米及Moto等，同时在专业音频厂商中也占据重要地位，进入包括哈曼、JBL、AKG、SONY、Skullcandy、万魔及漫步者等一流品牌。,ir@bestechnic.com,"主营业务为智能音频SoC芯片的研发,设计与销售,为客户提供AIoT场景下具有语音交互能力的边缘智能主控平台芯片,产品广泛应用于智能蓝牙耳机,Type-C耳机,智能音箱等低功耗智能音频终端.",LIANG ZHANG,上海,12000.0,李广平,20150608,www.bestechnic.com,恒玄科技,0,SHSE,SHSE,半导体,31130,-,半导体,31130020,32373927000,-0.59,-16.87,¥275.80,科技,311,0.0,4200,1383200,0.0,10000.0,4200,0.0,0.0,1.0,372.25,308.5,337.04,-18.17,2020-12-31T05:00:00Z,{1_trade_buy},{trade_buy},2020Q4_1748232
688617,2020Q4_1748233,广东省深圳市南山区西丽街道松坪山社区松坪山朗山路11号同方信息港B栋601,一般经营项目是：计算机软件开发与自主开发软件的销售；医疗器械产品的技术开发、咨询(不含限制项目)、并提供上述产品的批发、进出口及相关配套业务；设备租赁；I类医疗器械的批发、进出口及销售(不涉及国营贸易管理商品，涉及配额、许可证管理及其他专项规定管理的商品，按国家有关规定办理申请)。，许可经营项目是：III类6821医用电子仪器设备、III类6825医用高频仪器设备、III类6866医用高分子材料及制品、III类6877介入器材的生产、自产产品的销售(由分公司生产)；II类、III类医疗器械的批发、进出口及销售。,成正辉,深圳市,公司是国产电生理和血管介入医疗器械品种品类齐全、规模领先、具有较强市场竞争力的企业之一，也是能够与国外产品形成强有力竞争的为数不多的企业之一。公司在电生理、血管介入医疗器械的研发和生产领域拥有丰富的技术积累和人才储备，攻关并掌握了“钢丝网加强挤出”、“亲水涂层”、“异种合金对接”等多种国外垄断的通路类产品必备产业化技术，同时具备独立生产导管、球囊、导丝等多种血管介入产品的高端生产制造能力。公司坚持自主研发创新，同时积极发掘临床需求，利用公司在行业内领先的生产制造能力实现可充分满足临床需求产品的产业化。截至2020年3月31日，公司共拥有国内外专利证书60项，其中国内发明专利39项，国外发明专利2项。经过多年的发展，公司已在境内外建立了完善的销售网络，覆盖全国31个省、自治区和直辖市的700余家三甲医院及680余家县市级二甲医院，并出口至欧洲、美洲、东南亚的80多个国家和地区。,ir@aptmed.com,"已上市的产品包括电生理,冠脉通路和外周血管介入医疗器械,专注于电生理和血管介入医疗器械的研发,生产和销售.",成正辉,广东,6667.0,戴振华,20020617,www.aptmed.com,惠泰医疗,0,SHSE,SHSE,医疗器械,20650,-,医疗设备,20650010,26974581000,85.05,0.0,¥398.06,医疗保健,206,0.0,1700,124600,0.0,10000.0,1700,0.0,0.0,1.0,0.0,0.0,0.0,0.0,2020-12-31T05:00:00Z,{1_trade_buy},{trade_buy},2020Q4_1748233
688618,2020Q4_1748234,广东省深圳市南山区西丽街道百旺信高科技工业园1区3栋,一般经营项目是：计算机产品、集成电路、数据通信产品、计算机软件的技术开发与购销；国内贸易；经营进出口业务。(法律、行政法规、国务院决定禁止的项目除外，限制的项目须取得许可后方可经营)，许可经营项目是：计算机产品、集成电路、数据通信产品、计算机软件的生产。,熊伟,深圳市,"公司是专注于工业互联网的高新技术企业，面向工业经济数字化、网络化、智能化的基础设施需求，致力于工业互联网通信产品的研发、生产和销售,公司是国内较早从事工业互联网通信产品的公司之一，拥有较为齐全的产品体系，主要产品为工业以太网交换机、嵌入式工业以太网模块、设备联网产品、工业无线产品等。公司聚焦工业级产品的可靠性、实时性、安全性及下游行业应用需求，自主研发了电磁兼容、环境适应、环网冗余、精密时钟同步等一批核心技术，较好地解决了高低温、高粉尘、高电压、潮湿、腐蚀、无人值守、剧烈振动冲击、极强电磁干扰等严酷工业环境中的通信应用问题，产品应用已覆盖智慧城市、智慧矿山、轨道交通、电力及新能源、智能制造等领域,公司通过了高新技术企业认证、软件企业认证、国家规划布局内重点软件企业认证。公司获广东省科技厅评为“广东省工业网络传输设备工程技术研究中心”，入选了广东省工业和信息化厅“广东省工业互联网产业生态供给资源池企业”名录，先后被深圳市工业总会评为“第十五届深圳企业创新纪录自主创新新锐企业”、“第十八届深圳企业创新纪录自主创新标杆企业”。",XYY-SW@3onedata.com;688618public@3onedata.com,"致力于工业互联网通信产品的研发,生产和销售.",熊伟,广东,5052.75,熊莹莹,20010906,www.3onedata.com.cn,三旺通信,0,SHSE,SHSE,硬件,31120,-,通讯设备,31120010,1976251000,-10.91,-27.12,¥38.83,科技,311,0.0,1100,59900,0.0,10000.0,1100,0.0,0.0,1.0,53.66,53.66,53.66,-27.64,2020-12-31T05:00:00Z,{1_trade_buy},{trade_buy},2020Q4_1748234
688585,2020Q4_1748231,上海市松江区江田东路185号智汇科创园8号楼511室,"生产与研发胶粘剂、助剂、低收缩剂、热固性树脂,销售自产产品;从事与上述产品同类商品(不涉及成品油、不涉及易制毒等特种化工产品)的进出口及批发、佣金代理业务(拍卖除外)及其相关配套业务。【依法须经批准的项目,经相关部门批准后方可开展经营活动】",蔡朝阳,上海市,公司是国内领先的复合材料用树脂供应商，主营业务为环保高性能耐腐蚀材料、风电叶片用材料、新型复合材料的研发、生产和销售，主要产品包括乙烯基酯树脂、特种不饱和聚酯树脂、风电叶片用灌注树脂、手糊树脂、胶粘剂、风电叶片大梁用预浸料树脂、风电叶片大梁用拉挤树脂、环境友好型树脂、轨道交通用安全材料等多个应用系列，公司产品属于新材料领域，下游主要应用领域包括节能环保和新能源两大领域。其中节能环保领域主要包括轨道交通用安全材料及电力、石化、电子电气、冶金、半导体、建筑工程等行业的污染防治工程；新能源领域包括风电叶片用材料、汽车轻量化材料等方面。在环保高性能耐腐蚀材料方面，根据中国复合材料工业协会统计，公司的乙烯基酯树脂产品市场占有率位列国内前三，产品主要竞争对手来自于欧洲、日本、美国。在风电叶片用材料方面，根据风电行业装机情况、业内资料和风电叶片生产情况测算，公司的风电叶片用材料市场份额位居前列，客户覆盖国内外主要风电叶片生产厂商。,ir@swancor.com.cn,"主营业务为环保高性能耐腐蚀材料,风电叶片用材料,新型复合材料的研发,生产和销售",甘蜀娴,上海,40320.0,谢珮甄,20001025,www.swancor.com.cn,上纬新材,0,SHSE,SHSE,化工,10130,-,特种化学制品,10130020,4045220000,-18.93,-21.88,¥10.18,基础材料,101,0.0,4900,61600,0.0,10000.0,4900,0.0,0.0,1.0,17.7,13.09,15.03,-32.27,2020-12-31T05:00:00Z,{1_trade_buy},{trade_buy},2020Q4_1748231
003026,2020Q4_1748173,浙江省湖州市长兴县太湖街道陆汇路59号,晶体硅、电子元器件制造、销售，晶体硅及其制品、电子元器件及新型节能材料的开发、技术咨询及技术转让，电气机械设备设计及销售；货物进出口、技术进出口。(依法须经批准的项目，经相关部门批准后方可开展经营活动),徐一俊,湖州市,公司是一家专业从事硅材料研发、生产和销售的电子信息产业国家级高新技术企业。发行人是国家高新技术企业、全国半导体设备和材料标准化技术委员会成员单位，是中国半导体行业协会、中国电子材料行业协会会员单位，在半导体硅材料制造领域拥有多项核心技术和专利。发行人核心管理团队拥有二十多年的半导体行业从业经验，长期致力于半导体硅材料的研发与生产，在研发、生产工艺、质量控制等方面拥有完善的技术储备和强大的技术创新能力。经过近十年的发展，目前发行人在分立器件用半导体硅材料领域尤其是硅研磨片细分领域已具有领先的市场地位。,ir@mtcn.net,"主营业务为半导体硅材料的研发,生产和销售,主要产品为半导体硅片及半导体硅棒.",徐一俊,浙江,9976.0,李志萍,20100125,www.mtcn.net,中晶科技,0,SZSE,SZSE,半导体,31130,-,半导体仪器和材料,31130010,8265662000,2.22,81.91,¥82.90,科技,311,0.0,500,21700,0.0,10000.0,500,0.0,0.0,1.0,47.16,20.0,31.87,160.12,2020-12-31T05:00:00Z,{1_trade_buy},{trade_buy},2020Q4_1748173
300869,2020Q4_1748183,河北省秦皇岛市海港区经济技术开发区秦皇西大街112号,Ⅰ类、Ⅱ类、Ⅲ类医疗器械的生产和销售；医用电缆和医用传感器的设计、组装及销售；电子产品的设计、组装及销售；医疗器械软件的开发及技术转让；家用电器的制造及销售；货物及技术的进出口；知识流程外包(KPO)；房屋租赁；模具的技术开发、生产及销售；金属制品、五金产品、塑胶制品、注塑件的技术开发、生产及销售；其他印刷品印刷；日用口罩(非医用)的销售；针纺织品和橡胶制品的销售；门诊诊疗服务(仅限分支机构经营)**(依法须经批准的项目，经相关部门批准后方可开展经营活动)。,胡坤,秦皇岛市,"公司属于医疗器械行业，是一家专业从事医疗诊断、监护设备的研发、生产和销售的高新技术企业。公司自设立以来始终致力于医疗诊断、监护设备的研发、生产和销售，产品涵盖血氧类、心电类、超声类、监护类、血压类等多个大类，建立了完善的研发、生产和销售体系。公司产品凭借良好的性能和较高的品牌知名度，已经累计销售至全球130多个国家和地区。公司位于重点发展医疗器械产业的秦皇岛经济技术开发区，占地一百余亩，建筑面积超过10万平方米，是全国最大的医疗器械研发生产基地之一,拥有完整、科学的质量管理体系，企业的诚信、实力和产品质量获得业界的认可。",contec_sec@hotmail.com,"公司属于医疗器械行业,是一家专业从事医疗诊断,监护设备的研发,生产和销售的高新技术企业.公司自设立以来始终致力于医疗诊断,监护设备的研发,生产和销售,产品涵盖血氧类,心电类,超声类,监护类,血压类等多个大类,建立了完善的研发,生产和销售体系.",杨志山,河北,40179.68,郑敏,19960709,www.contecmed.com.cn,康泰医学,0,SZSE,SZSE,医疗器械,20650,-,医疗设备,20650010,25570848000,-20.64,-45.97,¥62.16,医疗保健,206,0.0,900,95600,0.0,10000.0,900,0.0,0.0,1.0,168.98,65.96,125.76,-50.57,2020-12-31T05:00:00Z,{1_trade_buy},{trade_buy},2020Q4_1748183
605277,2020Q4_1748227,浙江省温州市乐清市北白象镇温州大桥工业园区,研发、制造、销售：自动化办公设备、智能家居、消费电子精细线材，工业控制线材，精密医疗器械线材，机器人高柔性线材，新能源应用线材，信息设备、通讯传输、计算机及云服务器用高频高速数据线材，汽车和航空航天等行业应用线材；环保高分子材料(塑胶颗粒)；线材性能检测及技术咨询；环保检测、环保检测技术咨询及技术服务；货物进出口、技术进出口。(依法须经批准的项目，经相关部门批准后方可开展经营活动)。,赵战兵,温州市,公司一直致力于精细电子线材的研发、制造和销售。公司隶属于中国电子元件行业协会光电线缆及光器件分会，主要生产消费电子及工业控制线材、汽车电子线材、高频数据线材和特种线材等系列产品。公司主导产品广泛应用于家用电器、计算机、智能化办公、工业控制设备、汽车电子、数据服务器及新能源科技等领域。公司一贯坚持高端市场发展战略，面向国际知名终端客户，凭借自身可靠性优、一致性好和性价比高的产品，以及研发快速响应、持续改进、及时交货、精准服务等综合优势，逐步打破了精细电子线材高端市场由日立、住友、百通等国际品牌垄断的局面，实现进口替代，努力推动高端精细电子线材国产化进程。经过二十多年的发展历程，公司已成为中国消费电子线材细分行业的龙头企业。2018年，公司主导产品荣获中华人民共和国工业和信息化部、中国工业经济联合会颁发的《制造业单项冠军产品证书(2019年-2021年)》。,xyzqb@xinya-cn.com,"致力于精细电子线材的研发,制造和销售.主要生产消费电子及工业控制线材,汽车电子线材,高频数据线材和特种线材等系列产品.",赵战兵,浙江,13344.0,黄娟,19870407,www.xinya-cn.com,新亚电子,0,SHSE,SHSE,工业制品,31070,-,电子器械和零件,31070060,2700827000,-10.12,0.0,¥20.25,工业,310,0.0,500,8600,0.0,10000.0,500,0.0,0.0,1.0,0.0,0.0,0.0,0.0,2020-12-31T05:00:00Z,{1_trade_buy},{trade_buy},2020Q4_1748227
688133,2020Q4_1748229,上海市徐汇区石龙路89号,许可项目：非药品类易制毒化学品经营(详见备案证明)，危险化学品经营(批发租用储存设施)(许可范围详见副本)。(依法须经批准的项目，经相关部门批准后方可开展经营活动，具体经营项目以相关部门批准文件或许可证件为准)一般项目：从事计算机科技、生物技术、化工原料及产品领域内的技术开发、技术转让、技术咨询、技术服务，化工设备、化工原料及产品(除监控化学品、烟花爆竹、民用爆炸物品、易制毒化学品)、实验室仪器、仪器仪表、机械设备、电子产品、办公用品、日用百货、家具、实验室设备销售，医疗器械经营，商业信息咨询(除经纪)，设计、制作各类广告，电脑图文设计、制作，会展会务服务，计算机软件开发、销售，建筑装修装饰建设工程专业施工，机电设备安装建设工程专业施工，信息系统集成服务，环保建设工程专业施工，环境工程建设工程专项设计，非药品类易制毒化学品经营(详见备案证明)，自有设备租赁，实验室仪器设备的安装、调试、维修(限上门)，从事货物及技术进出口业务。(除依法须经批准的项目外，凭营业执照依法自主开展经营活动),张庆,上海市,"公司是一家立足于中国的科研领域，聚焦于科研创新“实验室场景”，以科研试剂、科研仪器及耗材、实验室建设及科研信息化服务三大产品体系为基础，专注于为科研工作者、分析检测和质量控制人员提供一站式科研产品与集成配套服务的科学服务综合提供商，并已逐步成为国内科学服务业的领先企业,公司通过自主研发、自创品牌、技术集成打包服务等方式结合自建科研信息系统等，为客户的创新研发、产品升级、生产质控提供科学服务一站式技术集成解决方案，覆盖研发准备、研发过程、研发后期、生产质控等各个阶段，下游涵盖高校、科研院所、政府机构和企业研发检测部门等，分布在生物医药、新材料、新能源、节能环保、食品日化、分析检测、智能制造等各领域，努力为国内科学研究、科技创新、产业升级提供重要支撑和保障。",contact@titansci.com,"专注于为科研工作者,分析检测和质量控制人员提供科研产品及相关配套服务,并以科研试剂,科研仪器及耗材和实验室建设及科研信息化服务三大产品体系对外实现销售.",张庆,上海,7624.9,定高翔,20071018,www.titansci.com,泰坦科技,0,SHSE,SHSE,化工,10130,-,化学制品,10130010,22047134000,78.5,116.94,¥268.50,基础材料,101,0.0,2500,294500,0.0,10000.0,2500,0.0,0.0,1.0,141.86,59.59,109.83,144.47,2020-12-31T05:00:00Z,{1_trade_buy},{trade_buy},2020Q4_1748229
003028,2020Q4_1748174,广东省深圳市光明区玉塘街道根玉路与南明路交汇处华宏信通工业园4栋1-6楼,电子产品、各类电子智能控制器、汽车电子产品、医疗电子产品、电机及其智能控制器、变频器、LED照明、开关电源、高压电源、电子自动化设备的研发及销售(不含限制项目)；动力电池产品、各类家电、电力设备、软件的技术开发、技术服务与销售(不含限制项目)；电子产品的信息咨询(不含限制项目)；国内贸易(不含专营、专卖、专控商品)；经营进出口业务(法律、行政法规、国务院决定禁止的项目除外，限制的项目须取得许可后方可经营)；兴办实业(具体项目另行申报)。(以上项目法律、行政法规、国务院决定禁止的项目除外，限制的项目须取得许可后方可经营)电子产品、各类电子智能控制器、汽车电子产品、医疗电子产品、电机及其智能控制器、变频器、LED照明、开关电源、高压电源、电子自动化设备的生产。,陈志杰,深圳市,公司是国家高新技术企业、深圳市自主创新百强中小企业、深圳市南山区领军企业。公司始终坚持以技术创新作为发展核心驱动力，积极发展高技术附加值、高品质附加值、节能环保、智能物联的产品，不断提升公司核心竞争力。公司研发中心拥有多个专业技术开发平台以及多个现代化实验室，建立了高效的研发组织架构和技术创新机制，培养了一批技术水平高、创新能力强、经验丰富的专业研发团队，形成了一系列先进的平台化技术，处于行业领先水平。2016年，公司“冰箱变频控制技术工程实验室”项目经深圳市政府批准，列入深圳市战略性新兴产业和未来产业发展专项资金扶持计划(节能环保产业类)；2018年，公司研发中心被广东省科技厅认定为嵌入式控制系统及电机变频控制器工程技术研究中心。,genbyte@genbytech.com,"公司系行业内知名的高端智能控制器,变频驱动器,数字电源以及智能物联模块供应商,产品主要用于终端设备中的电能变换,控制及应用.",唐娟,广东,10960.0,夏群波,19990715,www.genbytech.com,振邦智能,0,SZSE,SZSE,硬件,31120,-,电子元件,31120040,4616472000,-15.42,1.54,¥41.32,科技,311,0.0,400,18000,0.0,10000.0,400,0.0,0.0,1.0,41.69,31.32,36.34,13.7,2020-12-31T05:00:00Z,{1_trade_buy},{trade_buy},2020Q4_1748174
003029,2020Q4_1748175,吉林省长春市高新区博才路与学府街交汇栖乐荟写字楼10号楼15-17层,电子计算机及计算机网络的技术开发技术服务，经销电子计算机及配件、文化办公机械、机房装修(经营范围中未取得专项审批许可的项目除外)；自营和代理各类商品及技术的进出口业务(国家规定的专营进出口商品和国家禁止进出口等特殊商品除外)；技术咨询，计算机系统集成，建筑智能化工程、综合布线工程，信息安全工程，安防监控工程(以上各项凭资质证书经营)(依法须经批准的项目，经相关部门批准后方可开展经营活动),于逢良,长春市,"公司是国内知名的信息安全产品、服务及解决方案提供商，是电子认证领域的领先企业。公司以密码技术为核心，开展信息安全软件的研发、生产和销售及服务，面向政府、军队、军工、金融、能源、电信等重点行业和领域提供基于密码的可信身份认证及可信数据保障等多层次、全方位的综合性安全解决方案，为其信息系统提供关键的安全支撑与保障。公司通过持续技术研发，公司积累了数字证书、数字加密、数字签名、身份认证、访问控制等关键技术，实现了电子认证领域的多项突破，为云计算、大数据、物联网、移动互联、智能计算等领域提供安全技术支撑与保障。公司是国家高新技术企业、国家火炬计划软件产业基地骨干企业，是国家信息安全行业电子认证领域诸多重要科研课题及产业化项目的主要承担者之一，公司自成立以来曾经为40个以上中央国家机关及部委提供信息安全解决方案或服务，承担了1,000多个国内知名的大中型信息化项目的安全支持与保障工作，包括国家“金盾工程”、“金财工程”、“金水工程”、“金质工程”等金字工程及北京2008奥运会、“天宫一号”、“神州九号”、“神州十号”等众多具有重大社会、政治影响的大型项目。",ir@jit.com.cn,"以密码技术为核心,开展信息安全软件的研发,生产和销售及服务",王连彬,吉林,18040.0,张凤阁,19990212,www.jit.com.cn,吉大正元,0,SZSE,SZSE,软件,31110,-,软件和信息技术服务,31110010,4574818000,-9.37,-2.23,¥24.70,科技,311,0.0,700,18700,0.0,10000.0,700,0.0,0.0,1.0,26.14,16.23,20.87,18.35,2020-12-31T05:00:00Z,{1_trade_buy},{trade_buy},2020Q4_1748175
605377,2020Q4_1748228,浙江省杭州市临安区青山湖街道滨河北路18号,生产：新型材料，装饰纸。服务：新型材料、装饰纸的技术研发；批发、零售：新型材料，装饰纸；货物进出口(法律、行政法规禁止经营的项目除外，法律、行政法规限制经营的项目取得许可后方可经营)。(依法须经批准的项目，经相关部门批准后方可开展经营活动),张延成,杭州市,公司是国内从事装饰原纸生产的主要企业之一，主要从事可印刷装饰原纸和素色装饰原纸的研发、生产和销售业务，以及木浆的贸易业务。公司生产的装饰原纸广泛用于家具、地板、木门等产品的贴面装饰。多年来始终专注于装饰原纸品质的提升，积累了丰富的生产与管理经验。公司的装饰原纸产品种类齐全、质地均匀、性能良好，具有较强的市场竞争力。作为高新技术企业，发行人不断进行研发与创新，拥有多项专利，并获得“中国地板行业科技创新奖”、“中国林业产业创新奖”等荣誉。发行人是“中国林产工业协会装饰纸与饰面板专业委员会”副理事长单位，并参与起草了《人造板饰面专用纸》国家标准。,securities@huawon.cn;hwkjdmb@huawon.cn,"主要从事可印刷装饰原纸和素色装饰原纸的研发,生产和销售业务,以及木浆的贸易业务.",张延成,浙江,28541.34,陈蕾,20091230,www.hwpaper.cn,华旺科技,0,SHSE,SHSE,林业,10140,-,造纸及纸制品,10140020,5167691000,15.58,27.44,¥18.34,基础材料,101,0.0,1120,15000,0.0,10000.0,1120,0.0,0.0,1.4,17.37,14.26,15.44,18.78,2020-12-31T05:00:00Z,{1_trade_buy},{trade_buy},2020Q4_1748228
300864,2020Q4_1748180,江苏省南京市鼓楼区金银街16号科学楼9楼,环境保护与生态修复技术研发、工程设计与咨询、工程总承包与运营；企业管理与咨询；环保设备生产和销售；环境影响评价；环境监理；环境检测；环境规划与设计；环境政策咨询及培训；水利规划、设计与咨询；安全管理咨询与技术服务；环境损害鉴定与评估；危害特性鉴别。(依法须经批准的项目，经相关部门批准后方可开展经营活动),陆朝阳,南京市,公司定位为专业的环境服务商，致力于为政府客户和企业客户提供高效、科学、整体的环境解决方案，主要服务包括环境调查与鉴定、建设项目环评、环境研究与规划、环境工程承包、环境工程设计与监理以及环境污染第三方治理等。公司为南京大学控股的国家级高新技术企业，经营和核心技术团队均为该领域的行业专家，在环境科学与技术领域拥有深厚的积累与沉淀。目前，公司已建有江苏省区域流域环境综合治理工程技术研究中心、南京市挥发性有机废气工程研究中心和“国家级博士后工作站”分站等高水平研发平台，在环境综合治理、污染控制、环境修复等领域拥有多项自主知识产权。同时，作为科技型环境服务类企业，公司高度重视技术研发和人才培养，经过多年的技术研发、业务实践应用积累，培养出了一批行业内优质人才，并打造了基于自身业务案例和项目经验形成的成熟的行业案例数据库，具有较强的竞争优势。,dmb@njuae.cn,"致力于为政府客户和企业客户提供高效,科学,整体的环境解决方案,主要服务包括环境调查与鉴定,建设项目环评,环境研究与规划,环境工程承包,环境工程设计与监理以及环境污染第三方治理等.",陆朝阳,江苏,9120.0,李良,20120803,www.njuae.cn,南大环境,0,SZSE,SZSE,教育,20540,-,教育培训服务,20540010,4780326000,12.81,9.05,¥51.78,非周期性消费,205,0.0,380,15100,0.0,10000.0,380,0.0,0.0,1.9,94.63,47.36,61.84,-16.27,2020-12-31T05:00:00Z,{1_trade_buy},{trade_buy},2020Q4_1748180
300861,2020Q4_1748179,陕西省咸阳市杨陵示范区渭惠路东段富海工业园,金刚石工具及相关产业链中的材料和制品的研发、生产、销售；货物及技术的进出口业务。(依法须经批准的项目，经相关部门批准后方可开展经营活动),吴英,咸阳市,公司是一家从事金刚石工具及相关产业链的材料和制品的研发、生产及销售的新材料企业，目前主要产品为电镀金刚石线，可用于晶体硅、蓝宝石等硬脆材料的切割。公司致力于成为全球领先的金刚石工具制造商，公司以技术研发为核心，在电镀金刚石线生产的核心技术、工艺控制、装备制造等环节均拥有自主知识产权，掌握了包括电镀液配方、添加剂、金刚石预处理、上砂、镀液在线处理等在内的金刚石线生产全套核心技术。基于公司的电镀工艺及技术优势，公司产品在稳定性、切割质量、工艺适用性等方面均有较强的竞争优势；公司自主研发的“单机六线”生产线工艺国际领先，生产效率更高，公司凭借产能优势和产品的质量及性能优势，与光伏行业诸多具有较强行业影响力的下游客户达成了合作关系，包括隆基股份、保利协鑫、晶科能源、阿特斯太阳能等硅片龙头企业以及晶龙集团、中环股份、阳光能源、比亚迪、南玻硅材料、天合光能等知名光伏企业客户群体已基本涵盖国内光伏及硅片生产的主要企业。,securities@ylmetron.com,"金刚石工具及相关产业链中的材料和制品的研发,生产,销售",刘洪新,陕西,40001.0,周湘,20150707,www.ylmetron.com,美畅股份,0,SZSE,SZSE,工业制品,31070,-,特种工业机械,31070020,30631476000,47.9,46.59,¥76.93,工业,310,0.0,900,45700,0.0,10000.0,900,0.0,0.0,1.0,79.0,43.7,51.95,48.08,2020-12-31T05:00:00Z,{1_trade_buy},{trade_buy},2020Q4_1748179
300860,2020Q4_1748178,北京市东城区东直门南大街11号中汇广场B座7层,组织文化艺术交流活动；舞台灯光设计；舞台灯光设备租赁；安装、调试舞台设备；施工总承包；专业承包；承办展览展示；技术推广服务；销售机械电器设备、五金交电（不含电动自行车）；经济信息咨询；物业管理；出租商业用房；出租办公用房；工程勘察设计；经营演出及经纪业务（营业性演出许可证有效期至2022年06月21日）。（市场主体依法自主选择经营项目，开展经营活动；经营演出及经纪业务以及依法须经批准的项目，经相关部门批准后依批准的内容开展经营活动；不得从事国家和本市产业政策禁止和限制类项目的经营活动。）,沙晓岚,北京市,公司自成立以来，主要从事国内外文化演艺活动的策划、艺术创意设计、制作；剧院演出场所灯光音响工程设计、制作、器材租赁等业务；其中包括国家级大型活动灯光工程、地标性景观灯光秀、大型项目水秀灯光秀、舞台演出灯光设计和制作、器材租赁。公司于2006年获得ISO9001国际质量管理体系认证；同时公司拥有中国演艺设备技术协会演出场馆设备专业委员会评定的“专业灯光工程综合技术能力等级一级资质”；中国演出行业协会颁布的“舞美工程企业综合技术壹级资质”。,fssj@fssjart.com,"公司以创意设计为核心,业务范围涵盖大型文化演艺活动,文化旅游演艺,景观艺术照明及演绎等多个领域的创意,设计及制作服务.",沙晓岚,北京,13694.07,李勇,20020730,www.fssjart.com,锋尚文化,0,SZSE,SZSE,传媒,30820,-,娱乐,30820040,6974411000,-15.89,-24.85,¥51.05,通信服务,308,0.0,760,48300,0.0,10000.0,760,0.0,0.0,1.9,109.41,66.95,78.47,-34.94,2020-12-31T05:00:00Z,{1_trade_buy},{trade_buy},2020Q4_1748178
003031,2020Q4_1748177,河北省石家庄市鹿泉经济开发区昌盛大街21号,电子封装及精细陶瓷的研发、生产、销售；电子元器件、半导体元器件、集成电路、汽车电子部件、零部件的研发、生产及销售；陶瓷材料、电子专用材料、金属制品的研发、生产及销售；半导体器件专用设备、电子专用设备的制造及销售；软件设计、技术咨询、技术服务、技术转让及进出口业务。,王强,石家庄市,公司是专业从事电子陶瓷系列产品研发、生产和销售的高新技术企业，致力于成为世界一流的电子陶瓷产品供应商，为客户提供创新、高品质、有竞争力的电子陶瓷产品。经过十年来的发展，公司已成为国内领先的电子陶瓷高新技术企业，拥有河北省企业技术中心、河北省工程技术中心，作为牵头单位承担国家科技重大专项、工业强基等多项国家和省市电子陶瓷领域的重大科技攻关和产业化项目，在国内电子陶瓷行业具有重要影响力。公司定位为高端的电子陶瓷外壳产品供应商，产品质量可靠，行业知名度较高。经过多年的积累，公司已成为大批国内外电子行业领先企业的供应商，甚至是核心供应商，并与其建立了长期、稳定的合作关系。在光通信领域，全球多家著名的光电器件厂商均是公司客户；在无线通信领域，NXP、Infineon等世界知名的半导体公司为公司客户；公司业与国内著名的通信厂商华为、中兴建立了合作关系，合作范围不断扩大。,zcdzzqb@sinopack.cc;dan.wang@sinopack.cc;hui.dong@sinopack.cc,"主要产品为电子陶瓷系列产品,分为四大系列:通信器件用电子陶瓷外壳,工业激光器用电子陶瓷外壳,消费电子陶瓷外壳及基板,汽车电子件,专业从事电子陶瓷系列产品研发,生产和销售.",付花亮,河北,14933.33,董惠,20090806,www.sinopack.com.cn,中瓷电子,0,SZSE,SZSE,工业制品,31070,-,电子器械和零件,31070060,7794265000,16.36,0.0,¥52.70,工业,310,0.0,400,5900,0.0,10000.0,400,0.0,0.0,1.0,0.0,0.0,0.0,0.0,2020-12-31T05:00:00Z,{1_trade_buy},{trade_buy},2020Q4_1748177
300892,2020Q4_1748198,上海市普陀区长寿路652号景源时尚产业园10号楼308室,食品流通，日用百货的销售，仓储(除危险品)，企业管理咨询，包装服务，供应链管理，商务信息咨询，企业形象策划、设计，从事货物及技术的进出口业务。【依法须经批准的项目，经相关部门批准后方可开展经营活动】,王牧,上海市,作为国内较早实现进口食品品牌运营的企业，公司始终秉持“通过世界美食，让大众更时尚、更健康”的使命，通过整合全球优质食品资源，全力打造“原装进口食品”的品牌发展战略，致力于将中国美食品牌与全球生产体系嫁接，将全球的健康美食和时尚生活方式带给中国消费者。经过多年发展，公司已成功自主开发和推广“德亚”、“瓦伦丁”、“亨利”、“雅娜”等自有品牌以及“品利”等合作品牌，品牌影响力逐年提升，在消费者中拥有较高的声誉和品牌辨识度。公司已成为国内知名的进口食品品牌运营商。报告期内，公司主要从事自有品牌食品的开发、进口、销售及国外食品的合作代理销售业务。目前，公司产品以自有品牌和合作品牌进口食品为主，主要聚焦于乳品、啤酒、粮油、谷物以及饼干点心类等五大食品品类。截止本招股说明书签署日，公司重点经营的自有品牌5款，合作品牌4款以及代理品牌1款。作为国内知名的进口食品品牌运营商，公司高度重视渠道建设工作，坚持线上渠道与线下渠道同时发展的营销策略，构建了包括大型商超，天猫商城、京东等电商平台以及各地经销商等在内的多元化销售体系。目前，公司销售渠道分为线下渠道和线上渠道。,securities@pinlive.com,"公司主要从事自有品牌食品的开发,进口,销售及国外食品的合作代理销售业务.公司产品以自有品牌和合作品牌进口食品为主,主要聚焦于乳品,啤酒,粮油,谷物以及饼干点心类等五大食品品类.",王牧,上海,10000.0,朱国辉,19970909,www.pinlive.com,品渥食品,0,SZSE,SZSE,零售 - 防守型,20550,-,食品分销,20550020,4554552000,-10.37,-29.67,¥44.43,非周期性消费,205,0.0,300,16300,0.0,10000.0,300,0.0,0.0,1.0,83.5,54.15,65.09,-31.74,2020-12-31T05:00:00Z,{1_trade_buy},{trade_buy},2020Q4_1748198
300872,2020Q4_1748186,北京市朝阳区阜通东大街1号院3号楼9层2单元121005,软件技术开发、技术转让、技术咨询、技术服务；计算机系统服务；数据处理(数据处理中的银行卡中心、PUE值在1.5以上的云计算数据中心除外)；销售自行开发后的计算机软件产品；销售计算机软硬件及配件；计算机及配件的售后服务；计算机软硬件开发；计算机系统集成；计算机设备租赁。【依法须经批准的项目，经相关部门批准后方可经营该项目】,欧阳建平,拉萨市,公司专注为金融行业客户提供IT解决方案和服务，是金融IT业内颇具规模、成长最快、最具活力和创新精神的企业之一。基于金融IT和业务创新能力，公司正致力于成为国内领先的金融综合服务提供商，提供金融IT服务、金融信息服务和金融运营服务。公司从2003年创立以来，为央行和政策性银行、国有商业银行、股份制商业银行和地方性商业银行等近百家金融客户提供咨询、开发、测试、运维和系统集成等应用于全生命周期的服务。源于客户的业务创新和管理创新需求，公司在专业测试、对公金融(包括信贷、供应链金融、互联网金融、贸易金融和资金监管等)、商业智能与大数据应用、风险管理(信用风险、操作风险和市场风险)、信用卡、协同应用等专业领域研发了多种解决方案，在开发、测试和运行管理领域研发了业内领先的基础技术架构产品，积累了丰富的行业业务、IT技术知识、IT应用解决方案和专业服务人才。公司已拥有了一批优质、稳定的核心战略客户，同时公司也在积极拓展新客户，进一步完善客户和区域布局，创造新的业绩增长点。目前公司已经为两百多家银行客户提供了相关产品和服务，在行业内拥有较高的品牌声誉。,ir@tansun.com.cn,"公司是一家金融业IT解决方案及服务提供商,主要向以银行为主的金融机构提供IT解决方案,咨询服务,专业测试服务,运维服务和系统集成服务.",欧阳建平,西藏,22468.2,张庆勋,20030709,www.tansun.com.cn,天阳科技,0,SZSE,SZSE,软件,31110,-,软件和信息技术服务,31110010,8247458000,4.47,-5.37,¥36.09,科技,311,0.0,900,33000,0.0,10000.0,900,0.0,0.0,1.0,82.0,37.36,49.27,-26.75,2020-12-31T05:00:00Z,{1_trade_buy},{trade_buy},2020Q4_1748186
300868,2020Q4_1748182,广东省深圳市龙华区民治街道北站社区汇德大厦1号楼4201,货物及技术进出口；投资兴办实业。(不含法律、行政法规、国务院规定禁止及决定需前置审批的项目)，许可经营项目是：电子产品、通讯产品、智能电子产品、移动智能终端保护套、精密塑胶硅胶及皮具等时尚消费电子配件产品的研发、设计、生产及销售；五金制品、模具的研发、设计、生产及销售；新技术新材料的研发、设计、生产及销售。,黄新,深圳市,公司是一家专业从事移动智能终端配件的研发、设计、生产及销售的高新技术企业，产品类型以智能手机与平板电脑保护类配件为主，涵盖移动电源、数据线等其他配件。公司坚持以ODM/OEM与自有品牌相结合的方式开拓市场，坚持做大ODM/OEM业务、做强自有品牌的思路，为客户提供更优质的产品和服务。公司是国内较早从事移动智能终端配件产品ODM/OEM业务的企业之一，拥有成熟的开发设计团队和专业的制造技术，是业内为数不多的具有“研发设计—模具开发—生产制造—包装入库”全工序以及大规模生产能力的企业之一，能够针对客户需求，提供设计支持、快速样品、规模量产等方面的综合服务。凭借丰富的研发设计、多工艺生产经验，以及稳定、可靠的质量保证，公司与华为等智能终端制造商以及Targus、Pelican等国际知名智能终端配件品牌商建立了良好、稳定的合作关系，产品广泛应用于华为、苹果等品牌终端。公司已取得全球知名的Disney、Hello Kitty商标及卡通形象在其自有品牌产品中应用的授权许可，自有品牌产品系列丰富，主要客户已涵盖沃尔玛、亚马逊、Target、百思买等全球零售百强客户，产品销售遍及美国、欧洲及日本等多个国家或地区。,ir@jamepda.com;zhangyuhan@jamepda.com;zb@jamepda.com,"从事移动智能终端配件的研发,设计,生产及销售,主要产品:主要为智能手机,平板电脑等移动智能终端提供保护套产品.",黄新,广东,12800.0,周波,20060530,www.jamepda.com,杰美特,0,SZSE,SZSE,硬件,31120,-,电子元件,31120040,3791662000,-20.1,-33.93,¥28.88,科技,311,0.0,600,25700,0.0,10000.0,600,0.0,0.0,1.0,86.08,42.6,52.07,-44.54,2020-12-31T05:00:00Z,{1_trade_buy},{trade_buy},2020Q4_1748182
300887,2020Q4_1748194,北京市海淀区锦带路66号院1号楼4层至5层101,"技术开发、技术推广；技术检测；检验、检疫、验货、医疗器械检验的技术服务；计量服务；计量仪器与设备的技术咨询；货物进出口、技术进出口、代理进出口；环境监测；计算机技术培训；出租商业用房；出租办公用房；技术咨询、技术交流；清洁服务；认证服务；货物专用运输(冷藏保鲜)(道路运输经营许可证有效期至2021年09月11日)。(市场主体依法自主选择经营项目,开展经营活动；依法须经批准的项目,经相关部门批准后依批准的内容开展经营活动；不得从事国家和本市产业政策禁止和限制类项目的经营活动。)。",张英杰,北京市,公司是大型综合性检测机构，具备为客户提供综合化、一站式检测服务的能力，检测报告得到美国、英国、德国等71个国家和地区互认，具有国际公信力。公司可提供的检测服务范围涵盖健康与环保、贸易符合性、商品质量鉴定及安全保障等四大领域，涉及农林牧渔业，食品医药业，采矿业，制造业，电力、燃气及水的生产和供应业，建筑业，交通运输业，住宿和餐饮业，水利、环境和公共设施管理业等众多行业。公司为宝洁、摩托罗拉、三星、戴尔、可口可乐、肯德基、麦当劳等众多国际知名企业提供检测服务。公司是中国电子信息产品污染防治标准工作组成员，参与了多项国内RoHS检测方法、国家标准及行业标准的制定及修订工作，连续四年荣膺德勤“高科技、高成长中国50强”及“亚太区高科技、高成长500强”。,IR@ponytest.com,"主营业务为:检验检测,计量,认证及相关技术服务,业务范围涵盖健康与环保,电子及安规,消费品质量鉴定,安全保障等.",张英杰,北京,13680.0,李小冬,20020610,www.ponytest.com,谱尼测试,0,SZSE,SZSE,商业服务,31020,-,特种商业服务,31020010,10978843000,56.33,87.04,¥81.15,工业,310,0.0,360,15600,0.0,10000.0,360,0.0,0.0,1.8,65.72,42.11,53.06,52.94,2020-12-31T05:00:00Z,{1_trade_buy},{trade_buy},2020Q4_1748194
300918,2020Q4_1748208,山东省烟台市龙口市东江镇南山工业园,高档织物面料的纺、织染及后整理加工和服装、服饰研发、生产(不含国家纺织品配额管理的商品)，羊毛洗毛、制条；特种劳动防护用品(防静电服、酸碱类化学品防护服、阻燃服)的生产；并销售及网上经营公司上述所列自产产品；新材料科技开发、技术开发、技术推广、技术转让；企业管理服务；国内展览展销服务；货物及技术的进出口业务(国家限定或禁止的除外)；仓储服务(不含危险化学品)；纺织原料与纺织品的检测检验。(依法须经批准的项目，经相关部门批准后方可开展经营活动),赵亮,烟台市,公司集纺织服饰智能制造与品牌运营为一体，主营业务为精纺呢绒及正装职业装的研发、设计、生产与销售。公司拥有完善的毛纺织服饰产业链，涵盖了集面料研发、毛条加工、染色、纺纱、织造、后整理于一体的精纺呢绒业务体系，以及集成衣研发、设计、制造、品牌运营于一体的服装业务体系。公司为国内精纺呢绒、正装职业装领军企业，“南山”牌精纺呢绒、“缔尔玛”牌职业装先后被国家工商总局认定为中国驰名商标。公司为精梳毛机织物单项冠军示范企业，“缔尔玛”牌职业装先后获评“中国职业装十大顶级品牌”、“中国服装成长品牌”。公司是国家级高新技术企业、中国纺织工业联合会认定的纺织技术创新示范企业，公司检测中心是中国合格评定国家认可委员会认可的实验室。公司凭借自身的科技实力与市场影响力，多次参与制定了纺织领域国家及行业技术标准。截至本招股说明书签署日，公司已形成专利71项，其中发明专利24项，获得山东省科技进步奖3次、中国纺织行业专利奖优秀奖2次。,zhaohoujie@nanshan.com.cn;rfzzqb@nanshan.com.cn,"主营业务为精纺呢绒及正装职业装的研发,设计,生产与销售.",赵亮,山东,36000.0,赵厚杰,20070429,www.nanshanchina.com,南山智尚,0,SZSE,SZSE,服饰加工,10240,-,纺织加工,10240010,3556793000,-14.77,-16.2,¥9.84,周期性消费,102,0.0,1100,9500,0.0,10000.0,1100,0.0,0.0,1.0,17.6,11.91,14.08,-30.11,2020-12-31T05:00:00Z,{1_trade_buy},{trade_buy},2020Q4_1748208
300908,2020Q4_1748204,河南省南阳市西峡县工业大道北段211号,调味品、食品添加剂【辣椒油树脂、食品用香精、食品用天然香料】、水果制品(果酱)、蔬菜制品【食用菌制品(干制食用菌)】、食用植物油、方便食品、罐头制品生产、销售；农业初级产品种植、加工、储存、购销；自营和代理各类货物和技术的进出口业务*(依法需经批准的项目，经相关部门批准后方可开展经营活动),孙耀志,南阳市,公司自2002年成立以来，持续进行调味配料的研发、生产和销售，是国内采用超临界CO2萃取技术生产调味配料的主要生产商之一。公司主营业务为研发、生产、销售调味配料和调味食品。调味配料以花椒、辣椒等香辛植物提取物为代表，调味食品以仲景香菇酱、劲道牛肉酱、仲景调味油为代表。公司以“让健康有滋有味”为使命，以产品差异化为竞争策略，通过不断的品类创新和风味技术创新，实现企业的发展壮大。公司坚持走技术创新、产品创新之路。先后获批建立了“河南省香菇加工工程技术研究中心”、“食品风味物质提取技术河南省工程实验室”、“河南省企业技术中心”。经中国食品科学技术学会鉴评，公司仲景香菇酱系列产品属国内首创，整体技术达到国内领先水平；香菇调味料关键技术研究和产业化应用项目具有原始创新特征；新型香辛料加工关键技术集成与产业化项目整体技术达到国内领先水平。,zhongjing@zhongjing.com.cn,"公司主营业务为研发,生产,销售调味配料和调味食品..主要产品;仲景香菇酱系列,超临界香辛食品配料系列.主要产品为以花椒,辣椒系列为代表的调味配料和以仲景香菇酱,劲道牛肉酱,仲景调味油为代表的调味食品.",朱新成,河南,10000.0,王飞,20020929,www.zhongjing.com.cn,仲景食品,0,SZSE,SZSE,农副加工食品,20525,-,加工食品,20525040,6315599000,-2.59,-19.57,¥60.95,非周期性消费,205,0.0,300,17200,0.0,10000.0,300,0.0,0.0,1.0,120.8,77.3,95.68,-36.3,2020-12-31T05:00:00Z,{1_trade_buy},{trade_buy},2020Q4_1748204
300895,2020Q4_1748200,北京市东城区天坛东路31号铜牛信息大厦,技术推广服务；计算机系统服务；基础软件服务；应用软件服务；销售通讯设备、电子产品、计算机、软件及辅助设备；数据处理(数据处理中的银行卡中心、PUE值在1.5以上的云计算数据中心除外)；租赁计算机、通讯设备；出租办公用房；货物进出口、技术进出口、代理进出口；信息系统集成服务；互联网接入服务业务；互联网信息服务业务(除新闻、出版、教育、医疗保健、药品、医疗器械以外的内容)；经营电信业务。(市场主体依法自主选择经营项目，开展经营活动；经营电信业务以及依法须经批准的项目，经相关部门批准后依批准的内容开展经营活动；不得从事国家和本市产业政策禁止和限制类项目的经营活动。),吴立,北京市,公司是一家集互联网数据中心服务、云服务、互联网接入服务、互联网数据中心及云平台信息系统集成服务、应用软件开发服务为一体的互联网综合服务提供商，在互联网数据中心及相关增值服务、互联网数据中心及云平台信息系统集成等方面具有竞争优势。公司致力于成为国内领先的云服务和互联网综合服务提供商，满足客户多样化的信息系统服务需求。公司通过了ISO9001质量管理体系认证、ISO27001信息安全管理体系认证、ISO20000信息技术服务管理体系认证、ISO22301业务连续性管理体系认证；获得了工信部颁发的跨地区增值电信业务经营许可证和国家通信工业协会颁发的信息系统业务安全服务资质证书；为中国电子工业标准化技术协会信息技术服务分会会员单位、国家信息技术服务标准工作组全权成员单位；2017年公司获得了北京市国资委“京津冀国有企业创新发展云平台”项目支持。,share-info@topnewinfo.cn,"主营业务包括IDC业务及增值服务,IDC及云平台信息系统集成服务和其他互联网综合服务.",高鸿波,北京,11636.42,刘毅,20050921,www.topnewinfo.cn,铜牛信息,0,SZSE,SZSE,软件,31110,-,软件应用,31110020,4167809000,10.79,-12.7,¥34.47,科技,311,0.0,360,12800,0.0,10000.0,360,0.0,0.0,1.2,65.75,39.23,50.29,-31.46,2020-12-31T05:00:00Z,{1_trade_buy},{trade_buy},2020Q4_1748200
300884,2020Q4_1748192,福建省厦门市海沧区火炬高新区火炬园创新路2号兴联电子大厦五楼,一般项目：物联网技术研发；软件开发；人工智能应用软件开发；软件销售；通信设备制造；通信设备销售；数字家庭产品制造；移动终端设备销售；人工智能硬件销售；物联网设备制造；物联网设备销售；物联网应用服务；智能家庭网关制造；智能家庭消费设备制造；智能家庭消费设备销售；配电开关控制设备研发；配电开关控制设备制造；配电开关控制设备销售；照明器具制造；照明器具销售；安防设备制造；安防设备销售；计算机软硬件及外围设备制造；计算机软硬件及辅助设备批发；工业控制计算机及系统制造；互联网数据服务；互联网销售（除销售需要许可的商品）；网络设备销售；集成电路设计；集成电路制造；集成电路芯片及产品销售；家用电器制造；机械电气设备销售；风机、风扇制造；风机、风扇销售；五金产品批发；五金产品研发；停车场服务；信息系统集成服务；交通安全、管制专用设备制造；电子元器件制造；电子元器件批发；广告制作；广告发布（非广播电台、电视台、报刊出版单位）；塑料制品制造；塑料制品销售；安全技术防范系统设计施工服务；货物进出口；技术进出口；工程管理服务；生活垃圾处理装备制造；生活垃圾处理装备销售。（除依法须经批准的项目外，凭营业执照依法自主开展经营活动）许可项,缪国栋,厦门市,公司以“领跑智慧生活理念，创造卓越生活品质”为使命，以打造“安全、舒适、健康、便捷”的智慧社区生活环境为己任，围绕智慧社区领域，通过不断的技术创新、产品升级和功能优化，形成了以楼宇对讲产品和智能家居产品为主的产品结构，同时开发了智能停车、新风系统、智能锁、行业对讲等多系列的智能化产品。公司主营楼宇对讲、智能家居等智慧社区安防智能化设备的研发设计、生产制造和销售。主要产品方面，公司的楼宇对讲产品具有呼叫对讲、远程开门、联动门禁、人脸识别、人证比对、支持梯控协议等功能以及识别速度快、准确率高、高稳定性和开放性的性能；智能家居产品支持有线无线联网，具有高稳定性和强兼容性等特点。经过多年的发展，在楼宇对讲和智能家居领域，公司与龙湖集团、世茂房地产、招商蛇口、绿地控股、中南集团、华润置地、雅居乐集团、时代中国控股、富力地产等大中型房地产商已经建立了良好、稳定的合作关系；依托良好的产品性能和不断完善的销售渠道，公司产品已遍布全国的各主要城市。,dnake@dnake.com,"公司主营楼宇对讲,智能家居等智慧社区安防智能化设备的研发设计,生产制造和销售.主要产品是楼宇对讲和智能家居产品.",缪国栋,福建,18000.0,林丽梅,20050429,www.dnake.com,狄耐克,0,SZSE,SZSE,工业制品,31070,-,电子器械和零件,31070060,4267810000,-9.71,-18.09,¥23.48,工业,310,0.0,750,16700,0.0,10000.0,750,0.0,0.0,1.5,51.07,28.02,37.74,-37.78,2020-12-31T05:00:00Z,{1_trade_buy},{trade_buy},2020Q4_1748192
300917,2020Q4_1748207,广东省深圳市福田区香蜜湖街道侨香路1010号特发文创广场五楼,一般经营项目：物业管理；水电工程；国内贸易；经济信息咨询；房地产经纪；为酒店提供管理服务；汽车零配件及汽车饰品的购销；自有物业租赁；园林绿化服务；绿化养护服务；花卉租摆；清洁服务；从事物业管理范围内的二次供水设施清洗消毒业务；建筑工程；投资兴办实业(具体项目另行申报)；经营电子商务。许可经营项目：游泳池经营；停车场经营；劳务派遣；餐饮服务；人力资源输出；人力资源开发与管理咨询；人才资源培训服务；企业人才的交流咨询；人力资源服务外包；人力资源管理软件；垃圾清运；道路清扫；园林设计；市政工程管理；“四害”防治；白蚁防治；环境消杀服务。,陈宝杰,深圳市,公司一直以综合设施管理服务为核心业务，致力于成为中国高端物业服务品牌供应商。公司所从事的服务内容包括综合设施管理、空间管理、安全保障、环境管理、高端接待、会议服务等，管理的项目涵盖高新科技园区、商业综合体、政府机关、学校、住宅等多种类型，主要客户包括华为、阿里巴巴、中国移动、国家电网等知名企业。公司相关业务已从珠三角经济圈辐射至国内的环渤海经济圈、长三角经济圈、西南经济圈、华中城市经济圈及海外的非洲等地。近年来，公司在提供物业管理服务的同时，还陆续拓展了政务服务、资产经营等业务，设立了特发楼宇、特发政务、特发商务、特发资产经营等子公司。凭借优质的服务质量，公司与主要客户建立了长期、稳定的服务关系。报告期内，公司多次受到核心客户及行业协会等相关单位的嘉奖，具体情况如下：2018年度深圳市物业管理行业协会优秀企业、2017年物业服务百强企业、中国企业信用评价AAA等。,sdgs@tefafuwu.com,"公司所从事的服务内容包括综合设施管理,空间管理,安全保障,环境管理,高端接待,会议服务等,管理的项目涵盖高新科技园区,商业综合体,政府机关,学校,住宅等多种类型.",崔平,广东,13000.0,陈宝杰,19930531,www.tefafuwu.com,特发服务,0,SZSE,SZSE,房地产,10410,-,房地产服务,10410020,3331872000,-8.92,-16.55,¥25.77,房地产,104,0.0,390,9000,0.0,10000.0,390,0.0,0.0,1.3,41.48,29.92,34.39,-25.07,2020-12-31T05:00:00Z,{1_trade_buy},{trade_buy},2020Q4_1748207
300911,2020Q4_1748206,浙江省绍兴市嵊州市浦口街道浙锻路68号,生产、销售：消毒器械(用于餐饮具消毒的消毒器械)；制造、加工、销售：集成灶、油烟机、烤箱、水槽、集成水槽、热水器、洗碗机、集成洗碗机、集成烤箱、集成蒸箱、净水器、空气净化器、浴霸、燃气用具、燃气用具配件、汽车配件、酒柜、橱柜、卫浴设施、电子产品、壁挂炉；太阳能光伏发电；销售：灯具及灯具零配件。(依法须经批准的项目，经相关部门批准后方可开展经营活动),孙伟勇,绍兴市,公司专业从事集成灶等现代新型厨房电器产品的研发、生产和销售，是国内较早以自主品牌生产和销售侧吸下排式集成灶的企业之一。公司以“创建无害厨房环境”作为发展使命，始终致力于为消费者提供健康、环保、节能的厨房电器产品，持续提升顾客的厨房体验，为消费者带来安全健康的品质生活。公司始终坚持走高质量发展之路，近年来先后荣获包括浙江省著名商标、中国厨卫产品创新大奖、全国质量诚信优秀典型企业、浙江省知名商号等在内的多项荣誉，同时公司还是《集成灶》(ZZB032-2015)的起草单位之一。在由浙江省人民政府推动实施的“浙江制造”认证中，公司于2015年成为集成灶行业首家获得认证的企业，并荣获2017年度浙江省人民政府质量奖。经过多年发展，公司已形成了强大的集成灶研发体系、完善的产品生产线及覆盖广泛的多渠道销售网络，通过持续加强设计研发创新、不断改进产品生产工艺，公司集成灶产品的油烟处理性能和外观设计赢得了市场的认可，“亿田”品牌集成灶已成为深受消费者喜爱的厨房电器产品之一。,stock@entive.com,"公司专业从事集成灶等现代新型厨房电器产品的研发,生产和销售,公司主要产品为集成灶,此外公司还向消费者提供吸油烟机,燃气灶,集成水槽,洗碗机等其他厨房电器产品.",孙吉,浙江,10666.67,沈海苹,20030925,www.entive.com,亿田智能,0,SZSE,SZSE,家具制造,10220,-,家具制造,10220010,7038623000,25.33,61.63,¥62.82,周期性消费,102,0.0,300,10200,0.0,10000.0,300,0.0,0.0,1.0,64.09,39.12,47.84,31.31,2020-12-31T05:00:00Z,{1_trade_buy},{trade_buy},2020Q4_1748206
605186,2020Q4_1748226,上海市浦东新区张衡路1000弄22号,从事信息技术、自动化设备领域的技术开发、技术咨询、技术服务、技术转让，电子产品、网络设备及配件、自动化设备、计算机、软件及辅助设备的批发、零售、自有设备租赁，计算机软件开发，计算机信息系统集成，第一类医疗器械销售，第二类医疗器械销售，第三类医疗器械经营。【依法须经批准的项目，经相关部门批准后方可开展经营活动】,戴建伟,上海市,"公司是一家医药自动化设备与医药信息化服务提供商，为医疗服务和医药流通行业的药品智能化管理提供相应的产品及服务，旨在提升相关机构的工作效率、服务质量和管理水平，减少患者排队等候时间,提升患者的就医体验，减少医务人员与危害药品的直接接触，改善医务人员的工作条件。公司拥有稳定的客户群体，与华润医药、国药控股、上海医药、柳药股份、重庆医药等大型医药流通企业和各医疗服务机构建立了良好的合作关系，同时已与阿里健康、平安健康和同仁堂等客户展开合作。公司为高新技术企业，已构建了完善的研发体系，与多家医院实施了各类智能化药品管理项目，包括北京协和医院、上海交通大学医学院附属瑞金医院、中山大学附属第一医院、复旦大学附属华山医院、北京大学第一医院、北京大学人民医院、南方医科大学南方医院、上海交通大学医学院附属仁济医院、山东大学齐鲁医院、郑州大学第一附属医院在内的等众多知名医疗机构均使用公司的产品。",stock@g-healthy.com,为医疗服务和医药流通行业的药品智能化管理提供相应的产品及服务,戴建伟,上海,13600.0,邱泓,20140711,www.g-healthy.com,健麾信息,0,SHSE,SHSE,医疗器械,20650,-,医疗设备,20650010,5316455000,72.34,42.2,¥39.61,医疗保健,206,0.0,600,17600,0.0,10000.0,600,0.0,0.0,1.0,32.95,22.5,27.95,41.72,2020-12-31T05:00:00Z,{1_trade_buy},{trade_buy},2020Q4_1748226
300886,2020Q4_1748193,安徽省安庆市潜山市舒州大道42号,香精、香料、油田助剂、炼油助剂、金属加工助剂、纺织助剂、水处理剂、精细化工产品(不含危险化学品)开发、生产、销售(涉及行政许可项目凭有效许可证经营)。,徐基平,安庆市,公司自设立以来，公司一直专注于经营香料业务，主要从事内酯系列合成香料的研发、生产和销售，主营业务突出。公司自设立以来，始终坚持以市场为导向，以客户为目标，以技术创新打造核心竞争力，坚持走“创新、协调、绿色、开放、共享”的发展道路，打造行业高端品牌。公司为国家高新技术企业，拥有省级认定的企业技术中心、安徽省院士工作站。公司通过技术研究、工艺绿色化改造、副产物开发、资源综合利用等集成创新实现了“传统产品+新工艺”，进一步提升了内酯类香料的市场竞争力，产品在国际市场上具有竞争优势。公司为中国香料香精化妆品工业协会副理事长单位，在由中国轻工业联合会发布的2017年度“中国轻工业香料行业十强企业”评选中，公司位列第七名；公司还被中国香化协会授予“中国香料香精化妆品行业优秀企业奖”、“2016年度香料香精优秀品牌企业”等荣誉称号。,info@anhuihuaye.com,"主要产品为丙位内酯,丁位内酯系列合成香料,主要从事内酯系列合成香料的研发,生产和销售.",徐基平,安徽,7455.5,付林,20020712,www.anhuihuaye.com,华业香料,0,SZSE,SZSE,化工,10130,-,化学制品,10130010,2227711000,-13.36,-19.19,¥29.69,基础材料,101,0.0,130,6700,0.0,10000.0,130,0.0,0.0,1.3,70.6,36.04,48.7,-39.03,2020-12-31T05:00:00Z,{1_trade_buy},{trade_buy},2020Q4_1748193
300870,2020Q4_1748184,"广东省深圳市宝安区西乡街道固戍二路星辉工业厂区厂房一,二,三(星辉科技园A,B,C栋)",生产经营各类变压器、稳压电源、磁敏传感器及其它电子元器件(不含国家限制项目)、灯具及照明装置。电子数码产品及配件、移动电源、计算机及其周边产品、蓝牙产品、家电音响产品及配件、无线数据传输设备和终端、光传输设备和终端的研发、批发、进出口及相关配套业务(不涉及国营贸易管理商品，涉及配额、许可证管理及其它专项规定管理的商品，按国家有关规定办理申请)。数据传输软件、自动化控制系统、通信技术的研发；计算机软件开发，转让自行开发的技术成果。,王合球,深圳市,"公司是中国大陆南部最大开关电源适配器生产商之一。集开发、生产、销售于一体，集中生产开关电源,开关适配器、充电器、直流转换器、电子变压器、感应器和LED电源等电子消费产品。公司在开关电源领域深耕多年，为国家高新技术企业，并设有深圳市企业技术中心、博士后创新实践基地和广东省高能效智能电源及电源管理工程技术研究中心。公司以客户需求为导向，致力于为客户提供可靠、高效、智能的开关电源产品，并在研发创新、生产工艺等方面积累了丰富的核心技术，截至目前，公司拥有71项专利技术、30项软件著作权和多项专有技术。公司始终高度重视产品质量，已通过了ISO9001:2015质量管理体系证书及QC080000:2017有害物质过程管理体系、ANSI/ESD S20.20：2014静电防护体系认证，并依据体系实施了完善的质量控制。报告期内，公司产品通过中国CCC、新加坡PSB、韩国KC、泰国TISI、墨西哥NOM、南非NRCS、美国UL、美国FCC、欧盟GS、欧盟CE等多国和地区的产品安全及电磁兼容认证。",Ir1@honor-cn.com,"主要从事开关电源产品的研发,生产与销售.公司主要产品包括电源适配器和服务器电源等,公司产品广泛应用于办公电子,机顶盒,网络通信,安防监控,音响,金融POS终端,数据中心等众多领域.",王合球,广东,10120.0,尚韵思,19960529,www.honor-cn.com,欧陆通,0,SZSE,SZSE,工业制品,31070,-,电子器械和零件,31070060,5722230000,-0.04,-17.26,¥54.38,工业,310,0.0,500,31400,0.0,10000.0,500,0.0,0.0,1.0,99.3,66.8,82.35,-33.96,2020-12-31T05:00:00Z,{1_trade_buy},{trade_buy},2020Q4_1748184
300889,2020Q4_1748195,广东省深圳市宝安区松岗街道松岗大道11号健仓科技园一栋,从事LED点光源、LED日光灯、灯光控制器的生产、研发和销售；从事光电产品、太阳能产品、电子产品、半导体、智能控制系统及软件的生产、研发和销售；智能化控制系统、智能照明、软件、计算机领域内的技术研发、咨询、服务；市政工程、园林绿化工程施工；城市及道路照明工程专业承包、智能化工程专业承包；照明工程设计、照明技术的开发；房屋租售、国内贸易(不含专营、专卖、专控商品)；经营进出口业务(法律、行政法规、国务院决定禁止的项目除外，限制的项目须取得许可后方可经营)。,谢明武,深圳市,公司是从事景观照明智能控制系统及LED景观照明灯具的研发、生产和销售的国家级高新技术企业，公司始终以客户需求为导向，致力于为客户提供稳定可靠的LED景观照明产品。公司专注于景观照明领域的技术研发、产品设计与生产制造，在智能控制系统和景观照明产品领域具备较强的产品开发和制造能力，能够满足客户大规模的定制化需求，已成为国内大型景观照明项目所需产品的核心供应商之一。公司产品成功应用于国内诸多大型城市整体亮化项目，包括深圳改革开放40周年庆典主题灯光秀项目、青岛上合组织峰会主题灯光秀项目、厦门金砖会议主题灯光秀项目、杭州G20峰会钱江新城主题灯光秀项目、武汉两江四岸长江灯光秀项目等。公司已被认定为广东省景观LED工程技术研究中心。公司产品被认定为广东省名牌产品，产品通过了CCC认证、CE认证、CQC认证及ROHS认证。,exc@exc-led.com,"从事景观照明智能控制系统及LED景观照明灯具的研发,生产和销售,主要产品为景观照明智能控制系统和LED景观照明灯具系列产品.",张锋斌,广东,15600.0,陈永建,20090918,www.exc-led.com,爱克股份,0,SZSE,SZSE,硬件,31120,-,电子元件,31120040,3528428000,-17.63,-27.32,¥22.39,科技,311,0.0,500,14400,0.0,10000.0,500,0.0,0.0,1.0,64.15,30.53,40.96,-45.34,2020-12-31T05:00:00Z,{1_trade_buy},{trade_buy},2020Q4_1748195
300871,2020Q4_1748185,湖北省武汉市东西湖区新沟街道办事处油纱路52号(107国道与油纱路口),许可项目：兽药生产；兽药经营；饲料添加剂生产。(依法须经批准的项目，经相关部门批准后方可开展经营活动，具体经营项目以相关部门批准文件或许可证件为准)一般项目：饲料添加剂销售；畜牧渔业饲料销售；肥料销售；专用化学产品销售(不含危险化学品)；技术服务、技术开发、技术咨询、技术交流、技术转让、技术推广；(以上经营范围不含特别管理措施)(除依法须经批准的项目外，凭营业执照依法自主开展经营活动),张卫元,武汉市,公司以“致力动保科技，提升生命质量”为使命，主要从事兽用药品(包括化药制剂、原料药、中药制剂)、饲料及添加剂的研发、生产和销售。兽药行业通过多年发展，建立并完善了动物健康成长的保护机制，在预防、治疗和控制各种动物疾病中发挥重要作用，为人类安全和可持续的食物供给提供了坚实保障。公司已建立了完备的产品质量控制体系，产品质量过硬，自2012年起连续6年在农业农村部组织的兽药质量监督抽检中，成为全国一千多家兽药企业中仅有的6家连续保持抽检不合格批次为零的企业之一。公司高度重视技术创新与产品研发在企业发展中的驱动作用，拥有包括7名高级技术职称人员和9名博士组成的研发团队，其中国务院政府特殊津贴专家1人，国家科技部专家库2人，中国兽药典委员1人。公司目前已取得专利35项，其中发明专利28项；已取得3个二类新兽药证书及2个三类新兽药证书；在研项目共计45项，其中一类新兽药项目2项、二类新兽药项目10项、三类及四类新兽药项目共12项；公司科研平台承担了科技部国家重点研发计划、国家科技支撑计划、国家创新基金支持、国家重点研发计划政府间国际科技合作重点专项等项目。,hvsen@whhsyy.com,"主要从事兽用药品(包括化药制剂,原料药,中药制剂),饲料及添加剂的研发,生产和销售.",张卫元,湖北,16576.05,杨凯杰,20020125,www.whhsyy.com,回盛生物,0,SZSE,SZSE,生物科技,20610,-,生物科技,20610010,5917655000,21.33,36.64,¥34.73,医疗保健,206,0.0,900,23900,0.0,10000.0,900,0.0,0.0,1.5,52.33,26.11,33.33,4.2,2020-12-31T05:00:00Z,{1_trade_buy},{trade_buy},2020Q4_1748185
300879,2020Q4_1748189,浙江省宁波市余姚市锦凤路58号,"园林机械及配件、农业机具、园林机具、电动工具、清洁设备、电器配件、电机、电子元器件、汽油机及模具的制造、加工、测试。自营和代理各类货物和技术的进出口,无进口商品分销业务。(不涉及国营贸易管理商品,涉及配额、许可证管理商品的,按国家有关规定办理申请。)(不涉及外商投资准入特别管理措施范围。)(依法须经批准的项目，经相关部门批准后方可开展经营活动。)",叶晓波,宁波市,公司是国内园林机械行业领先企业，割草机龙头企业，是中国电器工业协会电动工具分会副理事长单位，是浙江省安监局认可的安全生产标准化二级企业(机械)，是中国内燃机工业协会公布的中国内燃机及零部件行业排头兵企业，获得过国际环保署颁发的低碳制造计划铂金奖证书。自2009年起被评为高新技术企业，拥有浙江省企业技术中心、省级工业设计中心，公司实验室为德国TUV南德集团授权认可的目击电气测试实验室。公司的“自走式高效环保园林汽油割草机”和“低排放低噪音轻型化二冲程汽油割灌机”被列入国家火炬计划产业化示范项目，割草机产品是中国林业机械协会“向社会推荐产品”。以自主研发实力和产品质量为基础，公司还致力于推动行业规范健康发展，负责制定或参加起草国家和行业标准8项，是中国林业机械标准化技术委员会委员单位。公司已经成为国际园林机械行业中具有较高知名度的ODM生产商，在生产技术、产品品质、制造规模等方面具有较高的市场地位，产品销往德国、法国、波兰、荷兰、俄罗斯、英国、加拿大、澳大利亚等全球50多个国家和地区，积累了一批优质客户资源，主要客户包括安达屋集团、牧田、富世华集团、翠丰集团、HECHT、百力通等。,zjb01@dayepower.com,"主要从事割草机,打草机/割灌机,其他动力机械及配件的研发设计,生产制造和销售.",叶晓波,浙江,16000.0,吴军,20060217,www.dayepower.com,大叶股份,0,SZSE,SZSE,工业制品,31070,-,工具和配件,31070050,3536212000,-16.73,-21.45,¥21.44,工业,310,0.0,500,12600,0.0,10000.0,500,0.0,0.0,1.0,69.99,27.74,36.43,-41.15,2020-12-31T05:00:00Z,{1_trade_buy},{trade_buy},2020Q4_1748189
300867,2020Q4_1748181,福建省泉州市丰泽区宝洲路宝洲污水处理厂,一般项目：固体废物治理；水污染治理；技术推广服务；污水处理及再生利用；环境保护专用设备销售；环境监测专用仪器仪表销售；专用化学产品销售(不含危险化学产品)；化工产品销售(不含许可类化工产品)；金属材料销售；电线、电缆经营；五金产品零售、批发；机械零件、零部件销售；电气机械设备销售；发电机及发电机组销售；烘炉、熔炉及电炉销售；阀门和旋塞销售；润滑油销售；保温材料销售；配电开关控制设备销售；风机、风扇销售；泵及真空设备销售；特种劳动保护用品销售(除依法须经批准的项目外，凭营业执照依法自主开展经营活动)许可项目：发电、输电、供电业务；城市生活垃圾经营性服务；成品油零售(不含化学危险品)(依法须经批准的项目，经相关部门批准后方可开展经营活动，具体经营项目以相关部门批准文件或许可证件为准),朱煜煊,厦门市,公司创立之初主要从事贸易业务，自2004年，公司开始涉入环保行业，主营业务变更为生活污水处理业务，2006年，公司涉入生活垃圾焚烧发电领域，并逐渐形成生活垃圾焚烧发电和生活污水处理的城镇固液废专业化处理经营格局。公司生活垃圾焚烧发电项目采用了国际通用、成熟先进的机械炉排炉技术，在烟气处理环节采用了SNCR脱硝+半干式反应塔+活性炭喷射器+袋式除尘器组合的处理技术，有效保证生活垃圾得到充分燃烧和污染物的处理。莆田圣元垃圾焚烧发电厂于2018年被中国环保产业协会评为“国家重点环境保护实用技术及示范工程”。,chinasyep@126.com,"公司主营业务为经营城镇固液废专业化处理,主要包括生活垃圾焚烧发电和生活污水处理等,公司主要通过取得特许经营权的方式负责生活垃圾焚烧发电厂和生活污水处理厂的投资建设,运营管理及维护.",朱恒冰,福建,27174.11,陈文钰,19971009,www.chinasyep.com,圣元环保,0,SZSE,SZSE,垃圾处理,31090,-,垃圾处理,31090010,8309235000,6.63,-7.3,¥30.20,工业,310,0.0,1500,47900,0.0,10000.0,1500,0.0,0.0,1.0,71.5,31.73,39.96,-24.42,2020-12-31T05:00:00Z,{1_trade_buy},{trade_buy},2020Q4_1748181
300893,2020Q4_1748199,浙江省宁波市余姚市牟山镇运河沿路1号,一般项目：汽车零部件研发；汽车零部件及配件制造；汽车零配件批发；汽车零配件零售(除依法须经批准的项目外，凭营业执照依法自主开展经营活动)。许可项目：进出口代理；货物进出口；技术进出口(依法须经批准的项目，经相关部门批准后方可开展经营活动，具体经营项目以审批结果为准)。,胡铲明,宁波市,公司是国内领先的汽车被动安全系统一级供应商之一，专业从事汽车安全带总成及零部件等汽车被动安全系统产品及特殊座椅安全装置的研发、设计、生产、销售及服务。公司同时为国内外主流汽车整车厂及座椅厂提供汽车被动安全系统解决方案及特殊座椅安全装置。公司汽车安全带总成具有紧急锁止、单边和双边预张紧、单边和双边限力、噪音抑制、儿童锁、防反锁等多重先进功能，广泛应用于紧凑型车、中型车、运动型多用途汽车(SUV)、多用途汽车(MPV)、客车、卡车等众多主流车型；特殊座椅安全装置是应用于不同特殊场景的座椅安全装置。由于特殊座椅应用场景的特殊性，通常对安全装置有个性化的设计和制造要求，如车载轮椅、儿童座椅、农用机械座椅等。公司致力于国内汽车被动安全系统自主品牌的发展，坚持“舒适、安全、可靠、环保”的经营理念，为交通出行提供满足安全创想的汽车被动安全系统解决方案。,IR@songyuansafety.com,"专业从事汽车安全带总成及零部件等汽车被动安全系统产品及特殊座椅安全装置的研发,设计,生产,销售及服务.主要产品可分为简易式安全带,普通紧急锁止式安全带,紧急锁止限力式安全带,单边预张紧限力式安全带和双边预张紧限力式安全带.",胡凯纳,浙江,15000.0,方栩威,20010706,www.songyuansafety.com,松原股份,0,SZSE,SZSE,汽车和配件,10200,-,汽车配件,10200030,3232887000,-1.4,-15.07,¥21.87,周期性消费,102,0.0,450,9700,0.0,10000.0,450,0.0,0.0,1.5,44.8,22.7,31.76,-31.14,2020-12-31T05:00:00Z,{1_trade_buy},{trade_buy},2020Q4_1748199
300873,2020Q4_1748187,,,,,,,,,,,,,,海晨股份,0,SZSE,SZSE,交通运输,31080,-,装卸搬运和其他运输代理,31080060,5594296000,5.63,-0.19,¥41.52,工业,310,0.0,500,20000,0.0,10000.0,500,0.0,0.0,1.0,79.85,40.15,51.37,-19.17,2020-12-31T05:00:00Z,{1_trade_buy},{trade_buy},2020Q4_1748187
300896,2020Q4_1748201,北京市朝阳区建国路甲92号世茂大厦C座21层,药品、生物制品、医疗器械、化妆品的技术开发、转让；新型药用辅料的开发、生产；生产化妆品；货物进出口、技术进出口、代理进出口；企业管理咨询(不含中介服务)；销售(含网上销售)医疗器械、化妆品；批发、零售(含网上销售)食品；批发(含网上销售)药品。生产医疗器械III类：III-6846-1植入器材。(该公司2018年10月17日前为内资企业，于2018年10月17日变更为外商投资企业；批发、零售(含网上销售)食品、批发(含网上销售)药品以及依法须经批准的项目，经相关部门批准后依批准的内容开展经营活动)(经营场所：北京市平谷区中关村科技园区平谷园马坊工业园区马坊镇金平西路20号院)。,简军,北京市,公司是国内生物医用软组织修复材料领域的创新型领先企业。公司立足于生物医用材料的研发和转化，致力于重组蛋白和多肽等生物医药的开发，已成功实现注射类透明质酸钠系列产品及聚对二氧环己酮面部埋植线的产业化，并建立了医用几丁糖、聚乳酸等生物医用材料的产品技术转化平台，产品临床应用涵盖医疗美容、外科修复以及代谢疾病治疗等领域。公司是首家取得国家药监局批准用于面部软组织修复的注射用透明质酸钠医疗器械产品注册证书的国内企业。截至报告期末，公司已拥有五款获国家药监局批准的III类注射用透明质酸钠系列产品，为获得国家药监局批准的同类产品最多的企业。公司五款产品在配方组份、注射部位、注射体验等方面有所不同，能够满足多个细分市场的消费需求。此外，公司已于2019年5月取得聚对二氧环己酮面部埋植线的III类医疗器械注册证书，为首款取得国家药监局批准的面部埋植线产品。公司重视研发投入和产品开发，是国家级高新技术企业，建有生物可降解新材料北京市工程实验室。公司作为牵头单位参与了国家科学技术部“十三五”规划国家重点研发计划“新型颌面软硬组织修复材料研发”项目。截至报告期末，公司拥有32项专利，其中发明专利18项。,ir@imeik.com,"公司立足于生物医用材料的研发和转化,致力于重组蛋白和多肽等生物医药的开发,公司自主研发的产品主要针对面部,颈部褶皱皮肤的修复.",石毅峰,北京,21636.0,简勇,20040609,www.imeik.net,爱美客,0,SZSE,SZSE,医疗器械,20650,-,医疗器械和供给,20650020,172349410000,57.0,121.06,¥773.15,医疗保健,206,0.0,900,285400,0.0,10000.0,900,0.0,0.0,1.8,363.9,183.33,295.83,161.35,2020-12-31T05:00:00Z,{1_trade_buy},{trade_buy},2020Q4_1748201
300876,2020Q4_1748188,广东省揭阳市揭东区揭东城西片工业区,生产、销售：超细旦纤维丝、高强纤维丝、各种化纤丝、化纤材料及其制品；货物进出口、技术进出口。(以上各项，法律、行政法规和国务院决定禁止的不得经营；法律、行政法规和国务院决定限制的须取得许可方可经营)。(依法须经批准的项目，经相关部门批准后方可开展经营活动)。,郭清海,揭阳市,公司专业从事聚丙烯纤维的研发、生产和销售，聚丙烯纤维商品名为丙纶。公司主要产品为丙纶长丝。凭借公司管理团队在聚丙烯纤维行业二十多年丰富的技术、生产经验和客户资源积累，公司产品应用已广泛覆盖了工业领域和民用领域。目前，公司产品在工业领域应用范围主要为工业滤布、工程土工布等，在民用领域应用范围主要为箱包织带、水管布套、门窗毛条、服装等。公司为高新技术企业，高度重视研发投入，研发了多种差别化丙纶长丝，获得了多项荣誉，具体如下：2018年“蒙泰丝”品牌细旦抑菌聚丙烯纤维入围“中国纤维流行趋势2018/2019”；2017年国家功能性聚丙烯纤维研发生产基地、2017年度中国纺织工业联合会产品开发贡献奖、广东省聚丙烯纤维新材料工程技术研究中心。,zqb@gdmtxw.com,"公司专业从事聚丙烯纤维的研发,生产和销售,聚丙烯纤维商品名为丙纶.公司主要产品为丙纶长丝.",郭清海,广东,9600.0,朱少芬,20130906,www.gdguangdong.com,蒙泰高新,0,SZSE,SZSE,服饰加工,10240,-,纺织加工,10240010,3491436000,9.3,-4.57,¥37.96,周期性消费,102,0.0,400,12800,0.0,10000.0,400,0.0,0.0,1.0,89.92,37.07,49.83,-23.82,2020-12-31T05:00:00Z,{1_trade_buy},{trade_buy},2020Q4_1748188
300922,2020Q4_1748210,河北省秦皇岛市海港区经济技术开发区雪山路5号,机电设备、电子专用设备生产与技术开发、打印机、海水淡化设备、水处理及环保专用设备、金属及非金属材料、复合材料的技术开发、技术咨询、技术服务、技术转让与生产；塑料制品、金属制品、复合材料制品及包装制品、计算机辅助设备的技术开发与生产、销售；打印机用墨水、墨粉、墨盒、硒鼓、打印丝的生产；模具设计、制造及维修、机械零配件的生产；水处理工程设计及施工；计算机外围设备、办公用机械、其他化工产品、五金产品、建材的销售；货物及技术进出口；帐篷及附属设备、睡袋、充气垫、饮水囊、软体储水罐、携行具、野营装备、伪装网、防护伪装器材、体育用品及器材、救生衣、救生圈、家具、货架、安防用具、取暖炉、机械零部件、箱包、冲锋舟配件、油桶、滑油注入器、无人机配件、金属箱的加工、设计、销售；金属丝绳及其制品、绳、索、缆制造、销售；计算机及软件、计算机辅助设备、电子产品、通讯终端设备、其他机械设备、发电机及发电机组、装卸搬运设备、通风除湿设备的销售；安全技术防范系统的设计、安装、维修；消防工程**(依法须经批准的项目，经相关部门批准后方可开展经营活动),宋金锁,秦皇岛市,公司立足防护装置的研发制造，始终坚持自主创新和高端制造的发展战略，积极响应国家“中国制造2025”、“军民融合”等战略规划，公司主要从事以高分子复合材料的新型加工和应用技术为核心的军用防护装置及装备零部件的研发、生产和销售，系军品防护领域的核心供应商，发行人所属行业为国家重点扶持的战略新兴产业。报告期内，公司主要收入来源于军品，主要产品及服务包括专用防护装置、装备零部件、技术服务及其他等，其中专用防护装置是公司最主要的产品。公司产品不仅广泛服务于陆、海、空及火箭军等多军种军工装备领域，也可应用于民用防护领域，属军民两用产品。公司为国家高新技术企业，且已获得军方及行业主管部门对从事军工配套业务相关的许可和认证。2015年，凭借对多项大口径弹药防护装置的技术攻关，公司被河北省国防科学技术协会、河北省兵工协会评为“兵工行业先进单位”；2016年，凭借公司研发团队多年的科研成果及公司整体在国防科技工业协作配套工作中的贡献，获得河北省总工会授予的“河北省五一劳动奖章”。,qhdtqgs@163.com,"主要从事高性能工程塑料及其制品,树脂基复合材料及其制品的设计,开发,生产与销售;主要产品包括专用防护装置和装备零部件.",张澎,河北,11200.8,王素荣,19960321,www.tianqin.net.cn,天秦装备,0,SZSE,SZSE,化工,10130,-,特种化学制品,10130020,3675734000,-8.29,-14.94,¥34.70,基础材料,101,0.0,300,9100,0.0,10000.0,300,0.0,0.0,1.0,40.32,35.8,38.07,-8.85,2020-12-31T05:00:00Z,{1_trade_buy},{trade_buy},2020Q4_1748210
300902,2020Q4_1748203,福建省厦门市集美区灌口镇后山头路39号,研发、制造、销售：安全应急产品、消防器材、汽车安全制品(以上项目凭资质证书生产经营)、化工产品(不含须经前置许可的项目)；消防工程的设计与施工；经营各类商品和技术的进出口(不另附进出口商品目录)，但国家限定公司经营或禁止进出口的商品及技术除外；消防技术服务、商务信息咨询；企业管理策划、企业营销策划；物业管理。,洪伟艺,厦门市,公司是国内交通运输、电力电网行业自动灭火系统的主要供应商之一，长期专注于火灾早期探测预警、自动灭火技术的研究与应用开发，形成了具有自主知识产权的火灾早期预警与自动灭火技术，已掌握以“超细干粉”、“混合气体”、“水基型灭火剂”为介质及“压缩空气泡沫”等多项核心灭火技术，形成了丰富的技术储备。公司目前主要为客车发动机舱、新能源汽车锂电池箱、客车乘客舱、变电站电缆、新能源发电站、城市电力电缆及通道、城市地下综合管廊等场景提供专业性强、品质优良的安全应急产品，产品能够满足不同领域的消防防护需求。通过创新、前瞻地开展先进技术的研发和布局，公司将研发成果不断转换为市场可应用的产品。目前，公司正在拓展特高压换流站、室内外大型变压器、新能源储能站、石化园区等领域的智慧消防整体解决方案。公司经过多年创新积累，高效自动灭火技术已逐步推广至多个下游需求领域，形成了较为明显的技术与产品领先优势，已成为火灾智能化早期预警和自动灭火的领先企业。,touzibu@gad5119.com,"安全应急产品,消防器材,汽车安全制品的研发,制造以及销售.主要产品:超细干粉自动灭火装置,电池箱专用自动灭火装置,乘客舱固定灭火系统等安全应急产品.",洪伟艺,福建,12798.0,连剑生,20080110,www.gad5119.com,国安达,0,SZSE,SZSE,商业服务,31020,-,安保服务,31020040,2865437000,-18.55,-31.07,¥22.21,工业,310,0.0,600,13400,0.0,10000.0,600,0.0,0.0,1.0,61.8,32.89,46.34,-52.07,2020-12-31T05:00:00Z,{1_trade_buy},{trade_buy},2020Q4_1748203
300910,2020Q4_1748205,河南省新乡市新乡县大召营镇(新获路北),信息记录材料、油品添加剂材料、聚烯烃抗氧剂、重烷基苯磺酸(不含易燃易爆有毒及化学危险品)生产、销售；对外贸易经营。(依法须经批准的项目，经相关部门批准后方可开展经营活动),郭春萱,新乡市,公司在精细化工新材料领域深耕发展，凭借技术优势和产品优势，已发展成为国内领先的润滑油添加剂供应商和全球主要的无碳纸显色剂供应商。公司主要从事油品添加剂、无碳纸显色剂等精细化工系列产品的研发、生产和销售。公司拥有比较完善的生产设备和生产技术工艺，凭借技术优势和产品优势，已发展成为国内领先的润滑油添加剂供应商和全球主要的无碳纸显色剂供应商。公司产品为精细化工品，按用途可以分为润滑油添加剂、无碳纸显色剂两大类。其中润滑油添加剂又分为单剂和复合剂。单剂产品通常对于润滑油的性能改善只具有单一的功效，单剂产品主要有清净剂、分散剂、抗氧抗腐剂、高温抗氧剂等；复合剂通常具有复合效应，主要为多种上述单剂产品与不同类型的基础油混合加工而成。公司整体技术水平国内领先，目前拥有多项国内外发明专利。公司掌握多项业界领先的核心技术，目前已获得授权国内发明专利9项、国外发明专利3项、实用新型专利3项，并有多项国内外发明专利正在申请中。,zqb@sinoruifeng.com,"公司主要从事油品添加剂,无碳纸显色剂等精细化工系列产品的研发,生产和销售.公司产品为精细化工品,按用途可以分为润滑油添加剂,无碳纸显色剂两大类.",郭春萱,河南,15000.0,尚庆春,19961111,www.sinoruifeng.com,瑞丰新材,0,SZSE,SZSE,化工,10130,-,化学制品,10130010,12110288000,8.73,28.8,¥81.82,基础材料,101,0.0,500,22700,0.0,10000.0,500,0.0,0.0,1.0,107.56,62.0,78.75,3.9,2020-12-31T05:00:00Z,{1_trade_buy},{trade_buy},2020Q4_1748205
300881,2020Q4_1748190,江苏省常州市钟楼区邹区镇工业大道工业路48-1号,无缝钢管、不锈钢管、镍基合金制造及销售；自营和代理各类商品及技术的进出口业务(国家限定企业经营或禁止进出口的商品和技术除外)。(依法须经批准的项目，经相关部门批准后方可开展经营活动),周文庆,常州市,公司主要从事各类工业用能源设备类无缝钢管的生产、研发和销售，产品主要应用于电站锅炉设备制造、石油炼化等行业，客户包括上海锅炉厂、哈尔滨锅炉厂、东方锅炉等国内大型电站锅炉制造企业以及中石化、中海油等大型石油炼化企业。公司生产的无缝钢管按照材质分类，主要包括合金钢钢管、不锈钢钢管和碳钢钢管；产品外径覆盖16mm-159mm、长度覆盖6m-18m的各种型号。公司产品主要用于电站锅炉设备领域与石油炼化领域。公司2009年起连续被评为高新技术企业，目前在小口径电站锅炉用合金钢领域拥有很强的行业竞争力。根据中国钢结构协会钢管分会的数据，公司生产的小口径高压锅炉用无缝钢管产量2014年、2015年和2016年连续3年在国内同行业中排名第一。,webmaster@shengdechina.com,"公司主营业务包括研发,生产并销售合金钢,不锈钢和碳素钢无缝钢管以及钢格板类产品.公司生产的无缝钢管按照材质分类,主要包括合金钢钢管,不锈钢钢管和碳钢钢管.",缪一新,江苏,10000.0,周阳益,20011015,www.shengdechina.com,盛德鑫泰,0,SZSE,SZSE,钢铁和焦煤,10160,-,钢铁,10160020,3073659000,-14.54,-9.82,¥30.40,基础材料,101,0.0,300,9400,0.0,10000.0,300,0.0,0.0,1.0,77.99,31.75,42.11,-27.81,2020-12-31T05:00:00Z,{1_trade_buy},{trade_buy},2020Q4_1748190
300926,2020Q4_1748212,江苏省苏州市昆山开发区龙江路88号,汽车用精密模具及高精密零部件等相关产品的研发、生产、销售；模具制造；冲压零部件、金属材料、五金交电、电子产品、塑料制品的销售；激光拼焊汽车转向支架、落料件、汽车天窗用包塑件、汽车门锁用包塑件的生产、销售，并提供售后技术支持和服务；道路普通货物运输(按许可证核定内容经营)；从事货物及技术的进出口业务。(前述经营项目中法律、行政法规规定前置许可经营、限制经营、禁止经营的除外)(依法须经批准的项目，经相关部门批准后方可开展经营活动),伍亚林,苏州市,公司是汽车精密零部件和精密模具的专业制造企业，主要从事汽车精密零部件和精密模具的研发、设计、生产和销售。公司注重技术研发与创新，掌握了模具设计与制造、冲压、激光焊接、注塑及装配等关键生产工艺和环节的技术。公司具有较强的精密模具开发、制造与销售能力，零部件产品种类丰富，覆盖了框架类、传动类、其他类等。公司是国家高新技术企业，通过了IATF16949:2016质量管理体系认证(认证范围：金属冲压件、金属焊接件和注塑件的制造，除8.3产品设计)、GB/T24001-2016/IOS14001:2015环境管理体系认证(认证范围：汽车零件的冲压、焊接、注塑生产)以及邓白氏注册认证。公司是“江苏省认定企业技术中心”、“江苏省民营科技企业”、“昆山市科技研发机构”和“苏州市博俊高精密汽车冲压模具工程技术研究中心”、“江苏省企业研究生工作站”。公司拥有严格的质量控制体系、完整的研发设计体系，致力于为客户提供高性能、专业化的精密零部件和精密模具。经过多年的发展和积累，公司在精密零部件和精密模具行业形成了一定的竞争优势。,ir@sh-bojun.com,"主要从事汽车精密零部件和精密模具的研发,设计,生产和销售.主要产品冲压零部件,模具盈利能力均较强.",伍亚林,江苏,14213.34,李晶,20110329,www.sh-bojun.com,博俊科技,0,SZSE,SZSE,汽车和配件,10200,-,汽车配件,10200030,2987783000,-8.6,0.0,¥21.33,周期性消费,102,0.0,3600,38600,0.0,10000.0,3600,0.0,0.0,1.0,0.0,0.0,0.0,0.0,2020-12-31T05:00:00Z,{1_trade_buy},{trade_buy},2020Q4_1748212
300882,2020Q4_1748191,浙江省台州市天台县福溪街道兴业东三街15号,智能化管理系统开发应用，智能化安装工程服务，架线和管道工程建筑施工，信息技术咨询服务，电子式智能电能表、用电信息采集产品，低压电力成套设备、电力监测及控制设备、配网自动化设备、智能水表、热量表、燃气仪表及设备、暖通仪表及设备、流量仪表、水电气热计量自动化管理终端、云平台的水、电、气、热能源收费服务系统、社会公共安全设备及器材、逆变器、智能电容器及无功补偿装置、电能计量箱、配电箱、计算机、通信和电子设备、充电设备、充电装置检测设备、智能断路器、智能开关、建筑安全用金属制品、智能插头、插座及产品组件的研发、制造、销售，物联网服务、信息系统集成、电力电气工程的安装施工和运维，货物和技术进出口。(依法须经批准的项目，经相关部门批准后方可开展经营活动),邬永强,台州市,公司是国家高新技术企业，主要从事智能电表、用电信息采集系统等产品的研发、生产和销售，致力于为国内外电力等行业客户提供专业化的计量产品，是国内电能仪表计量领域的领先企业之一，并积极进行智能水表、多表合一类产品的研发及应用。公司目前产品主要为包括单相智能表、三相智能表在内的智能电表以及包括集中器、采集器、专变采集终端等在内的用电信息采集系统产品，广泛应用于智能电网建设中的智能用电环节。智能电表是智能电网终端的重要组成部分，除具备传统电能表基本用电量的计量功能外，智能电表还具有多费率计量、用户端控制、预付费、防窃电、负荷记录、多种双向通讯方式等多项功能，实现智能电网和用户之间的双向沟通，并积极助力于国家智能电网实现“全覆盖、全采集、全费控”目标。2018年，公司在国家电网智能电表类产品的中标量总排名进入前五，其中，单相智能表中标量排名第四位。公司自2016年起，持续入围南方电网智能电表招标。发行人经过长期发展，凭借优秀的产品质量、先进的技术实力、良好的服务能力，成为国内智能电表和用电信息采集系统的重要供应商之一，并积极拓展国际市场。,irm@wellsun.com,"产品主要为包括单相智能表,三相智能表在内的智能电表以及包括集中器,采集器,专变采集终端等在内的用电信息采集系统产品,主要从事智能电表,用电信息采集系统等产品的研发,生产和销售.",邬永强,浙江,20442.94,陈东滨,19970721,www.wellsun.com,万胜智能,0,SZSE,SZSE,硬件,31120,-,科技仪器,31120060,3123761000,-9.54,-25.46,¥15.17,科技,311,0.0,520,11300,0.0,10000.0,520,0.0,0.0,1.3,0.0,0.0,0.0,0.0,2020-12-31T05:00:00Z,{1_trade_buy},{trade_buy},2020Q4_1748191
300919,2020Q4_1748209,贵州省铜仁市玉屏侗族自治县大龙经济开发区2号干道与1号干道交汇处,法律、法规、国务院决定规定禁止的不得经营；法律、法规、国务院决定规定应当许可(审批)的，经审批机关批准后凭许可(审批)文件经营;法律、法规、国务院决定规定无需许可(审批)的，市场主体自主选择经营。(新材料、电池及新能源的研发、生产、加工与销售，从事货物及技术的进出口业务。),邓伟明,铜仁市,公司主要从事锂电池正极材料前驱体的研发、生产、加工及销售，主要产品包括三元前驱体、四氧化三钴，分别用于生产三元正极材料、钴酸锂正极材料。三元正极材料、钴酸锂正极材料进一步加工制造成锂电池，最终应用于新能源汽车、储能及消费电子等领域。公司所属产业为战略性新兴产业。为进一步增强锂电池正极材料前驱体主要原材料的保障能力，公司向产业链上游延伸，已形成了镍、钴中间品湿法加工硫酸镍、硫酸钴以及锂离子电池循环回收产能，与前驱体产业形成了良好的产业链协同优势。公司凭借优异的技术研发实力、严苛的品质管控要求、快速的产业化能力，前驱体产销量稳居全球前三，与LG化学、厦门钨业、当升科技、振华新材、天津巴莫、北大先行等国内外一流正极材料客户建立了稳定合作关系。,cngrir@cngrgf.com.cn,"主要从事锂电池正极材料前驱体的研发,生产,加工及销售,主要产品包括三元前驱体,四氧化三钴,分别用于生产三元正极材料,钴酸锂正极材料.",邓伟明,贵州,56965.0,廖恒星,20140915,www.cngrgf.com.cn,中伟股份,0,SZSE,SZSE,化工,10130,-,特种化学制品,10130020,81834653000,77.03,79.43,¥152.00,基础材料,101,0.0,600,37500,0.0,10000.0,600,0.0,0.0,1.0,86.12,73.25,80.15,89.64,2020-12-31T05:00:00Z,{1_trade_buy},{trade_buy},2020Q4_1748209
300900,2020Q4_1748202,黑龙江省哈尔滨市哈南工业新城核心区哈南三路3号,飞机部段、飞机零部件、飞机内饰、飞机机载设备和地随设备、燃气轮机零部件、卫星零部件、工业机器人、机械电气设备、自动化装备、自动化系统和自动化生产线的开发、生产、销售、维修及相关技术服务；工艺装备、模具、夹具和复合材料制品的开发、生产、销售、维修及相关技术服务；机械零部件的开发、生产、销售、维修及相关技术服务；机械加工、钣金、金属表面处理及热处理加工；飞机、飞机发动机、航天器、航天器零部件及相关设备的设计、制造、维修、加装、改装、销售及相关技术服务（取得相关许可或资质后方可经营）；船舶、船用配套设备、航标器材的设计、制造、维修、改装、销售及相关技术服务（以上涉及国家禁止产能过剩的项目除外）；自有房屋租赁；计算机软件开发及相关技术服务；技术咨询、技术开发、技术服务、技术推广及技术转让；货物进出口、技术进出口。民用航空器制造及维修。,王增夺,哈尔滨市,公司是专业从事航空工业相关产品设计、研发、制造的国家级高新技术企业。公司以具有突出优势的航空工装业务为基础，积极开拓了航空零部件和部段、无人机等业务，产品覆盖军用和民用航空工业各领域，成为专业化程度高、技术积累丰富、广受认可的航空工业相关产品供应商。公司的客户主要为中航工业、中国商飞等国内航空工业核心制造商旗下的各飞机主机制造厂商，航天科工、中国兵装等军工央企集团下属科研院所及科研生产单位，军队研究所等军方单位。目前，公司已获得开展业务所需的航空、军工相关资质，包括AS9100航空航天质量管理体系认证、ISO9001:2015质量管理体系认证以及GJB9001C-2017国军标质量管理体系认证证书、武器装备科研生产单位三级保密资格证书、装备承制单位注册证书等。,ir@glavi.cn,"专业从事航空工业相关产品设计,研发,制造",杨怀忠,黑龙江,21024.0,吴铁华,20110225,www.guanglianhangkong.com/www.glavi.cn,广联航空,0,SZSE,SZSE,航空航天和国防,31010,-,航空航天和国防,31010010,6571090000,-10.37,-29.54,¥32.60,工业,310,0.0,900,29100,0.0,10000.0,900,0.0,0.0,1.0,72.29,42.99,57.32,-43.13,2020-12-31T05:00:00Z,{1_trade_buy},{trade_buy},2020Q4_1748202
003030,2020Q4_1748176,浙江省杭州市滨江区江陵路77号,生产：豆制品(非发酵性豆制品、其他豆制品)，饮料(蛋白饮料类)，蛋制品(其他类)，果冻，淀粉及淀粉制品(淀粉制品)，罐头(其他罐头)；批发、零售(含网上销售)：食品，初级食用农产品(除药品)；服务：豆制品、豆制品设备的技术开发、技术咨询、成果转让，豆制品检测；收购本企业生产所需的原辅材料(限直接向第一产业的原始生产者收购)；货物进出口(法律、行政法规禁止经营的项目除外，法律、行政法规限制经营的项目取得许可后方可经营)；其他无需报经审批的一切合法项目。(依法须经批准的项目，经相关部门批准后方可开展经营活动),蔡祖明,杭州市,公司从创建至今，一直秉持“做健康食品，关注人类健康”的理念，凭借优质的产品和完善的服务，产品深耕江浙沪地区并且覆盖国内绝大多数省、自治区和直辖市，客户涵盖大润发、欧尚、永辉、世纪联华、华润万家、物美、三江超市、家乐福等大中型超市，海底捞、外婆家、老娘舅、杨国福等知名餐饮机构，盒马鲜生、叮咚买菜、每日优鲜等生鲜专营新零售平台，赢得了消费者和市场的高度认可。公司是江浙沪地区的豆制品领导品牌之一，是CAC国际标准以及国家标准、多个行业标准起草单位之一。近年来，公司先后获得下列主要荣誉或称号：“中国驰名商标”“浙江省著名商标”“中国绿色食品博览会金奖”“中国豆制品质量安全示范单位”“浙江省名牌产品”“浙江省知名商号”“浙江农博十大企业知名品牌农产品”“G20杭州峰会食材总仓供应企业”公司产品先后获得下列主要荣誉或称号：“第十四届、第十六届中国国际农产品交易会参展农产品金奖”“中国豆制品行业科技进步奖一等奖”“长江三角洲地区名优食品”。,zumingzqb@chinazuming.cn,"主营业务为豆制品的研发,生产和销售,主要产品为生鲜豆制品,植物蛋白饮品,休闲豆制品等",蔡祖明,浙江,12478.0,高锋,20000218,www.chinazuming.cn,祖名股份,0,SZSE,SZSE,农副加工食品,20525,-,加工食品,20525040,3430347000,-19.94,0.0,¥27.66,非周期性消费,205,0.0,500,7300,0.0,10000.0,500,0.0,0.0,1.0,0.0,0.0,0.0,0.0,2020-12-31T05:00:00Z,{1_trade_buy},{trade_buy},2020Q4_1748176
300925,2020Q4_1748211,广东省深圳市南山区西丽街道松坪山社区高新北六道15号昱大顺科技园B座1层-6层,一般经营项目：计算机软硬件、程序编制；互联网软件的技术开发、技术咨询、技术服务、技术转让；硬件嵌入式软件及系统周边的技术研发与系统集成、技术咨询；技术服务进出口；数据处理服务、企业管理服务；翻译咨询、翻译服务。许可经营项目：增值电信业务。,严华,深圳市,公司是一家致力于为客户提供专业的信息技术外包(ITO)服务的提供商。公司基于对信息技术的研究与开发，结合客户的业务场景，为客户在信息化和数字化进程中的不同需求提供软件技术外包服务。公司自设立以来，主营业务未发生重大变化。经过多年的研发技术积累、行业经验沉淀、组织管理优化和业务市场开拓，结合强有力的客户管理能力，公司已经与金融、互联网、软件、通信、房地产、航空物流、制造业、批发零售等多个行业的客户形成长期而稳定的合作关系。,zqtz@farben.com.cn,"公司基于对信息技术的研究与开发,结合客户的业务场景,为客户在信息化和数字化进程中的不同需求提供软件技术外包服务.",严华,广东,22009.92,黄照程,20061108,www.farben.com.cn,法本信息,0,SZSE,SZSE,软件,31110,-,软件和信息技术服务,31110010,5436166000,16.57,-7.54,¥24.36,科技,311,0.0,5950,162700,0.0,10000.0,5950,0.0,0.0,1.7,31.18,27.71,29.44,-17.26,2020-12-31T05:00:00Z,{1_trade_buy},{trade_buy},2020Q4_1748211
605179,2020Q4_1748225,浙江省温州市平阳县一鸣工业园,一般项目：家用电器销售；日用品销售；厨具卫具及日用杂品批发；玩具销售；塑料制品销售；印刷专用设备制造；塑料加工专用设备制造(除依法须经批准的项目外，凭营业执照依法自主开展经营活动)。许可项目：食品生产；食品经营；食品互联网销售；餐饮服务；包装装潢印刷品印刷；特定印刷品印刷(依法须经批准的项目，经相关部门批准后方可开展经营活动，具体经营项目以审批结果为准)。,朱立科,温州市,公司主要从事新鲜乳品与烘焙食品的研发、生产、销售及连锁经营业务。其中，乳品主要包括低温巴氏杀菌乳、风味发酵乳、低温调制乳及蛋奶、热奶等特色乳饮品，烘焙食品包括各式短保质期的面包、米制品、中式糕点等。公司产品以“新鲜、健康、营养”为定位，乳品保质期通常在15天以内、烘焙食品保质期通常在3天以内，公司产品主要通过“一鸣真鲜奶吧”专业食品连锁门店进行销售。公司以“新鲜健康的食品、真诚永远的服务”为品牌理念，始终专注于各式新鲜乳品与烘焙食品的研发、制造与销售，以及奶吧连锁经营模式的探索与升级。以“牛奶+面包”的“营养早餐”为起点，公司逐步增加各式鲜牛奶、风味酸奶、三明治等产品，如先后开发了满足营养需求的“真鲜蛋奶”、适于国人温热饮食习惯的“热奶”及可加热饮用的“温酸奶”等畅销创新产品。未来，公司将通过在特种菌株上的基础研发、微生物发酵技术上的工艺改良、饮食口味上的产品创新，持续推出新鲜、健康、营养并满足消费升级饮食需求的新产品。,82091418@qq.com;1009363539@qq.com;inmfood@yi-ming.cn,"主要从事新鲜乳品与烘焙食品的研发,生产,销售及连锁经营业务.其中,乳品主要包括低温巴氏杀菌乳,风味发酵乳,低温调制乳及蛋奶,热奶等特色乳饮品,烘焙食品包括各式短保质期的面包,米制品,中式糕点等.",朱立科,浙江,40100.0,林益雷,20050913,www.inm.cn,一鸣食品,0,SHSE,SHSE,农副加工食品,20525,-,加工食品,20525040,6941387000,-13.4,-0.85,¥17.17,非周期性消费,205,0.0,900,16600,0.0,10000.0,900,0.0,0.0,1.0,17.66,14.59,16.1,6.65,2020-12-31T05:00:00Z,{1_trade_buy},{trade_buy},2020Q4_1748225
300999,2020Q4_1748214,,,,,,,,,,,,,,金龙鱼,0,SZSE,SZSE,农副加工食品,20525,-,加工食品,20525040,447162200000,14.96,-23.3,¥80.55,非周期性消费,205,0.0,12100,1069500,0.0,10000.0,12100,0.0,0.0,1.0,108.32,44.47,68.22,18.07,2020-12-31T05:00:00Z,{1_trade_buy},{trade_buy},2020Q4_1748214
300927,2020Q4_1748213,江苏省南通市开发区崇川区中央路16号,"多聚甲醛,甲醛,氯甲烷的生产,销售;第3类易燃液体,第4类易燃固体,自燃物品和遇湿自燃物品;第6类毒害品;第8类腐蚀品批发(以上化学危险品凭有效许可证生产经营,不得超范围经营危险化学品,不得经营剧毒化学品,成品油,一类易制毒品和监控化学品.经营场所及末经批准的其他场所均不得存放危险化学品).乙二醇半缩醛的生产,销售;多聚甲醛,甲醛,氯化烷及其下游产品的开发,技术咨询,技术培训(非学历,非职业技能培训);化工产品(除危险品)销售;自营和代理各类商品和技术的进出口业务,但国家限定公司经营或禁止进出口的商品和技术除外.(依法须经批准的项目,经相关部门批准后方可开展经营活动)",朱辉,南通市,"公司是按现代企业管理制度建立起来的以生产有机化工原料、中间体和新型材料为主的国有有限责任公司。公司是江苏省高新技术企业。公司专注于以甲醇下游深加工为产业链的高端专用精细化学品的研发、生产和销售。公司主要产品包括颗粒多聚甲醛、高浓度甲醛、超高纯氯甲烷及1,3,5-三丙烯酰基六氢-均三嗪等，目前公司产品应用于合成树脂、胶黏剂、混凝土外加剂、农药除草剂、香精香料、染料、电子化学品以及纺织染整助剂、表面活性剂等多个领域。公司具备突出的技术实力和研发能力，公司多年来一直注重产品生产技术的革新与工艺的改进优化，拥有7项发明专利和27项实用新型专利；公司生产的颗粒多聚甲醛、高浓度甲醛及超高纯氯甲烷被认定为高新技术产品，产品各项技术指标及生产工艺均处于行业领先水平。公司高度重视安全生产和环境保护，不断提升生产的绿色、智能及节能化水平，先后获得“安全生产标准化二级企业”、“江苏省节水型企业”、南通市环境信用评级“绿色等级企业”等资质及称号。",security@ntjtc.cn;chenmei@ntjtc.cn;shibin@ntjtc.cn,"公司专注于以甲醇下游深加工为产业链的高端专用精细化学品的研发,生产和销售.公司主要产品包括颗粒多聚甲醛,高浓度甲醛,超高纯氯甲烷及1,3,5-三丙烯酰基六氢-均三嗪等.",朱辉,江苏,8020.0,史彬,19991104,www.ntjtc.com,江天化学,0,SZSE,SZSE,化工,10130,-,化学制品,10130010,2631278000,-0.39,0.0,¥32.11,基础材料,101,0.0,2200,29000,0.0,10000.0,2200,0.0,0.0,1.0,0.0,0.0,0.0,0.0,2020-12-31T05:00:00Z,{1_trade_buy},{trade_buy},2020Q4_1748213
300890,2020Q4_1748196,广东省深圳市龙华新区龙华街道清祥路1号宝能科技园9栋C座20楼J单元,改性石墨负极材料、锂离子电池负极材料的技术开发及销售，其它国内贸易(以上均不含法律、行政法规、国务院决定规定需前置审批和禁止的项目)；经营进出口业务(法律、行政法规、国务院决定禁止的项目除外，限制的项目须取得许可后方可经营)；新能源行业投资(具体投资项目另行申报)。,周鹏伟,深圳市,"公司是一家从事锂离子电池负极材料的研发、生产和销售的高新技术企业，是国内先进的锂电池负极材料供应商，主要产品分为天然石墨和人造石墨两大类，产品应用于包括动力(电动交通工具，如新能源汽车、电动自行车等)、3C消费电子和工业储能等锂离子电池领域。经过多年发展，公司建立了一支高素质的研发团队和专家顾问团队，主要成员来源于清华大学、中科院等高等院所，并成为清华大学、重庆大学等知名院校的研究生联合培养基地和产学研合作基地,公司“动力电池用新型高性能微膨石墨负极材料的研发项目”获得“深圳市科学技术奖——技术发明二等奖”；“动力电池长循环硅/碳复合负极材料的研发与产业化项目”被深圳市经信委列为2018年第一批战略性新兴产业和未来产业发展专项资金中的“创新链+产业链”融合专项扶持计划(直接资助类)；获批广东省科技型中小企业技术创新基金项目等多项荣誉。",public@xfhinc.com,"主要从事锂离子电池负极材料的研发,生产和销售的高新技术企业,是国内先进的锂电池负极材料供应商,主要产品分为天然石墨和人造石墨两大类,产品应用于包括动力(电动交通工具,如新能源汽车,电动自行车等),3C消费电子和工业储能等锂离子电池领域.",赵东辉,广东,10000.0,叶文国,20090612,www.xiangfenghua.com,翔丰华,0,SZSE,SZSE,化工,10130,-,特种化学制品,10130020,5684329000,36.22,7.33,¥58.75,基础材料,101,0.0,300,14000,0.0,10000.0,300,0.0,0.0,1.0,71.5,47.3,59.33,-0.98,2020-12-31T05:00:00Z,{1_trade_buy},{trade_buy},2020Q4_1748196
300891,2020Q4_1748197,广东省云浮市云安区六都镇,生产、销售：钛白粉(二氧化钛)及其相关化工产品(不含危险化学品)、硫酸；蒸汽发电(自用)；货物或技术进出口(国家禁止或涉及行政审批的货物和技术进出口除外)；国内贸易代理；进出口代理(以上项目不涉及外商投资准入特别管理措施)。(依法须经批准的项目，经相关部门批准后方可开展经营活动),何明川,云浮市,公司是一家集钛白粉研发、生产、销售为一体的国家高新技术企业。主要从事钛白粉产品的研发、生产和销售，主要产品为金红石型钛白粉、锐钛型钛白粉系列产品。公司坚持以“发展循环经济，创造绿色未来”为使命，采用清洁联产硫酸法工艺生产钛白粉。公司地处“中国硫都”广东省云浮市，依托当地硫铁矿储量丰富的区位资源优势配套生产硫酸，形成了完整的“硫-钛-铁-钙”循环经济产业链。公司先后被评为“硫酸法钛白粉清洁生产和循环经济产业链示范基地”、“广东省清洁生产企业”和“广东省‘硫-钛-铁-钙’产业工程技术研究中心”等，公司的“白玉莹”商标被认定为“广东省著名商标”。公司持续不断加大投入，围绕钛白粉开展新产品、新工艺及新装备的研发，在节能降耗、清洁生产、资源循环利用、技术改造、产品升级等方面均取得了较为显著的成果。公司生产的钛白粉产品已被广泛应用于塑料、涂料、油墨和橡胶等领域，其中，塑料级金红石型钛白粉产品的性能已达到国际同类产品标准，产品远销葡萄牙、俄罗斯、新加坡、韩国、越南、马来西亚等地。,dsh@gdtitanium.com,"主要从事钛白粉产品的研发,生产和销售,主要产品为金红石型钛白粉,锐钛型钛白粉系列产品.",何明川,广东,40000.0,殷健,20030928,www.gdtitanium.com,惠云钛业,0,SZSE,SZSE,化工,10130,-,特种化学制品,10130020,7589794000,5.98,4.97,¥18.70,基础材料,101,0.0,1100,18700,0.0,10000.0,1100,0.0,0.0,1.0,26.52,16.31,20.72,-9.75,2020-12-31T05:00:00Z,{1_trade_buy},{trade_buy},2020Q4_1748197
605155,2020Q4_1748224,浙江省绍兴市柯桥区兰亭镇阮港村,一般项目：玻璃纤维增强塑料制品制造；合成材料制造(不含危险化学品)；新型建筑材料制造(不含危险化学品)；增材制造；针织或钩针编织物及其制品；面料纺织加工；家用纺织制成品制造；家居用品制造；建筑用金属配件制造；玻璃纤维增强塑料制品销售；高性能纤维及复合材料销售；竹制品销售；软木制品制造；建筑装饰材料销售；建筑用金属配件销售；家居用品销售；家具制造；家具销售；纸制品销售；平面设计；劳务服务(不含劳务派遣)；家具安装和维修服务；玻璃纤维及制品销售(除依法须经批准的项目外，凭营业执照依法自主开展经营活动)。许可项目：道路货物运输(不含危险货物)；货物进出口；技术进出口(依法须经批准的项目，经相关部门批准后方可开展经营活动，具体经营项目以审批结果为准)。,柳庆华,绍兴市,公司主要从事功能性遮阳材料的研发、生产和销售，主要产品包括阳光面料、涂层面料和可调光面料等，并逐步向功能性遮阳成品拓展。功能性遮阳材料具有节能、环保、阻燃等优点，符合国家战略性新兴产业发展方向，属于国家大力鼓励发展的新材料行业。基于自主的技术与生产工艺，公司产品的平整度、色牢度、环保性、开孔率等多项指标受下游重要客户认可；公司产品定制化能力出色、质量稳定、综合供应及服务能力强，获得全球众多客户的信赖。公司客户有综合采购的需求，即在同一家供应商处采购多种功能性遮阳材料，以降低谈判、运输及售后成本，提高产品质量稳定性，而公司所掌握的核心技术也有利于产品种类的横向延伸。公司长期专注于功能性遮阳材料的研发和生产，凭借客户和技术优势，经过多年的发展，逐步形成了丰富的产品种类和具有竞争力的产品结构；突破了传统遮阳企业的价格竞争策略，逐步在产品品牌、设计和研发、工艺技术和一体化生产等方面形成了差异化的竞争优势，公司产品远销全球六大洲、60余个国家和地区，已成为我国功能性遮阳材料细分领域的龙头企业。,xidamen@xidamen.com,"发行人主要从事功能性遮阳材料的研发,生产和销售,主要产品包括阳光面料,涂层面料和可调光面料等.",柳庆华,浙江,9600.0,柳英,19971222,www.xidamen.com,西大门,0,SHSE,SHSE,家具制造,10220,-,家具制造,10220010,2069756000,-13.1,-28.38,¥21.51,周期性消费,102,0.0,400,10700,0.0,10000.0,400,0.0,0.0,1.0,30.48,30.48,30.48,-29.43,2020-12-31T05:00:00Z,{1_trade_buy},{trade_buy},2020Q4_1748224
600660,2020Q4_1748218,福建省福州市福清市福耀工业村II区,生产汽车玻璃，装饰玻璃和其它工业技术玻璃及玻璃安装，售后服务；开发和生产经营特种优质浮法玻璃，包括超薄玻璃、薄玻璃、透明玻璃、着色彩色玻璃；并统一协调管理集团内各成员公司的经营活动和代购代销成员公司的原辅材料和产品；协助所属企业招聘人员、提供技术培训及咨询等有关业务；生产玻璃塑胶包边总成，塑料、橡胶制品；包装木料加工；纸箱、纸板、铁架、可循环使用的包装金属支撑架、包装托盘等玻璃安装用的材料的销售。国家禁止外商投资的行业除外，国家限制外商投资的行业或有特殊规定的，须依法履行相关程序。(涉及审批许可项目的，只允许在审批许可的范围和有效期限内从事生产经营)。,曹德旺,福州市,公司是一家专注于汽车玻璃生产的供应商，主要从事浮法玻璃及汽车用玻璃制品的生产及销售，产品不但配套国内汽车品牌，更已成为德国奥迪、德国大众、南韩现代、澳大利亚Holden、日本铃木、日本三菱、捷克途胜的合格供应商，并批量供货。公司是“国家认定企业技术中心”，是国家知识产权局授牌“专利工作交流站”，是国家科技部、中华全国总工会确认的“全国第三批创新型试点企业”。,600660@fuyaogroup.com,主营业务:从事浮法玻璃及汽车用玻璃制品的生产及销售.,叶舒,福建,260974.35,李小溪,19920621,www.fuyaogroup.com,XD福耀玻,2019,SHSE,SHSE,汽车和配件,10200,-,汽车配件,10200030,127157927000,16.86,7.74,¥51.70,周期性消费,102,1.04,27053800,1299934800,4.25,501.2,22553800,3.54,3.54,1.0,48.05,21.56,33.27,55.4,2020-12-31T05:00:00Z,{2_trade_add},{trade_add} 501.20 %,2020Q4_1748218
002714,2020Q4_1748172,河南省南阳市卧龙区龙升工业园区,畜禽养殖、购销，粮食购销，良种繁育，饲料加工销售，畜产品加工销售，猪粪处理，经营本企业自产产品及相关技术的进出口业务，但国家限定公司经营或禁止进出口的商品及技术除外。,秦英林,南阳市,公司是集饲料加工、生猪育种、种猪扩繁、商品猪饲养、屠宰加工为一体的农业产业化国家重点龙头企业，是我国最大的自育自繁自养大规模一体化的生猪养殖企业之一，也是我国最大的生猪育种企业之一。主营业务为种猪和商品猪的养殖与销售，主要产品为种猪、商品猪。公司拥有一条集饲料加工、生猪育种、种猪扩繁、商品猪饲养等多个环节于一体的完整生猪产业链，并拥有自动化水平较高的猪舍和饲喂系统、强大的生猪育种技术、独特的饲料配方技术。目前，公司是第一批国家生猪核心育种场、国家级星火计划项目证书、国家现代农业产业技术体系生猪产业综合实验站、国家生猪活体储备基地、国家级原种猪场、国家级青年文明号单位、国家生猪试验站。,myzqb@muyuanfoods.com,"公司主营业务为生猪的养殖与销售,主要产品为仔猪,种猪,商品猪.",秦英林,河南,526306.24,秦军,20000713,www.muyuanfoods.com,牧原股份,2019,SZSE,SZSE,农副加工食品,20525,-,农产品,20525020,298739682000,-22.1,5.31,¥54.35,非周期性消费,205,0.3,15591659,858656100,2.81,228.82,10850000,1.96,1.96,1.4,69.26,48.65,57.59,-5.63,2020-12-31T05:00:00Z,{2_trade_add},{trade_add} 228.82 %,2020Q4_1748172
600600,2020Q4_1748217,山东省青岛市香港中路五四广场青啤大厦,生产啤酒；预包装食品销售；生产饮料、威士忌、蒸馏酒。,黄克兴,青岛市,公司经营范围是啤酒制造、销售以及与之相关的业务。目前公司在国内拥有62家全资和控股的啤酒生产企业，及2家联营及合营啤酒生产企业，分布于全国20个省、直辖市、自治区，规模和市场份额居国内啤酒行业领先地位。其生产的青岛啤酒为国际市场上最具知名度的中国品牌，已行销世界100个国家和地区。目前，青岛啤酒远销美国、加拿大、英国、法国、德国、意大利、澳大利亚、韩国、日本、丹麦、俄罗斯等世界90多个国家和区域。全球啤酒行业权威报告Barth Report依据产量排名，青岛啤酒为世界第五大啤酒厂商。,secretary@tsingtao.com.cn;info@tsingtao.com.cn,主要产品:啤酒.,,山东,136447.68,张瑞祥,19951227,www.tsingtao.com.cn,青岛啤酒,2017,SHSE,SHSE,酒精饮料,20510,-,啤酒,20510010,115203206000,16.86,2.22,¥98.41,非周期性消费,205,1.03,14017500,1393339000,4.55,128.4,7880200,2.56,2.56,1.0,107.52,74.15,88.91,10.68,2020-12-31T05:00:00Z,{2_trade_add},{trade_add} 128.40 %,2020Q4_1748217
000860,2020Q4_1748167,北京市顺义区站前街1号院1号楼顺鑫国际商务中心12层,粮食作物、经济作物、蔬菜、花卉、园艺作物、水果加工；肉类、肉制品及副产品加工与销售；种畜产品、农作物种子、蔬菜种子繁育与销售；白酒、速冻食品、配制酒、蒸馏酒、发酵酒制造与销售；销售定型包装食品、食用油、酒、饮料：以下项目仅限分公司经营：水产品、豆制品、蛋品加工与销售；米面制品、方便面及其他方便食品、糕点、面包、调味品制造与销售；货物专项运输(冷藏保鲜)；普通货物运输；调味料(半固态)、罐头(其他罐头)。一般经营项目：粮食作物、经济作物、蔬菜、花卉、园艺作物、水果种植与销售；畜禽养殖；淡水养殖；技术开发、技术服务、信息咨询；物流综合业务；销售粮食、百货、机械电器设备、建筑材料、饲料、种苗、农药、(不含危险化学品)、化肥；货物进出口、技术进出口、代理进出口、国际货运代理。粮食收购。出租办公用房。仓储服务。,李颖林,北京市,公司是北京市第一家农业类上市公司，公司从事的主要业务包括：白酒酿造与销售；种猪繁育、生猪养殖、屠宰及肉制品加工；房地产开发。公司现已形成了以白酒、猪肉为主的两大产业。白酒产业的主要产品以“牛栏山”和“宁诚”为代表，“牛栏山”现已形成清香型“二锅头”和浓香型“百年”两大系列白酒；“宁诚”现主要为绵香型宁城老窖白酒。公司种猪繁育、生猪养殖、屠宰及肉制品加工业务产品，主要包括“小店”牌种猪及商品猪、“鹏程”牌生鲜及熟食制品。牛栏山酒厂是北京地区保持自主酿造规模最大的白酒企业，是北京地区白酒行业中最早拥有“中华老字号”、“中国驰名商标”和“中国酿酒大师”(首届)的企业。,zhangxiaoyong@shunxinholdings.com;ayz001@sina.com;sxnygf000860@163.com,"主要业务:白酒的生产和销售;肉类产品的生产和销售;果蔬饮料的生产和销售;种畜产品,农作物种子,蔬菜种子的繁育和销售.",安元芝,北京,74176.7,安元芝,19980921,www.000860.com,顺鑫农业,2013,SZSE,SZSE,企业集团,31030,-,企业集团,31030010,28937616000,-19.64,-46.18,¥38.07,工业,310,4.5,33392300,2422279000,7.92,10.09,3061300,0.73,0.73,1.0,72.74,51.69,61.41,-38.01,2020-12-31T05:00:00Z,{2_trade_add},{trade_add} 10.09 %,2020Q4_1748167
002032,2020Q4_1748168,浙江省杭州市滨江区江晖路1772号苏泊尔大厦15层,厨房用具、不锈钢制品、日用五金、小型家电及炊具的制造、销售；经营进出口业务(范围详见《中华人民共和国进出口企业资格证书》)；技术开发；电器的安装维修服务。,Thierry de La Tour d’Artaise,台州市,公司是国内著名的炊具研发制造商，中国厨房小家电的领先品牌，专注于炊具及厨房小家电领域的产品研发、制造与销售。公司的主要业务包括明火炊具、厨房小家电、厨卫电器、生活家居电器四大领域。法国SEB集团与苏泊尔公司战略合作关系始于2006年，SEB集团拥有超过150年的历史，是世界知名的炊具研发制造商和小家电制造商。公司除了SUPOR品牌外，还引入了SEB集团旗下LAGOSTINA、KRUPS、WMF等高端品牌，从而完成了在厨房领域对中高端品牌的全覆盖。品质和创新是苏泊尔最重要的品牌价值，如今的苏泊尔已从厨房走进客厅，不断用智巧的产品让消费者的生活变得更美好。,002032@supor.com;yjd@supor.com;flin@supor.com,"主要产品:电器产品,炊具产品",张国华,浙江,81687.27,叶继德,19980717,www.supor.com.cn,苏泊尔,2009,SZSE,SZSE,家具制造,10220,-,家具制造,10220010,46978837000,-18.37,-24.41,¥58.40,周期性消费,102,0.89,7257500,566015300,1.85,8.35,559400,0.14,0.14,1.0,85.92,68.83,77.07,-24.22,2020-12-31T05:00:00Z,{2_trade_add},{trade_add} 8.35 %,2020Q4_1748168
600519,2020Q4_1748216,贵州省仁怀市茅台镇,茅台酒系列产品的生产与销售；饮料、食品、包装材料的生产、销售；防伪技术开发、信息产业相关产品的研制、开发；酒店经营管理、住宿、餐饮、娱乐、洗浴及停车场管理服务(具体内容以工商核定登记为准)。,高卫东,遵义市,公司是国内白酒行业的标志性企业，主要生产销售世界三大名酒之一的茅台酒，同时进行饮料、食品、包装材料的生产和销售，防伪技术开发，信息产业相关产品的研制开发。茅台酒历史悠久，源远流长，是酱香型白酒的典型代表，享有“国酒”的美称。目前，公司茅台酒年生产量已突破一万吨，43°、38°、33°茅台酒拓展了茅台酒家族低度酒的发展空间，茅台王子酒、茅台迎宾酒满足了中低档消费者的需求，15年、30年、50年、80年陈年茅台酒填补了我国极品酒、年份酒、陈年老窖的空白，在国内独创年代梯级式的产品开发模式。公司产品形成了低度、高中低档、极品三大系列70多个规格品种，全方位跻身市场，从而占据了白酒市场制高点，称雄于中国极品酒市场。,mtdm@moutaichina.com,"主要产品:高度茅台酒(含陈年茅台酒),低度茅台酒.",李静仁,贵州,125619.78,刘刚,19991120,www.moutaichina.com,贵州茅台,2014,SHSE,SHSE,酒精饮料,20510,-,其他酒类,20510020,2488180637000,0.08,0.97,¥1955.90,非周期性消费,205,0.11,1416900,2830954200,9.25,0.95,13400,0.09,0.09,1.0,1998.0,1541.79,1721.71,13.6,2020-12-31T05:00:00Z,{2_trade_add},{trade_add} 0.95 %,2020Q4_1748216
000333,2020Q4_1748161,广东省佛山市顺德区北滘镇美的大道6号美的总部大楼,生产经营家用电器、电机及其零部件；从事家用电器、家电原材料及零配件的进出口、批发及加工业务(不设店铺，不涉及国营贸易管理商品，涉及配额、许可证管理商品的按国家规定办理)；信息技术服务；为企业提供投资顾问及管理服务；计算机软件、硬件开发；家电产品的安装、维修及售后服务；工业产品设计；酒店管理；广告代理；物业管理；企业所需的工程和技术研究、开发及其销售和推广；对金融业进行投资。(经营范围涉及行政许可的项目须凭有效许可证或批准证明经营),方洪波,佛山市,公司是一家消费电器、暖通空调、机器人与自动化系统、智能供应链(物流)的科技集团，提供多元化的产品种类与服务，包括以厨房家电、冰箱、洗衣机、及各类小家电为核心的消费电器业务；以家用空调、中央空调、供暖及通风系统为核心的暖通空调业务；以库卡集团、美的机器人公司等为核心的机器人及自动化系统业务;以安得智联为集成解决方案服务平台的智能供应链业务。公司以“科技尽善，生活尽美”为企业愿景，将“联动人与万物，启迪美的世界”作为使命，恪守“敢知未来——志存高远、务实奋进、包容共协、变革创新”的价值观，整合全球资源，推动技术创新，每年为全球超过3亿用户、及各领域的重要客户与战略合作伙伴提供满意的产品和服务，致力创造美好生活。,IR@midea.com,"以家电产业为主,涉足电机,物流等领域,旗下分为四大业务板块,分别为大家电,小家电,电机及物流",方洪波,广东,704515.93,江鹏,20000407,www.midea.com,美的集团,2014,SZSE,SZSE,家具制造,10220,-,家具制造,10220010,504339523000,-9.25,-26.09,¥69.70,周期性消费,102,0.42,29922100,2945528100,9.63,0.3,89600,0.03,0.03,1.0,98.44,61.19,76.9,-9.36,2020-12-31T05:00:00Z,{2_trade_add},{trade_add} 0.30 %,2020Q4_1748161
000423,2020Q4_1748162,山东省聊城市东阿县阿胶街78号,实业投资、股权投资；中药合剂、胶剂、煎膏剂、颗粒剂、硬胶囊剂、口服液的生产、销售；畜牧养殖、收购、屠宰、加工销售；中药材种植、生产、收购、加工销售；批准范围的商品进出口业务；化工产品(不含易燃易爆危险品)销售；许可证范围内保健食品的生产、销售；受委托保健食品的生产、销售；许可证范围内食品的生产、加工、销售；许可证范围内食品用塑料包装、容器、工具等制品的生产、销售；自有资产的投资、租赁、转让、收益；在经核准的区域内直销经核准的产品。化妆品(护肤品)、保健器材、医疗器械、小型厨具、保洁用品、家用电器生产与销售；健康咨询及服务、旅游观光服务、会议展览及接待服务、工艺品销售。,高登锋,聊城市,公司系国家高新技术企业、国家级创新型企业、国家胶类中药工程技术研究中心、国家胶类中药标准制定者，国家综合性新药研发技术大平台产业化示范企业，国家级非物质文化遗产东阿阿胶制作技艺代表性传承人企业。“东阿”、“吉祥云”和“桃花姬”三个商标均为中国驰名商标；率先在全国同行业通过GMP、ISO9001质量体系、ISO14001国际环境体系三认证，跨入全国医药百强、全国科技百强、全国中药行业效益十佳企业；中国最具生命力的企业百强；连续7次入围“中国最具发展力上市公司50强”；连续六届蝉联中国药品品牌榜补益类第一名；连续四届入围中国最具竞争力医药上市公司20强；“最佳内部公司治理”；“最具价值医药上市公司10强”。,fuyan@dongeejiao.com;www.dongeejiao.com;dengrong@dongeejiao.com,"主要产品:阿胶及系列产品,保健食品,医疗器械,药用辅料.",高登锋,山东,65402.15,邓蓉,19940604,www.dongeejiao.com,东阿阿胶,2020,SZSE,SZSE,医药制造,20620,-,专用医药制造,20620020,23047824000,-1.38,-9.4,¥35.20,医疗保健,206,3.0,19609500,759083400,2.48,0.0,0,0.0,0.0,1.0,44.28,37.67,41.19,-14.54,2020-12-31T05:00:00Z,{3_not_change},-,2020Q4_1748162
603833,2020Q4_1748223,广东省广州市白云区广花三路366号,一般经营范围：家具制造;家具零配件生产;家具零配件销售;家具销售;家具安装和维修服务;地板制造;地板销售;门窗制造加工;门窗销售;金属门窗工程施工;楼梯制造;楼梯销售;家居用品销售;家居用品制造;水资源专用机械设备制造;气体、液体分离及纯净设备制造;气体、液体分离及纯净设备销售;建筑装饰、水暖管道零件及其他建筑用金属制品制造;建筑装饰材料销售;木材加工;人造板制造;机械电气设备制造;家用电器制造;家用电器安装服务;家用电器销售;家用电器研发;家用电器零配件销售;家用纺织制成品制造;纸制品制造;纸制品销售;非电力家用器具制造;非电力家用器具销售;搪瓷制品制造;搪瓷制品销售;商业、饮食、服务专用设备制造;金属制日用品制造;卫生陶瓷制品制造;卫生陶瓷制品销售;卫生洁具制造;卫生洁具研发;卫生洁具销售;厨具卫具及日用杂品批发;厨具卫具及日用杂品研发;厨具卫具及日用杂品零售;日用玻璃制品制造;日用玻璃制品销售;电热食品加工设备销售;日用品销售;灯具销售;互联网销售(除销售需要许可的商品);日用百货销售;软件销售;软件开发;建筑用石加工;日用电器修理;住宅水电安装维护服务;普通货物仓储服务(不含危险化学品等需许可审批的项,姚良松,广州市,公司是国内综合型的现代整体家居一体化服务供应商。公司主要从事整体厨柜、整体衣柜、整体卫浴和定制木门等定制化整体家居产品的个性化设计、研发、生产、销售和安装服务。公司拥有国际化家居产品制造基地，以整体橱柜为龙头，带动相关产业发展，包括全屋定制、衣柜、卫浴、木门、墙饰壁纸、厨房电器、寝具等，形成多元化产业格局。公司在整体厨柜领域一直保持行业龙头地位，并在整体衣柜、定制木门领域取得显著增长，在整体家居行业中具有较高的知名度与影响力。,oppeinIR@oppein.com,"主营业务:主要从事整体厨柜,整体衣柜,整体卫浴和定制木门等定制化整体家居产品的个性化设计,研发,生产,销售和安装服务.主营产品:包括整体厨柜,整体衣柜,整体卫浴,定制木门等.",姚良松,广东,60426.49,杨耀兴,19940701,www.oppein.com,欧派家居,2019,SHSE,SHSE,家具制造,10220,-,家具制造,10220010,84721016000,-7.96,4.16,¥136.55,周期性消费,102,0.63,3847000,517427400,1.69,0.0,-60,0.0,0.0,1.0,137.97,85.14,112.25,21.65,2020-12-31T05:00:00Z,{3_not_change},-,2020Q4_1748223
600887,2020Q4_1748221,内蒙古自治区呼和浩特市金山开发区金山大街1号,乳制品(含婴幼儿配方乳粉)制造；特殊医学用途配方食品的生产、销售(取得许可证后方可经营)；食品、饮料加工；牲畜，家禽饲养；汽车货物运输；饮食服务(仅限集体食堂)；本企业产的乳制品、食品，饮料；乳制品及乳品原料；预包装食品的销售。农畜产品及饲料加工，经销食品、饮料加工设备、生产销售包装材料及包装用品、五金工具、化工产品(专营除外)、农副产品，日用百货，畜禽产品，饲料；进口：本企业生产、科研所需的原辅材料，机械设备，仪器仪表及零配件；经营本企业自产产品及相关技术的出口业务；机器设备修理劳务(除专营)和设备备件销售(除专营)业务；玩具的生产与销售；宋体复配食品添加剂的制造和销售(取得许可证后方可经营)；互联网销售(除销售需要许可的商品)。(依法须经批准的项目，经相关部门批准后方可开展经营活动),潘刚,呼和浩特市,公司一直为消费者提供健康、营养的乳制品，规模大、产品线健全，是符合奥运会标准，为2008年北京奥运会提供服务的乳制品企业；也是符合世博会标准，为2010年上海世博会提供服务的乳制品企业。目前，伊利在亚洲、欧洲、美洲、大洋洲等乳业发达地区构建了一张覆盖全球资源体系、全球创新体系、全球市场体系的骨干大网。伊利一直坚持和推动创新战略，经过多年发展，已经建立了多个领先的技术研发和产学研合作平台，持续推动行业创新。其中，国家认定企业技术中心、乳品深加工技术国家和地方联合工程研究中心、全国冷冻饮品标准化技术委员会秘书处、国家乳制品加工技术研发专业分中心、国家乳肉检测中心的乳品检测研究室等都属于国家级别的研发创新平台。,info@yili.com;qxm@yili.com;ytnliuyanan@yili.com,"液体乳系列,冷饮产品系列,奶粉及奶食品系列,混和饲料,方便食品",潘刚,内蒙古,606512.56,邱向敏,19930604,www.yili.com,伊利股份,2012,SHSE,SHSE,农副加工食品,20525,-,加工食品,20525040,217572010000,-5.64,-17.47,¥35.10,非周期性消费,205,0.13,7868300,349118100,1.14,0.0,0,0.0,0.0,1.0,44.37,31.59,38.42,-8.64,2020-12-31T05:00:00Z,{3_not_change},-,2020Q4_1748221
002304,2020Q4_1748170,江苏省宿迁市洋河中大街118号,酒类的生产、销售，预包装食品的批发与零售，粮食收购，自营和代理各类商品和技术的进出口(国家限定公司经营或禁止进出口的商品和技术除外)，国内贸易，电子商务平台建设，商品的网上销售。,张联东,宿迁市,公司是国有大型酿酒企业，公司主导产品洋河大曲已有500多年的历史，早在明清时代就享有盛名。洋河大曲属浓香型大曲酒，以优质高粱为原料，以小麦、大麦、豌豆制成的高温火曲为发酵剂，辅以闻名遐迩的美人泉水精工酿制而成，形成了“甜、绵、软、净、香”的独特风格，被专家和广大消费者誉为浓香型大曲酒的正宗代表。“洋河”商标被国家工商总局评定为“中国驰名商标”，产品获“江苏省重点名牌产品”。全力打造的“绵柔型”白酒经典之作洋河蓝色经典，面市以来销售增长迅猛，“蓝色风暴”愈刮愈猛，“蓝色魅力”已征服了越来越多的白酒消费者，并已成为竞争激烈的白酒市场中颇受关注的成功营销范例。,yanghe002304@vip.163.com,"主营业务:洋河蓝色经典,洋河大曲,敦煌古酿等系列品牌浓香型白酒的生产,加工和销售",钟雨,江苏,150698.8,陆红珍,20021227,www.chinayanghe.com,洋河股份,2020,SZSE,SZSE,酒精饮料,20510,-,其他酒类,20510020,292521802000,32.14,-15.75,¥206.41,非周期性消费,205,0.05,823900,194435000,0.64,0.0,0,0.0,0.0,1.0,235.99,122.01,157.43,31.11,2020-12-31T05:00:00Z,{3_not_change},-,2020Q4_1748170
600741,2020Q4_1748219,上海市威海路489号,汽车、摩托车、拖拉机等交通运输车辆和工程机械的零部件及其总成的设计、研发和销售，拖拉机等农用机械整机的设计、研发和销售，技术转让、技术咨询和服务，实业投资，国内贸易(除专项规定)，从事货物及技术的进出口业务，电子配件组装(限分支经营)。,陈虹,上海市,公司业务为独立汽车零部件研发、生产及销售。主要包括“金属成型与模具、内外饰、电子电器、功能件、热加工、新能源”六个业务板块。主要业务涵盖汽车内外饰件、金属成型和模具、功能件、电子电器件、热加工件、新能源等，是目前国内业务规模最大、产品品种最多、客户覆盖最广、应用开发能力最强的综合性汽车零部件上市公司，各类主要产品均具有较高国内市场占有率。公司秉承“零级化、中性化、国际化”的发展战略，紧跟汽车行业的技术发展趋势，重点关注与“节能环保”、“舒适便捷”和“智能安全”主题相关的技术研究和应用，通过与世界领先的零部件供应商的战略合作，为整车客户提供技术含量高、质量优异、具有成本优势的产品和服务。,huayuqiche@hasco-group.com,"独立供应汽车零部件研发,生产及销售.",张海涛,上海,315272.4,茅其炜,19921028,www.hasco-group.com,华域汽车,2020,SHSE,SHSE,汽车和配件,10200,-,汽车配件,10200030,70689475000,-15.23,-21.62,¥22.65,周期性消费,102,0.1,3110100,89632500,0.29,0.0,0,0.0,0.0,1.0,35.35,20.62,27.07,-16.33,2020-12-31T05:00:00Z,{3_not_change},-,2020Q4_1748219
000858,2020Q4_1748166,四川省宜宾市翠屏区岷江西路150号,主营：酒类产品及相关辅助产品(瓶盖、商标、标识及包装制品)的生产经营；兼营：饮料、药品、水果种植、农业种植、进出口业务、物业管理、投资管理等。,曾从钦,宜宾市,公司是以五粮液及其系列酒的生产、销售为主要产业，同时生产经营精密塑胶制品、大中小高精尖注射和冲压模具现代制造产业，以及生物工程为发展产业，药业工业、印刷业、电子器件产业、物流运输和相关的服务业的具有深厚企业文化的现代化企业集团。公司现已系统研制开发了五粮春、五粮神、五粮醇等几十种不同档次、不同口味，满足不同区域、不同文化背景、不同层次消费者需求的系列产品。数年来“五粮液”品牌连续在中国白酒制造业和食品行业“最有价值品牌”中排位居前，具有领导市场的影响力。目前公司根据消费者的个性化需求，进一步细分、微分市场，新设计开发国宝五粮液、人民大会堂国宴五粮液等，丰富和完善产品线，加快新产品开发步伐，有效地支持了公司经营业绩持续增长。,000858-wly@sohu.com;lixinyi@wuliangye.com.cn,主要产品:五粮液系列酒.,,四川,388160.8,彭智辅,19980421,www.wuliangye.com.cn,五粮液,2015,SZSE,SZSE,酒精饮料,20510,-,其他酒类,20510020,1080262730000,10.79,-2.89,¥277.52,非周期性消费,205,0.26,10191400,2974351000,9.72,-16.58,-2026300,-1.94,1.94,1.0,291.85,188.73,238.44,16.39,2020-12-31T05:00:00Z,{4_trade_reduce},{trade_reduce} 16.58 %,2020Q4_1748166
000596,2020Q4_1748164,安徽省亳州市谯城区古井镇,粮食收购(凭许可证经营)、生产白酒、酿酒设备、包装材料、玻璃瓶、酒精、油脂(限于酒精生产的副产品)、高新技术开发、生物技术开发、农副产品深加工，销售自产产品。,梁金辉,亳州市,公司是中国老八大名酒企业，中国制造业500强企业，是以中国第一家同时发行A、B两支股票的白酒类上市公司安徽古井贡酒股份有限公司为核心的国家大型一档企业，坐落在历史名人曹操与华佗故里、世界十大烈酒产区之一的安徽省亳州市。公司致力于打造以白酒主业为核心的“制造业平台”，以地产和商旅为主的“实业平台”，以金融集团为主的“金融平台”和以酒文化、酒生态、酒产业、酒旅游为核心的“文旅平台”。古井贡酒先后获得中国地理标志产品、国家重点文物保护单位、国家非物质文化遗产保护项目、安徽省政府质量奖、全国质量标杆等荣誉，被世人誉为“酒中牡丹”“东方神水”“中华第一贡”。,gjzqb@gujing.com.cn,主要产品:白酒.,周庆伍,安徽,50360.0,叶长青,19990305,www.gujing.com,古井贡酒,2016,SZSE,SZSE,酒精饮料,20510,-,其他酒类,20510020,100498097000,2.62,-13.55,¥227.91,非周期性消费,205,1.84,9244400,2514464800,8.22,-19.31,-2212400,-1.86,1.86,1.0,278.5,163.8,222.27,2.54,2020-12-31T05:00:00Z,{4_trade_reduce},{trade_reduce} 19.31 %,2020Q4_1748164
000568,2020Q4_1748163,四川省泸州市南光路泸州老窖营销网络指挥中心,酒类产品的生产、销售(白酒、葡萄酒及果酒、啤酒、其他酒等)。进出口经营业务；技术推广服务；发酵制品生产及销售；销售：汽车配件、建材及化工原料。,刘淼,泸州市,公司是具有400多年酿酒历史的国有控股上市公司。公司以专业化白酒产品设计、生产、销售为主要经营模式，主营“国窖1573”、“泸州老窖”等系列白酒的研发、生产和销售，主要综合指标位于白酒行业前列。公司实施“双品牌塑造，多品牌运作”的品牌战略，构建起五大战略单品的金字塔品牌结构：国窖1573定位为中国白酒超高端品牌是塔尖，百年泸州老窖窖龄酒、泸州老窖特曲定位为商务与宴会用酒第一品牌组成塔柱，泸州老窖头曲和二曲为大众市场覆盖的第一品牌构筑塔基，并积极拓展养生酒产品和预调酒产品，开展以消费者需求为主导的定制酒业务。公司坚持以“全心全意酿酒、一心一意奉献”为宗旨，敬人敬业，创新卓越，努力实现市场占有领先、公司治理领先、品牌文化领先、质量技术领先、人才资源领先，酿造世界最好的白酒，为客户提供最优质的服务，把泸州老窖建成全球酒类市场中的航空母舰，形成融入经济全球化的大型现代企业，追求“在中国灿烂名酒文化熏陶中，全人类共享幸福美满的生活”。,lzlj@lzlj.com;dsb@lzlj.com,主要产品:“泸州老窖”系列酒.,林锋,四川,146475.25,王洪波,19950503,www.lzlj.com,泸州老窖,2015,SZSE,SZSE,酒精饮料,20510,-,其他酒类,20510020,329776153000,-1.44,0.88,¥222.20,非周期性消费,205,0.95,13986800,3163260800,10.34,-28.35,-5534700,-2.82,2.82,1.0,226.16,107.48,156.17,42.28,2020-12-31T05:00:00Z,{4_trade_reduce},{trade_reduce} 28.35 %,2020Q4_1748163
600809,2020Q4_1748220,山西省汾阳市杏花村,主营：汾酒、竹叶青酒及其系列酒的生产、销售。兼营：酒类高新技术及产品研究、开发、生产、应用；投资办企业及相关咨询服务；副产品酒糟、生产用原辅材料和包装材料等的销售；道路普通货物运输。,李秋喜,吕梁市,公司是生产国家名酒汾酒、竹叶青酒、玫瑰汾酒、白玉汾酒等系列产品的大型一档企业。公司主要遵循研-产-供-销一体化发展模式。根据市场需求研发新酒体并制定采购计划和生产计划，原粮实现100%基地供应。汾酒在山西市场拥有领导地位。在山西市场上，公司建立了完善的营销网络，是当之无愧的市场领袖。公司是白酒行业唯一拥有“汾”、“竹叶青”、“杏花村”三大中国驰名商标的企业。公司主导产品汾酒是中国传统的历史名酒，清香型白酒的典型代表，工艺精湛，源远流长，素以入口绵、落口甜、饮后余香、回味悠长特色而著称，在国内外消费者中享有较高的知名度、美誉度和忠诚度。公司拥有全国一流的酿酒技术队伍和酿酒勾贮设备，拥有系统完善的ISO9001：2000质量保证体系，是全国食品饮料业、全国轻工业最佳企业之一，是山西省农业产业化的龙头企业，也是山西省食品产业调整和振兴规划中的重点龙头企业，是山西省综改实验的排头兵。,sxfj@fenjiu.com.cn;wpx@fenjiu.com.cn;Wang.tao@fenjiu.com.cn,"主要产品:白酒,配制酒",谭忠豹,山西,87151.03,王涛,19851225,www.fenjiu.com.cn,山西汾酒,2016,SHSE,SHSE,酒精饮料,20510,-,其他酒类,20510020,453102413000,48.87,39.63,¥370.11,非周期性消费,205,1.06,12873840,3407732000,11.14,-33.1,-6369580,-3.69,3.69,1.4,108.04,64.85,83.7,342.19,2020-12-31T05:00:00Z,{4_trade_reduce},{trade_reduce} 33.10 %,2020Q4_1748220
600104,2020Q4_1748215,上海市静安区威海路489号,汽车，摩托车，拖拉机等各种机动车整车，机械设备，总成及零部件的生产、销售，国内贸易(除专项规定)，咨询服务业，以电子商务方式从事汽车整车，总成及零部件的销售，从事网络科技领域内的技术服务，经营本企业自产产品及技术的出口业务和本企业所需的机械设备、零配件、原辅材料及技术的进口业务(但国家限定公司经营或禁止进出口的商品及技术除外)，本企业包括本企业控股的成员企业，汽车租赁及机械设备租赁，实业投资，期刊出版，利用自有媒体发布广告，从事货物及技术进出口业务(涉及许可经营的凭许可证经营)。,陈虹,上海市,公司属于汽车制造行业，目前正努力把握产业发展趋势，加快创新转型，从传统的制造型企业，向为消费者提供移动出行服务与产品的综合供应商发展。公司主要业务包括整车(含乘用车、商用车)的研发、生产和销售，正积极推进新能源汽车、互联网汽车的商业化，并开展智能驾驶等技术研究和产业化探索；零部件(含动力驱动系统、底盘系统、内外饰系统，以及电池、电驱、电力电子等新能源汽车核心零部件和智能产品系统)的研发、生产、销售；物流、汽车电商、出行服务、节能和充电服务等汽车服务贸易业务；汽车相关金融、保险和投资业务；海外经营和国际商贸业务；并在产业大数据和人工智能领域积极布局。,saicmotor@saic.com.cn,"主要产品:轻型客车以及轿车,重型车,拖拉机变速器,汽车悬架弹簧,汽车散热器,粉末冶金制品,汽车底盘总成,车灯,转向机,ABS制动系统,轴瓦,安全带,传动轴,空调压缩机等汽车零部件.主营业务:整车(含乘用车,商用车)的研发,生产和销售,零部件(含动力驱动系统,底盘系统,内外饰系统,以及电池,电驱,电力电子等新能源汽车核心零部件和智能产品系统)的研发,生产,销售;物流,汽车电商,出行服务,节能和充电服务等汽车服务贸易业务;汽车相关金融,保险和投资业务;海外经营和国际商贸业务;并在产业大数据和人工智能领域积极布局.",王晓秋,上海,1168346.14,陈晓东,19840416,www.saicmotor.com,上汽集团,2020,SHSE,SHSE,汽车和配件,10200,-,汽车制造,10200020,240322603000,3.74,-16.04,¥20.79,周期性消费,102,0.06,6722200,164291500,0.54,-35.32,-3670200,-0.35,0.35,1.0,28.4,17.86,21.44,-3.03,2020-12-31T05:00:00Z,{4_trade_reduce},{trade_reduce} 35.32 %,2020Q4_1748215
000651,2020Q4_1748165,广东省珠海市前山金鸡西路,货物、技术的进出口；研发、制造、销售：泵、阀门、压缩机及类似机械，风机、包装设备等通用设备；电机、输配电及控制设备；电线、电缆、光缆及电工器材；家用制冷电器具，家用空气调节器及相关零部件；中央空调、制冷、空调设备、洁净空调、采暖设备、通风设备；空气源热泵热风机、热泵热水机、空调热水一体产品、燃气采暖热水炉设备、燃气供暖热水设备、热能节能设备、机电设备产品及相关零部件；新风及新风除霾设备；通讯终端设备及相关零部件；气体，液体分离及纯净设备及相关零部件；消毒器械；医疗器械、实验室设备；家用清洁卫生电器具、家用厨房电器具、家用通风电器具、其它家用电力器具及相关零部件；厨房用具、不锈钢制品、日用五金；炊具及配件、餐具及配件技术；建筑机电设备安装工程、泳池水处理、中央热水工程；新能源发电产品、储能系统及充电桩；电源、变流器、逆变器电力产品；直流电器及设备；节能产品、照明灯具制造、节能工程；电工仪器仪表；工业自动控制系统装置；能源信息集成管理系统；销售、安装及维护：中央空调、制冷、空调设备、洁净空调、采暖设备、通风设备；空气源热泵热风机、热泵热水机、空调热水一体产品、燃气采暖热水炉设备、燃气供暖热水设备、热能节能设备、新,董明珠,珠海市,公司成立初期，主要依靠组装生产家用空调，现已发展成为多元化的工业集团，产业覆盖空调、高端装备、生活品类、通信设备等领域，产品远销160多个国家和地区。公司拥有国家重点实验室、国家工程技术研究中心、国家级工业设计中心、国家认定企业技术中心、机器人工程技术研发中心各1个，同时成为国家通报咨询中心研究评议基地。公司加快推进产业布局转型升级，2013年起，相继进军智能装备、通信设备、模具等领域，目前格力智能装备已为家电、汽车、食品、3C数码、建材卫浴等众多行业提供服务，格力已经从专业的空调生产企业迈入多元化的高端技术产业时代。,gree@gree.com.cn;gree0651@cn.gree.com,主要产品:空气调节器.,董明珠,广东,601573.09,邓晓博,19891213,www.gree.com.cn,格力电器,2019,SZSE,SZSE,硬件,31120,-,消费类电子产品,31120030,297659591000,-18.32,-20.05,¥49.99,科技,311,0.28,16762400,1038260900,3.39,-47.78,-15338100,-4.85,4.85,1.0,69.53,54.71,62.52,-20.04,2020-12-31T05:00:00Z,{4_trade_reduce},{trade_reduce} 47.78 %,2020Q4_1748165
601816,2020Q4_1748235,"北京市海淀区北蜂窝路5号院1号写字楼第三,四层",京沪高速铁路建设，旅客运输业务；咨询服务、设备物资采购及销售、物业管理、物流、仓储、停车场业务等。(依法须经批准的项目，经相关部门批准后依批准的内容开展经营活动。),刘洪润,北京市,"公司是京沪高速铁路及沿线车站的投资、建设、运营主体，通过委托运输管理模式，委托京沪高速铁路沿线的北京局集团、济南局集团和上海局集团对京沪高速铁路进行运输管理，并将牵引供电和电力设施运行维修委托中铁电气化局集团进行管理。京沪高速铁路于2008年4月18日全线正式开工建设，2011年6月30日建成通车，正线长1,318千米，是世界上一次建成里程最长、技术标准最高的高速铁路,公司投资、建设、运营的京沪高速铁路是《中长期铁路网规划》“八纵八横”主通道的组成部分，既是贯穿我国东部路网的大动脉，又是承接南、北高速铁路，连接中西部地区客运专线的路网核心,京沪高速铁路以“安全、快捷、方便、舒适”的运营品质，极大地满足了人民群众出行需求，赢得国内外及社会各界的高度评价，树立了良好的品牌形象和市场知名度。",crjhgt@vip.163.com,"主营业务为高铁旅客运输,具体主要包括:(1)为乘坐担当列车的旅客提供高铁运输服务并收取票价款;(2)其他铁路运输企业担当的列车在京沪高速铁路上运行时,向其提供线路使用,接触网使用等服务并收取相应费用等.",邵长虹,北京,4910648.46,赵非,20080109,www.cr-jh.cn,京沪高铁,0,SHSE,SHSE,交通运输,31080,-,铁路运输,31080030,255844785000,-9.36,-7.6,¥5.21,工业,310,0.0,0,0,0.0,-10000.0,-906500,-0.03,0.03,1.0,5.97,5.53,5.73,-9.08,2020-12-31T05:00:00Z,{5_trade_sell},{trade_sell},2020Q4_1748235
603087,2020Q4_1748241,,,,,,,,,,,,,,甘李药业,0,SHSE,SHSE,医疗器械,20650,-,医疗器械和供给,20650020,49749772000,-28.22,-32.01,¥87.02,医疗保健,206,0.0,0,0,0.0,-10000.0,-1540,0.0,0.0,1.0,135.5,105.53,122.02,-28.68,2020-12-31T05:00:00Z,{5_trade_sell},{trade_sell},2020Q4_1748241
688555,2020Q4_1748240,,,,,,,,,,,,,,泽达易盛,0,SHSE,SHSE,医疗机构和服务,20645,-,医疗信息服务,20645030,2681880000,12.36,-8.48,¥31.70,医疗保健,206,0.0,0,0,0.0,-10000.0,-3000,0.0,0.0,1.0,53.18,34.47,44.79,-29.23,2020-12-31T05:00:00Z,{5_trade_sell},{trade_sell},2020Q4_1748240
300824,2020Q4_1748239,,,,,,,,,,,,,,北鼎股份,0,SZSE,SZSE,硬件,31120,-,消费类电子产品,31120030,5182639000,-1.75,-13.35,¥23.36,科技,311,0.0,0,0,0.0,-10000.0,-2000,0.0,0.0,1.0,38.9,27.48,31.6,-26.08,2020-12-31T05:00:00Z,{5_trade_sell},{trade_sell},2020Q4_1748239
300842,2020Q4_1748238,,,,,,,,,,,,,,帝科股份,0,SZSE,SZSE,工业制品,31070,-,电子器械和零件,31070060,7054082000,49.21,4.78,¥66.40,工业,310,0.0,0,0,0.0,-10000.0,-500,0.0,0.0,1.0,78.78,61.5,68.98,-3.74,2020-12-31T05:00:00Z,{5_trade_sell},{trade_sell},2020Q4_1748238
300839,2020Q4_1748243,浙江省宁波市镇海区镇骆东路1818号,一般项目：技术服务、技术开发、技术咨询、技术交流、技术转让、技术推广；石油制品销售(不含危险化学品)；润滑油加工、制造(不含危险化学品)；专用化学产品销售(不含危险化学品)；专用化学产品制造(不含危险化学品)；化工产品销售(不含许可类化工产品)；化工产品生产(不含许可类化工产品)；仓储设备租赁服务(除依法须经批准的项目外，凭营业执照依法自主开展经营活动)。许可项目：危险化学品经营；危险化学品生产；货物进出口；进出口代理；技术进出口(依法须经批准的项目，经相关部门批准后方可开展经营活动，具体经营项目以审批结果为准)。,王律,宁波市,"公司是被纳入国家火炬计划产业化示范项目的高新技术企业，公司主营业务是采用自行研发的间歇式加工生产工艺,连续式生产工艺以及分子蒸馏和沉降等技术,对催化裂化后的燃料油即催化油浆进行深加工,研发,生产和销售作为化工原料的沥青助剂,橡胶助剂,润滑油助剂等重芳烃产品和更为纯净.公司主要产品包括沥青助剂,橡胶助剂,润滑油助剂等重芳烃类产品以及轻质燃料油.公司自主研发的工艺，装置操作温度远低于原料结焦温度，原料在装置内停留时间短，大大减少了原料结焦的可能，因此产品含焦量低、产品色度大为提高，并有效提高了重芳烃产品的收率，实现了催化油浆接近百分之百的综合利用率，提升了经济附加值，符合国家循环经济产业政策，具有循环经济和环保产业的双重特征，为节能减排做出积极贡献。",bohui@bhpcc.com,"主营业务:主要从事对催化裂化后的燃料油进行深加工,生产和销售沥青助剂,橡胶助剂,润滑油助剂,轻质燃料油等产品.公司主要产品包括沥青助剂,橡胶助剂,润滑油助剂等重芳烃类产品以及轻质燃料油.",王律,浙江,10400.0,尤丹红,20051012,www.bhpcc.com,博汇股份,0,SZSE,SZSE,石油与天然气,30910,-,石油与天然气 - 精炼与营销,30910050,2061278000,-18.49,-19.33,¥15.65,能源,309,0.0,0,0,0.0,-10000.0,-500,0.0,0.0,1.0,37.18,24.1,31.5,-50.32,2020-12-31T05:00:00Z,{5_trade_sell},{trade_sell},2020Q4_1748243
688096,2020Q4_1748237,江苏省南通市崇川区工农南路88号海联大厦26楼,水处理设备的研发、设计、制造、销售和安装；环保成套设备、机电设备、自动化与工业过程自动化系统集成的研制、生产、销售和安装；环境污染防治工程设计、治理和施工；防腐系列产品的研制、生产和销售；计算机技术开发与应用；生活污水、工业污水治理；环保、水处理、市政公用领域的项目开发、建设、管理；生态环境治理；土壤治理及修复；上述技术服务及信息咨询；自营和代理上述商品及技术的进出口业务(国家限定企业经营或禁止进出口的商品和技术除外)；(经营范围中涉及制造、生产的另设分支机构经营)。(依法须经批准的项目，经相关部门批准后方可开展经营活动),李武林,南通市,公司是一家资源环境综合服务商，能够为广大业主单位和政府部门提供从项目咨询、项目开发、项目管理、工程设计、工程建设、运营管理和投融资等一站式综合服务的高科技公司。公司为高新技术企业、省文明单位、省AAA级信用企业、市十佳科技示范企业、明星企业、纳税大户。公司是高新技术企业，拥有一支以“江苏省工程技术研究中心”和“江苏省研究生工作站”为载体的工业水处理科研技术队伍，公司员工中一半以上为研发、技术人员，大多具有丰富的工业水处理研发技术工作经验。公司在关键技术自主开发的同时，也与中国工程院院士及其团队、中科院生态环境研究中心等国内权威科研机构开展产学研合作，实现科研资源最大化整合。截至目前，公司共拥有6项发明专利权、19项实用新型专利权和30项软件著作权。公司承担完成了两项国家火炬计划项目，以及两项江苏省火炬计划项目。公司8项产品被认定为江苏省高新技术产品，5项产品被授予南通市科学技术进步奖。公司是中国环保产业协会会员、中国环境科学学会理事单位、江苏省绿色环保优秀企业。,suhaijuan@jsjyep.com,"一直专注于工业水处理领域,依托工业废水电子絮凝处理技术,高难废水零排放技术和高难废水电催化氧化技术等自研核心技术,主要向大型企业客户提供工业水处理专用设备的研发,设计与咨询,集成与销售以及工程承包业务.",李武林,江苏,10729.35,苏海娟,19990330,www.jsjyep.com,京源环保,0,SHSE,SHSE,公共事业 - 管制,20720,-,水的生产和供应,20720010,1638448000,-3.15,-18.8,¥15.35,公用事业,207,0.0,0,0,0.0,-10000.0,-4500,0.0,0.0,1.0,26.22,18.56,22.96,-33.14,2020-12-31T05:00:00Z,{5_trade_sell},{trade_sell},2020Q4_1748237
300846,2020Q4_1748244,北京市朝阳区紫月路18号院9号楼,技术开发、技术推广、技术服务、技术咨询；计算机系统服务；数据处理；基础软件服务；应用软件服务；销售计算机、软件及辅助设备、电子产品；出租商业用房；机械设备、电子产品租赁；技术进出口、货物进出口、代理进出口；经营电信业务。(市场主体依法自主选择经营项目，开展经营活动；经营电信业务以及依法须经批准的项目，经相关部门批准后依批准的内容开展经营活动；不得从事国家和本市产业政策禁止和限制类项目的经营活动。),曲宁,北京市,"公司是一家覆盖全球的互联网数据中心服务提供商，致力于为中国企业出海提供全球云网一体化解决方案。公司主要服务于游戏、电商、视频、教育、大数据等互联网细分领域及传统行业客户，为其在全球提供快速、安全、稳定的云计算及IDC服务。公司的IDC服务覆盖全国三十多个主要城市。一方面公司的服务使客户业务接近其终端用户，保证了用户体验，另一方面数据中心的广泛覆盖及公司将IDC服务与云计算服务集成为一体的混合架构也有利于客户将其互联网业务布局全球。目前，公司在全国60余个数据中心部署超过3,000个机柜。此外，公司还在全球10余个国家或地区建立了云网一体化服务节点，包括美国、日本、新加坡、德国、中国香港等。",cds-security@capitalonline.net;liping.yang@capitalonline.net,"高性能的IDC服务及云服务等高效,优质的信息技术服务",曲宁,北京,41131.63,杨丽萍,20050713,www.capitalonline.net,首都在线,0,SZSE,SZSE,软件,31110,-,软件和信息技术服务,31110010,5186763000,-38.66,-42.72,¥12.67,科技,311,0.0,0,0,0.0,-10000.0,-1100,0.0,0.0,1.0,36.36,20.81,27.87,-54.54,2020-12-31T05:00:00Z,{5_trade_sell},{trade_sell},2020Q4_1748244
600956,2020Q4_1748242,河北省石家庄市桥西区裕华西路9号裕园广场A座,对风能、太阳能、核能等新能源项目的投资，对电力环保设备制造项目的投资，对天然气、液化天然气、压缩天然气、煤制气、煤层气开发利用项目的投资(以上范围属于国家限制类或淘汰类的项目除外)；新能源、清洁能源技术开发、技术服务、技术咨询。,曹欣,石家庄市,集团系华北地区领先的清洁能源开发与利用公司，是河北省最大的天然气分销商，亦是河北省最大的风电运营商，是中国十大风电运营商之一。集团主要从事清洁能源开发与利用，旗下拥有两大业务板块：天然气业务和风电业务。集团在河北省拥有运营天然气输配设施，并通过天然气分销渠道销售天然气。集团从事风电场的规划、开发、运营及电力销售，在河北、山西、新疆、山东、云南、内蒙古等地区拥有风电项目。2012年11月27日，公司所属张家口沽源东辛营200MW风电项目获年度国家优质工程银奖，成为集团公司成立以来率先获此奖项的工程项目，公司所属张家口崇礼轿车山风电项目获由中国施工企业管理协会颁发的2013年度中国电力优质工程奖，该奖项是我国电力行业建设领域的最高奖项。,ir@suntien.com,主要为天然气销售业务及风力发电业务.,梅春晓,河北,384991.04,班泽锋,20100209,www.suntien.com,新天绿能,0,SHSE,SHSE,公共事业 - 管制,20720,-,公共事业 - 多元化,20720040,30989470000,-14.87,24.31,¥12.26,公用事业,207,0.0,0,0,0.0,-10000.0,-2500,0.0,0.0,1.0,11.76,8.36,9.17,33.7,2020-12-31T05:00:00Z,{5_trade_sell},{trade_sell},2020Q4_1748242
300843,2020Q4_1748245,广东省东莞市长安镇沙头南区合兴路4号,研发、生产、销售：电子产品及新能源组件、连接器、连接线产品及组件、天线、电磁屏蔽组件、射频及微波器件相关产品、电源适配器、耳机、智能穿戴及周边产品；新能源汽车充电模组、充电桩、充电枪设备及相关产品、锂电池结构件、软性线路板、锂电池产品及相关配件、通用机械设备、机械配件、汽车配件、家用电器、端子、端子机、模具、发光二极管及配件、背光透镜、光学零组件及配件及提供产品相关技术服务；表面贴片加工及相关技术服务；货物或技术进出口(国家禁止或涉及行政审批的货物和技术进出口除外)；餐饮服务。(依法须经批准的项目，经相关部门批准后方可开展经营活动。),黄福林,东莞市,公司系一家专注于电子连接器及精密零组件的研发、生产及销售的高新技术企业，主要产品已广泛应用于消费类电子、新能源汽车等领域。自成立以来，公司扎根于自身精湛的模具开发能力以及快速的客户需求响应能力，通过了IATF16949、ISO9001、ISO14001、QC080000等体系认证和产品安规认证，公司拥有优质、稳定的客户资源，已与富士康、立讯精密、小米、TCL、日本电产、日立集团、比亚迪、长城汽车等国内外知名客户建立稳定合作关系。通过多年的生产经营积累，“JCTC TERMINAL&CONNECTORS”注册商标被认定为国家驰名商标，同时也获得广东省守合同重信用企业、广东省高新技术产品、东莞市专利优势企业等荣誉。,ir@jctc.com.cn,"电子连接器及精密零组件的研发,生产及销售,主要产品已广泛应用于消费类电子,新能源汽车等领域.",黄福林,广东,14890.0,杨旭迎,20071214,www.jctc.com.cn,胜蓝股份,0,SZSE,SZSE,工业制品,31070,-,电子器械和零件,31070060,3758485000,0.83,-12.98,¥25.58,工业,310,0.0,0,0,0.0,-10000.0,-800,0.0,0.0,1.0,48.94,28.46,35.07,-27.06,2020-12-31T05:00:00Z,{5_trade_sell},{trade_sell},2020Q4_1748245
300845,2020Q4_1748246,河南省郑州市中原区高新技术产业开发区科学大道133号11层,计算机网络技术服务；计算机软件技术开发、技术咨询、技术服务、技术转让；计算机软件销售；机电一体化设备销售、生产、安装、施工、技术开发、技术转让；设备一体化研发、生产和销售；计算机系统集成；信息咨询服务；房屋租赁经营；展览展示服务；建筑智能化工程设计及施工；机电安装工程设计及施工；从事货物和技术的进出口业务。,郑乐观,郑州市,公司是专注于研发并提供虚拟仿真培训解决方案的服务商。业务涵盖轨道交通、焊接、航空航天、国防军备、水利水电、道路桥梁、化工、油田矿井、港口吊装等行业和领域。公司自主研发了具有完全自主知识产权的JanVR模拟仿真引擎与开发平台，潜心专注于虚拟现实技术、系统仿真技术、三维动画技术在各高端行业的应用。多所科研单位、知名院校与我公司展开广泛合作，取得了丰硕的科技成果，现已挂牌成为多所高校研究生虚拟仿真科研创新实践基地。公司拥有多年从事专业技能培训的教师和现场应用的工程师队伍，具备丰富的虚拟仿真技术与产品研发经验，取得了多项国家专利、行业认证及软件著作权登记证书。公司产品大量应用于各铁路局、地铁公司、职业院校等行业单位。,dongshihui@jiean.net,"公司是专注于轨道交通,安全作业,船舶等领域计算机仿真实训系统研发与技术服务的整体解决方案提供商",高志生,河南,9235.6,郑乐观,20020603,www.jantech.cn,捷安高科,0,SZSE,SZSE,软件,31110,-,软件应用,31110020,1873933000,-14.48,-33.91,¥19.82,科技,311,0.0,0,0,0.0,-10000.0,-500,0.0,0.0,1.0,46.6,30.46,39.69,-50.06,2020-12-31T05:00:00Z,{5_trade_sell},{trade_sell},2020Q4_1748246
688600,2020Q4_1748247,,,,,,,,,,,,,,皖仪科技,0,SHSE,SHSE,硬件,31120,-,科技仪器,31120060,2190751000,9.0,-2.51,¥16.32,科技,311,0.0,0,0,0.0,-10000.0,-5500,0.0,0.0,1.0,37.26,16.58,24.04,-32.11,2020-12-31T05:00:00Z,{5_trade_sell},{trade_sell},2020Q4_1748247
688277,2020Q4_1748248,北京市海淀区永泰庄北路1号中关村东升国际科学园7号楼二层,技术开发、技术咨询、技术转让、技术服务；施工总承包、专业承包、劳务分包；销售电子产品、机械设备、Ⅰ类医疗器械、Ⅱ类医疗器械；经济信息咨询；货物进出口、技术进出口、代理进出口；销售医疗器械Ⅲ类（以《医疗器械经营企业许可证》核定的范围为准）；生产医疗器械（Ⅰ、Ⅱ、Ⅲ类）（以《医疗器械生产企业许可证》核定的范围为准）。（市场主体依法自主选择经营项目，开展经营活动；依法须经批准的项目，经相关部门批准后依批准的内容开展经营活动；不得从事国家和本市产业政策禁止和限制类项目的经营活动。）,张送根,北京市,公司是国内骨科手术机器人行业的领军企业，始终专注于骨科手术机器人的研发、生产、销售和服务。以骨科手术机器人为核心产品，为医疗机构提供的产品和服务主要涵盖骨科手术机器人、手术中心专业工程、配套设备与耗材、技术服务四个方面，公司是我国骨科手术机器人产业化的先行者，创始团队成功研制出拥有我国自主知识产权的骨科手术机器人产品，是首家获得CFDA核发的第三类医疗器械注册证的“骨科机器人导航定位系统”。公司第三代产品于2016年11月获得CFDA核发的第三类医疗器械注册证，该产品各项性能指标达到国际同类产品水平，国家卫健委认定“天智航已研发生产出第三代骨科手术机器人产品，在高难骨科手术自动导航技术上成功实现从跟跑并跑迈向领跑”；公司的产品是经国家科技部认定的《创新医疗器械产品目录(2018)》中治疗设备及器械类唯一的“国际原创”产品，在国际范围内，发行人参与编制了关于手术机器人性能与安全基本要求的国际标准；在我国，发行人是“国家机器人标准化总体组”成员单位，参与编制了骨科机器人手术临床指南和诊疗规范，并参与制定了相关国家标准。,tinavi@tinavi.com,"专注于骨科手术机器人的研发,生产,销售和服务,以骨科手术机器人为核心产品.",徐进,北京,41984.68,黄军辉,20101022,cn.tinavi.com,天智航,0,SHSE,SHSE,医疗器械,20650,-,医疗器械和供给,20650020,10310588000,-19.21,-35.27,¥24.21,医疗保健,206,0.0,0,0,0.0,-10000.0,-8800,0.0,0.0,1.0,70.47,35.88,51.83,-53.29,2020-12-31T05:00:00Z,{5_trade_sell},{trade_sell},2020Q4_1748248
300840,2020Q4_1748249,山东省青岛市即墨区红领大街17号,设计、生产、销售：服装鞋帽、服饰、皮革、箱包制品、针纺织品、服装辅料、劳保防护用品、无纺布、熔喷布、塑料制品、包装制品；医疗器械、消毒器械(第二类消毒和灭菌设备及器具)开发、制造、销售；金属柜体加工制造、销售、维修；经营自产产品及相关技术的出口业务；检测服务，质检技术服务，文化交流策划，会议展览服务；企业管理咨询；计算机软硬件研发及销售。研发、生产、销售：机械设备、电气机械设备、自动化成套设备、自动化仪器仪表、电子产品(不含电子出版物)、电子设备及配件、半导体设备及配件、半导体耗材、紫外线辐照设备、新能源原动设备、环保设备、节能设备、机床功能部件及附件、电子元器件与机电组件设备、纺织专用设备、智能基础制造装备；机械、电气、自动化设备安装、维护服务(不含特种设备)；人工智能硬件、工业机器人制造、销售；第二类增值电信业务中的信息服务业务(仅限互联网信息服务和移动网信息服务)(增值电信业务有效期限以经营许可证为准)。(依法须经批准的项目，经相关部门批准后方可开展经营活动)。,张蕴蓝,青岛市,公司主要从事个性化定制服装的生产与销售，包括了男士、女士正装全系列各品类，并向国内相关传统制造企业提供数字化定制工厂的整体改造方案及技术咨询服务。公司坚持“成为有益于社会文明进步的百年企业”的企业愿景，以“践行科学的企业治理思想，创造全新的价值体系”为使命，专注研究实践“互联网+工业”，形成了以“大规模个性化定制”为核心的经营模式，总结出了一套传统企业转型升级的彻底解决方案——数据工程，并创造性地提出了以“个性化定制”模式展开的消费者直接对接工厂的C2M商业生态。2018年8月，公司获得中国管理模式五十人论坛颁发的“中国管理模式创新奖”；2018年10月，获得中国商业经济学会颁发的中国定制经济先锋版“优秀企业”称号。公司的经营模式、产品和服务质量得到行业及社会的认可。,info@kutesmart.com,"公司主要从事个性化定制服装的生产与销售,包括了男士,女士正装全系列各品类,并向国内相关传统制造企业提供数字化定制工厂的整体改造方案及技术咨询服务.",张蕴蓝,山东,24000.0,刘承铭,20071228,www.kutesmart.com,酷特智能,0,SZSE,SZSE,服饰加工,10240,-,服装加工,10240020,3333168000,-7.12,-17.33,¥13.48,周期性消费,102,0.0,0,0,0.0,-10000.0,-1200,0.0,0.0,1.0,28.43,16.84,22.42,-39.88,2020-12-31T05:00:00Z,{5_trade_sell},{trade_sell},2020Q4_1748249
300847,2020Q4_1748250,河北省邯郸市丛台区开发区世纪大街12号,光电材料及关联产品的研发、生产、销售；有机光导鼓、墨粉、鼓粉盒及零部件的研发、生产、销售；复印机、打印机、传真机、多功能一体机及其消耗材料和零部件的研发、生产、销售；精密设备相关业务；技术咨询服务；货物及技术进出口业务(国家限定公司经营和禁止进出口的商品及技术除外)；经营进料加工和“三来一补”业务。,张海君,邯郸市,公司是国内既能大规模生产墨粉又能大规模生产OPC鼓的企业，是国内打印复印静电成像耗材主要生产厂商之一。公司最早实现OPC鼓的国产化和产业化，通过了国家“863”计划重大项目“有机光导鼓产业化关键技术及发展研究”验收，同时也是早期实现墨粉国产化的企业之一。公司在耗材产业国产化的进程中发挥了重要的推动作用及引领作用，凸显了民族品牌的力量及价值。公司生产的墨粉产品和OPC鼓均被原科技部、环保部、商务部、国家质检总局四部委联合授予“国家重点新产品”证书。公司墨粉产品达到9大系列100多种，OPC鼓产品达到15大系列200多种，基本涵盖了市场的主流机型。,hgoazqb@hg-oa.com,"主营业务:打印复印静电成像耗材及成像设备的研发,生产和销售;主要产品:墨粉,OPC鼓,信息安全复印机,特种精密加工产品.",苏电礼,河北,29601.0,申其林,20000615,www.hg-oa.com,中船汉光,0,SZSE,SZSE,化工,10130,-,特种化学制品,10130020,4805562000,14.07,0.66,¥16.90,基础材料,101,0.0,0,0,0.0,-10000.0,-1400,0.0,0.0,1.0,25.69,15.11,19.84,-14.82,2020-12-31T05:00:00Z,{5_trade_sell},{trade_sell},2020Q4_1748250
688568,2020Q4_1748251,,,,,,,,,,,,,,中科星图,0,SHSE,SHSE,软件,31110,-,软件应用,31110020,13584171000,35.06,38.64,¥62.57,科技,311,0.0,0,0,0.0,-10000.0,-11000,0.0,0.0,1.0,64.19,41.48,54.97,13.83,2020-12-31T05:00:00Z,{5_trade_sell},{trade_sell},2020Q4_1748251
688377,2020Q4_1748252,,,,,,,,,,,,,,迪威尔,0,SHSE,SHSE,石油与天然气,30910,-,石油与天然气 - 设备与服务,30910060,3112972000,5.79,-14.69,¥15.61,能源,309,0.0,0,0,0.0,-10000.0,-7900,0.0,0.0,1.0,26.16,18.27,22.93,-31.92,2020-12-31T05:00:00Z,{5_trade_sell},{trade_sell},2020Q4_1748252
688027,2020Q4_1748253,,,,,,,,,,,,,,国盾量子,0,SHSE,SHSE,硬件,31120,-,通讯设备,31120010,15948426000,19.38,-14.67,¥200.97,科技,311,0.0,0,0,0.0,-10000.0,-2800,0.0,0.0,1.0,435.0,211.64,273.11,-26.41,2020-12-31T05:00:00Z,{5_trade_sell},{trade_sell},2020Q4_1748253
688189,2020Q4_1748236,广东省广州市萝岗区开源大道196号自编1-2栋,化学药品制剂、化学药品原料药、生物药品、化学试剂和助剂的制造及销售(不含危险化学品及监控品)；化工产品、药品、生物制品研发(不含危险化学品及监控品)；自营和代理各类商品及技术的进出口。(依法须经批准的项目，经相关部门批准后方可开展经营活动),杨文逊,长沙市,公司是一家以创新药研发为核心、以临床需求为导向，集药品研发、生产和销售于一体的创新型制药企业。公司坚持创新驱动，致力于重大疾病、突发性疾病新药和特效药的研究及产业化，如流感、肿瘤等，以更好地满足临床用药需求，服务于“健康中国”战略。通过在抗流感药物领域的精耕细作以及对抗流感药物创新研发的持续投入，公司已成为国内抗流感药物创新研发领域具备核心竞争优势的药企。公司在抗流感药物创新研发领域的布局，不仅丰富了公司抗流感药物产品线，更进一步巩固了公司在该领域的核心竞争力。公司创新药帕拉米韦氯化钠注射液开发项目获得国家“重大新药创制”科技专项支持，并成功入选国家“十二五”科技创新成就展，该产品已成为国家卫计委《流行性感冒诊疗方案(2018版)》的主要推荐药物之一，并列入国家应急产品目录，为近几年国家流感药物防控体系的成功构建及流感防控工作做出了积极贡献。,nanxin@nucien.com,"以创新药研发为核心,以临床需求为导向,集药品研发,生产和销售于一体的创新型制药企业.",张世喜,湖南,14000.0,黄俊迪,20061227,www.nucien.com,南新制药,0,SHSE,SHSE,生物科技,20610,-,生物科技,20610010,5577399000,7.72,-18.06,¥39.61,医疗保健,206,0.0,0,0,0.0,-10000.0,-6800,0.0,0.0,1.0,80.0,45.25,55.35,-28.44,2020-12-31T05:00:00Z,{5_trade_sell},{trade_sell},2020Q4_1748236
